[0/1] Planning build
Building for debugging...
[0/4] Write swift-version--58304C5D6DBC2206.txt
Build complete! (0.12s)
Test Suite 'Selected tests' started at 2026-08-27 20:10:04.809.
Test Suite 'HyperPackageTests.xctest' started at 2026-08-27 20:10:04.810.
Test Suite 'ClipStoreTests' started at 2026-08-27 20:10:04.810.
Test Case '-[HyperTests.ClipStoreTests testALaunchWindowRecopyKeepsTheDiskRecordsIdentity]' started.
Test Case '-[HyperTests.ClipStoreTests testALaunchWindowRecopyKeepsTheDiskRecordsIdentity]' passed (0.007 seconds).
Test Suite 'ClipStoreTests' passed at 2026-08-27 20:10:04.817.
	 Executed 1 test, with 0 failures (0 unexpected) in 0.007 (0.007) seconds
Test Suite 'HyperPackageTests.xctest' passed at 2026-08-27 20:10:04.817.
	 Executed 1 test, with 0 failures (0 unexpected) in 0.007 (0.007) seconds
Test Suite 'Selected tests' passed at 2026-08-27 20:10:04.817.
	 Executed 1 test, with 0 failures (0 unexpected) in 0.007 (0.008) seconds
◇ Test run started.
↳ Testing Library Version: 1501
↳ Target Platform: arm64e-apple-macos14.0
✔ Test run with 0 tests in 0 suites passed after 0.001 seconds.
Building for debugging...
[0/4] Write swift-version--58304C5D6DBC2206.txt
Build complete! (0.09s)
Test Suite 'Selected tests' started at 2026-08-27 20:10:05.372.
Test Suite 'HyperPackageTests.xctest' started at 2026-08-27 20:10:05.373.
Test Suite 'ClipboardPrivacyLifecycleTests' started at 2026-08-27 20:10:05.373.
Test Case '-[HyperTests.ClipboardPrivacyLifecycleTests testCopySourceSnapshotSurvivesSwitchingApplicationsBeforeCapture]' started.
Test Case '-[HyperTests.ClipboardPrivacyLifecycleTests testCopySourceSnapshotSurvivesSwitchingApplicationsBeforeCapture]' passed (0.014 seconds).
Test Suite 'ClipboardPrivacyLifecycleTests' passed at 2026-08-27 20:10:05.387.
	 Executed 1 test, with 0 failures (0 unexpected) in 0.014 (0.014) seconds
Test Suite 'HyperPackageTests.xctest' passed at 2026-08-27 20:10:05.387.
	 Executed 1 test, with 0 failures (0 unexpected) in 0.014 (0.014) seconds
Test Suite 'Selected tests' passed at 2026-08-27 20:10:05.387.
	 Executed 1 test, with 0 failures (0 unexpected) in 0.014 (0.015) seconds
◇ Test run started.
↳ Testing Library Version: 1501
↳ Target Platform: arm64e-apple-macos14.0
✔ Test run with 0 tests in 0 suites passed after 0.001 seconds.
Building for debugging...
[0/4] Write swift-version--58304C5D6DBC2206.txt
Build complete! (0.09s)
Test Suite 'Selected tests' started at 2026-08-27 20:10:22.996.
Test Suite 'HyperPackageTests.xctest' started at 2026-08-27 20:10:22.997.
Test Suite 'ClipStoreTests' started at 2026-08-27 20:10:22.997.
Test Case '-[HyperTests.ClipStoreTests testALaunchWindowRecopyKeepsTheDiskRecordsIdentity]' started.
Test Case '-[HyperTests.ClipStoreTests testALaunchWindowRecopyKeepsTheDiskRecordsIdentity]' passed (0.007 seconds).
Test Case '-[HyperTests.ClipStoreTests testANewCaptureDuringTheLaunchWindowJoinsTheLoadedHistory]' started.
Test Case '-[HyperTests.ClipStoreTests testANewCaptureDuringTheLaunchWindowJoinsTheLoadedHistory]' passed (0.003 seconds).
Test Case '-[HyperTests.ClipStoreTests testASecondDeleteMakesTheFirstOnePermanent]' started.
Test Case '-[HyperTests.ClipStoreTests testASecondDeleteMakesTheFirstOnePermanent]' passed (0.004 seconds).
Test Case '-[HyperTests.ClipStoreTests testBoundedDrainCommitsPayloadAndMatchingIndexSnapshot]' started.
Test Case '-[HyperTests.ClipStoreTests testBoundedDrainCommitsPayloadAndMatchingIndexSnapshot]' passed (0.004 seconds).
Test Case '-[HyperTests.ClipStoreTests testClearAllTakesPinnedEntriesToo]' started.
Test Case '-[HyperTests.ClipStoreTests testClearAllTakesPinnedEntriesToo]' passed (0.003 seconds).
Test Case '-[HyperTests.ClipStoreTests testClearingTheHistoryCannotBeUndoneInto]' started.
Test Case '-[HyperTests.ClipStoreTests testClearingTheHistoryCannotBeUndoneInto]' passed (0.002 seconds).
Test Case '-[HyperTests.ClipStoreTests testClearUnpinnedKeepsWhatWasDeliberatelyKept]' started.
Test Case '-[HyperTests.ClipStoreTests testClearUnpinnedKeepsWhatWasDeliberatelyKept]' passed (0.003 seconds).
Test Case '-[HyperTests.ClipStoreTests testContentTagIsDerivedOnCaptureAndReReadOnEdit]' started.
Test Case '-[HyperTests.ClipStoreTests testContentTagIsDerivedOnCaptureAndReReadOnEdit]' passed (0.038 seconds).
Test Case '-[HyperTests.ClipStoreTests testCorruptIndexIsMovedAsideAndPayloadsSurvive]' started.
Test Case '-[HyperTests.ClipStoreTests testCorruptIndexIsMovedAsideAndPayloadsSurvive]' passed (0.004 seconds).
Test Case '-[HyperTests.ClipStoreTests testCorruptIndexRestoresBackupRebuildsPayloadsAndQuarantinesGarbage]' started.
Test Case '-[HyperTests.ClipStoreTests testCorruptIndexRestoresBackupRebuildsPayloadsAndQuarantinesGarbage]' passed (0.007 seconds).
Test Case '-[HyperTests.ClipStoreTests testDeleteRemovesTheRecordAndEveryFileBehindIt]' started.
Test Case '-[HyperTests.ClipStoreTests testDeleteRemovesTheRecordAndEveryFileBehindIt]' passed (0.003 seconds).
Test Case '-[HyperTests.ClipStoreTests testDeletingSomethingAbsentIsHarmless]' started.
Test Case '-[HyperTests.ClipStoreTests testDeletingSomethingAbsentIsHarmless]' passed (0.002 seconds).
Test Case '-[HyperTests.ClipStoreTests testEditedDigestStopsTheOldTextFromReviningTheRow]' started.
Test Case '-[HyperTests.ClipStoreTests testEditedDigestStopsTheOldTextFromReviningTheRow]' passed (0.003 seconds).
Test Case '-[HyperTests.ClipStoreTests testFlushingBeforeTheIndexLoadsLeavesTheHistoryOnDisk]' started.
Test Case '-[HyperTests.ClipStoreTests testFlushingBeforeTheIndexLoadsLeavesTheHistoryOnDisk]' passed (0.001 seconds).
Test Case '-[HyperTests.ClipStoreTests testGenerationAdvancesOnEveryChange]' started.
Test Case '-[HyperTests.ClipStoreTests testGenerationAdvancesOnEveryChange]' passed (0.002 seconds).
Test Case '-[HyperTests.ClipStoreTests testInsertWritesTheRecordItsPayloadAndItsSearchText]' started.
Test Case '-[HyperTests.ClipStoreTests testInsertWritesTheRecordItsPayloadAndItsSearchText]' passed (0.003 seconds).
Test Case '-[HyperTests.ClipStoreTests testMovePinnedRewritesTheBandAndLeavesTheRestAlone]' started.
Test Case '-[HyperTests.ClipStoreTests testMovePinnedRewritesTheBandAndLeavesTheRestAlone]' passed (0.002 seconds).
Test Case '-[HyperTests.ClipStoreTests testNewerBackupWinsOverDecodableStalePrimaryAndSparesItsPayload]' started.
Test Case '-[HyperTests.ClipStoreTests testNewerBackupWinsOverDecodableStalePrimaryAndSparesItsPayload]' passed (0.006 seconds).
Test Case '-[HyperTests.ClipStoreTests testOlderPinnedEntriesAreGivenRanksOnLoad]' started.
Test Case '-[HyperTests.ClipStoreTests testOlderPinnedEntriesAreGivenRanksOnLoad]' passed (0.002 seconds).
Test Case '-[HyperTests.ClipStoreTests testOversizedEntryKeepsItsMetadataButWritesNoPayload]' started.
Test Case '-[HyperTests.ClipStoreTests testOversizedEntryKeepsItsMetadataButWritesNoPayload]' passed (0.002 seconds).
Test Case '-[HyperTests.ClipStoreTests testPanelDeleteKeepsTheFilesUntilTheBatchIsCommitted]' started.
Test Case '-[HyperTests.ClipStoreTests testPanelDeleteKeepsTheFilesUntilTheBatchIsCommitted]' passed (0.004 seconds).
Test Case '-[HyperTests.ClipStoreTests testPayloadWriteFailureFailsDrainAndDoesNotCommitAShellRecord]' started.
Test Case '-[HyperTests.ClipStoreTests testPayloadWriteFailureFailsDrainAndDoesNotCommitAShellRecord]' passed (0.005 seconds).
Test Case '-[HyperTests.ClipStoreTests testPinningRanksTheBandInTheOrderRowsWerePinned]' started.
Test Case '-[HyperTests.ClipStoreTests testPinningRanksTheBandInTheOrderRowsWerePinned]' passed (0.002 seconds).
Test Case '-[HyperTests.ClipStoreTests testReconcileOrphansRemovesFilesWithNoRecord]' started.
Test Case '-[HyperTests.ClipStoreTests testReconcileOrphansRemovesFilesWithNoRecord]' passed (0.003 seconds).
Test Case '-[HyperTests.ClipStoreTests testReconcileOrphansSparesAPendingDeletionsFiles]' started.
Test Case '-[HyperTests.ClipStoreTests testReconcileOrphansSparesAPendingDeletionsFiles]' passed (0.004 seconds).
Test Case '-[HyperTests.ClipStoreTests testRecopyBumpsToTheTopInsteadOfDuplicating]' started.
Test Case '-[HyperTests.ClipStoreTests testRecopyBumpsToTheTopInsteadOfDuplicating]' passed (0.002 seconds).
Test Case '-[HyperTests.ClipStoreTests testRecopyPreservesPinnedStateAndSource]' started.
Test Case '-[HyperTests.ClipStoreTests testRecopyPreservesPinnedStateAndSource]' passed (0.002 seconds).
Test Case '-[HyperTests.ClipStoreTests testRecordsAreNotVisibleUntilTheIndexLoads]' started.
Test Case '-[HyperTests.ClipStoreTests testRecordsAreNotVisibleUntilTheIndexLoads]' passed (0.002 seconds).
Test Case '-[HyperTests.ClipStoreTests testRecoveryTombstonePreventsPendingDeletionFromBeingResurrected]' started.
Test Case '-[HyperTests.ClipStoreTests testRecoveryTombstonePreventsPendingDeletionFromBeingResurrected]' passed (0.005 seconds).
Test Case '-[HyperTests.ClipStoreTests testRecoveryWithoutBackupSynchronouslySolidifiesBothIndexes]' started.
Test Case '-[HyperTests.ClipStoreTests testRecoveryWithoutBackupSynchronouslySolidifiesBothIndexes]' passed (0.003 seconds).
Test Case '-[HyperTests.ClipStoreTests testRestartAfterUniqueIndexWasQuarantinedBeforeReplacementRecoversPayload]' started.
Test Case '-[HyperTests.ClipStoreTests testRestartAfterUniqueIndexWasQuarantinedBeforeReplacementRecoversPayload]' passed (0.003 seconds).
Test Case '-[HyperTests.ClipStoreTests testSearchFiltersByTermKindAndPin]' started.
Test Case '-[HyperTests.ClipStoreTests testSearchFiltersByTermKindAndPin]' passed (0.002 seconds).
Test Case '-[HyperTests.ClipStoreTests testSearchIndexIsBackfilledFromPayloadsInTheBackground]' started.
Test Case '-[HyperTests.ClipStoreTests testSearchIndexIsBackfilledFromPayloadsInTheBackground]' passed (0.002 seconds).
Test Case '-[HyperTests.ClipStoreTests testSearchSnapshotCarriesBothHalves]' started.
Test Case '-[HyperTests.ClipStoreTests testSearchSnapshotCarriesBothHalves]' passed (0.002 seconds).
Test Case '-[HyperTests.ClipStoreTests testSweepDoesNothingWhenNothingIsOverTheLimits]' started.
Test Case '-[HyperTests.ClipStoreTests testSweepDoesNothingWhenNothingIsOverTheLimits]' passed (0.002 seconds).
Test Case '-[HyperTests.ClipStoreTests testSweepEvictsByAgeAndExemptsPinned]' started.
Test Case '-[HyperTests.ClipStoreTests testSweepEvictsByAgeAndExemptsPinned]' passed (0.002 seconds).
Test Case '-[HyperTests.ClipStoreTests testSweepEvictsTheOldestOverTheCountCap]' started.
Test Case '-[HyperTests.ClipStoreTests testSweepEvictsTheOldestOverTheCountCap]' passed (0.002 seconds).
Test Case '-[HyperTests.ClipStoreTests testSweepReportsWhatItEvicted]' started.
Test Case '-[HyperTests.ClipStoreTests testSweepReportsWhatItEvicted]' passed (0.002 seconds).
Test Case '-[HyperTests.ClipStoreTests testTenThousandInsertThenImmediateEditsNeverLoseTheEditedPayload]' started.
Test Case '-[HyperTests.ClipStoreTests testTenThousandInsertThenImmediateEditsNeverLoseTheEditedPayload]' passed (22.206 seconds).
Test Case '-[HyperTests.ClipStoreTests testTimedOutDrainCannotLaterCommitItsCancelledSnapshot]' started.
Test Case '-[HyperTests.ClipStoreTests testTimedOutDrainCannotLaterCommitItsCancelledSnapshot]' passed (0.018 seconds).
Test Case '-[HyperTests.ClipStoreTests testTogglePinMovesTheRowAndBackAgain]' started.
Test Case '-[HyperTests.ClipStoreTests testTogglePinMovesTheRowAndBackAgain]' passed (0.002 seconds).
Test Case '-[HyperTests.ClipStoreTests testUndoPutsADeletedBatchBackInItsPlace]' started.
Test Case '-[HyperTests.ClipStoreTests testUndoPutsADeletedBatchBackInItsPlace]' passed (0.005 seconds).
Test Case '-[HyperTests.ClipStoreTests testUndoRenumbersTheBandRatherThanRestoringAClashingRank]' started.
Test Case '-[HyperTests.ClipStoreTests testUndoRenumbersTheBandRatherThanRestoringAClashingRank]' passed (0.005 seconds).
Test Case '-[HyperTests.ClipStoreTests testUpdateTextClearsTheOversizedFlag]' started.
Test Case '-[HyperTests.ClipStoreTests testUpdateTextClearsTheOversizedFlag]' passed (0.002 seconds).
Test Case '-[HyperTests.ClipStoreTests testUpdateTextOnAnUnknownIDDoesNothing]' started.
Test Case '-[HyperTests.ClipStoreTests testUpdateTextOnAnUnknownIDDoesNothing]' passed (0.001 seconds).
Test Case '-[HyperTests.ClipStoreTests testUpdateTextRefreshesEverythingDerivedFromThePayload]' started.
Test Case '-[HyperTests.ClipStoreTests testUpdateTextRefreshesEverythingDerivedFromThePayload]' passed (0.003 seconds).
Test Suite 'ClipStoreTests' passed at 2026-08-27 20:10:45.391.
	 Executed 46 tests, with 0 failures (0 unexpected) in 22.392 (22.395) seconds
Test Suite 'HyperPackageTests.xctest' passed at 2026-08-27 20:10:45.391.
	 Executed 46 tests, with 0 failures (0 unexpected) in 22.392 (22.395) seconds
Test Suite 'Selected tests' passed at 2026-08-27 20:10:45.391.
	 Executed 46 tests, with 0 failures (0 unexpected) in 22.392 (22.396) seconds
◇ Test run started.
↳ Testing Library Version: 1501
↳ Target Platform: arm64e-apple-macos14.0
✔ Test run with 0 tests in 0 suites passed after 0.001 seconds.

=== privacy iteration 1 ===
[0/1] Planning build
Test Suite 'Selected tests' started at 2026-08-27 20:11:51.451.
Test Suite 'HyperPackageTests.xctest' started at 2026-08-27 20:11:51.452.
Test Suite 'ClipboardPrivacyLifecycleTests' started at 2026-08-27 20:11:51.452.
Test Case '-[HyperTests.ClipboardPrivacyLifecycleTests testCopySourceSnapshotSurvivesSwitchingApplicationsBeforeCapture]' started.
Test Case '-[HyperTests.ClipboardPrivacyLifecycleTests testCopySourceSnapshotSurvivesSwitchingApplicationsBeforeCapture]' passed (0.014 seconds).
Test Case '-[HyperTests.ClipboardPrivacyLifecycleTests testGlobalPauseWritesNothingAndResumeDoesNotBackfillPausedContent]' started.
Test Case '-[HyperTests.ClipboardPrivacyLifecycleTests testGlobalPauseWritesNothingAndResumeDoesNotBackfillPausedContent]' passed (0.009 seconds).
Test Case '-[HyperTests.ClipboardPrivacyLifecycleTests testIgnoredCopySourceCannotLeakAcrossOneHundredImmediateAppSwitches]' started.
Test Case '-[HyperTests.ClipboardPrivacyLifecycleTests testIgnoredCopySourceCannotLeakAcrossOneHundredImmediateAppSwitches]' passed (0.010 seconds).
Test Case '-[HyperTests.ClipboardPrivacyLifecycleTests testIgnoreTextOnlyAndNoImagesRulesAreEnforcedAtCapture]' started.
Test Case '-[HyperTests.ClipboardPrivacyLifecycleTests testIgnoreTextOnlyAndNoImagesRulesAreEnforcedAtCapture]' passed (0.016 seconds).
Test Case '-[HyperTests.ClipboardPrivacyLifecycleTests testPendingSourceIsNotBorrowedByANewUnkeyedChange]' started.
Test Case '-[HyperTests.ClipboardPrivacyLifecycleTests testPendingSourceIsNotBorrowedByANewUnkeyedChange]' passed (0.002 seconds).
Test Case '-[HyperTests.ClipboardPrivacyLifecycleTests testPendingSourceRequiresExactNextChangeCountAndShortWindow]' started.
Test Case '-[HyperTests.ClipboardPrivacyLifecycleTests testPendingSourceRequiresExactNextChangeCountAndShortWindow]' passed (0.002 seconds).
Test Case '-[HyperTests.ClipboardPrivacyLifecycleTests testShutdownQueueAndStoreShareOneHardTimeoutBudget]' started.
Test Case '-[HyperTests.ClipboardPrivacyLifecycleTests testShutdownQueueAndStoreShareOneHardTimeoutBudget]' passed (0.036 seconds).
Test Case '-[HyperTests.ClipboardPrivacyLifecycleTests testShutdownReportsIncompleteDrainWithoutRetryingForever]' started.
Test Case '-[HyperTests.ClipboardPrivacyLifecycleTests testShutdownReportsIncompleteDrainWithoutRetryingForever]' passed (0.002 seconds).
Test Case '-[HyperTests.ClipboardPrivacyLifecycleTests testShutdownReportsSuccessfulBoundedStoreDrain]' started.
Test Case '-[HyperTests.ClipboardPrivacyLifecycleTests testShutdownReportsSuccessfulBoundedStoreDrain]' passed (0.002 seconds).
Test Case '-[HyperTests.ClipboardPrivacyLifecycleTests testShutdownUsesRealStoreDrainAndReturnsOnlyAfterIndexIsDurable]' started.
Test Case '-[HyperTests.ClipboardPrivacyLifecycleTests testShutdownUsesRealStoreDrainAndReturnsOnlyAfterIndexIsDurable]' passed (0.009 seconds).
Test Case '-[HyperTests.ClipboardPrivacyLifecycleTests testStaleAllowedAndIgnoredSourcesNeverCrossApplicationBoundaryForOneHundredRounds]' started.
Test Case '-[HyperTests.ClipboardPrivacyLifecycleTests testStaleAllowedAndIgnoredSourcesNeverCrossApplicationBoundaryForOneHundredRounds]' passed (0.023 seconds).
Test Case '-[HyperTests.ClipboardPrivacyLifecycleTests testUnknownPollingSourceIsStoredWithoutFalseAttributionWhenNoRulesExist]' started.
Test Case '-[HyperTests.ClipboardPrivacyLifecycleTests testUnknownPollingSourceIsStoredWithoutFalseAttributionWhenNoRulesExist]' passed (0.009 seconds).
Test Case '-[HyperTests.ClipboardPrivacyLifecycleTests testUnknownPollingSourceUsesMostRestrictiveConfiguredRule]' started.
Test Case '-[HyperTests.ClipboardPrivacyLifecycleTests testUnknownPollingSourceUsesMostRestrictiveConfiguredRule]' passed (0.003 seconds).
Test Suite 'ClipboardPrivacyLifecycleTests' passed at 2026-08-27 20:11:51.592.
	 Executed 13 tests, with 0 failures (0 unexpected) in 0.139 (0.140) seconds
Test Suite 'HyperPackageTests.xctest' passed at 2026-08-27 20:11:51.592.
	 Executed 13 tests, with 0 failures (0 unexpected) in 0.139 (0.140) seconds
Test Suite 'Selected tests' passed at 2026-08-27 20:11:51.592.
	 Executed 13 tests, with 0 failures (0 unexpected) in 0.139 (0.141) seconds
◇ Test run started.
↳ Testing Library Version: 1501
↳ Target Platform: arm64e-apple-macos14.0
✔ Test run with 0 tests in 0 suites passed after 0.001 seconds.

=== privacy iteration 2 ===
Test Suite 'Selected tests' started at 2026-08-27 20:11:52.037.
Test Suite 'HyperPackageTests.xctest' started at 2026-08-27 20:11:52.038.
Test Suite 'ClipboardPrivacyLifecycleTests' started at 2026-08-27 20:11:52.038.
Test Case '-[HyperTests.ClipboardPrivacyLifecycleTests testCopySourceSnapshotSurvivesSwitchingApplicationsBeforeCapture]' started.
Test Case '-[HyperTests.ClipboardPrivacyLifecycleTests testCopySourceSnapshotSurvivesSwitchingApplicationsBeforeCapture]' passed (0.012 seconds).
Test Case '-[HyperTests.ClipboardPrivacyLifecycleTests testGlobalPauseWritesNothingAndResumeDoesNotBackfillPausedContent]' started.
Test Case '-[HyperTests.ClipboardPrivacyLifecycleTests testGlobalPauseWritesNothingAndResumeDoesNotBackfillPausedContent]' passed (0.009 seconds).
Test Case '-[HyperTests.ClipboardPrivacyLifecycleTests testIgnoredCopySourceCannotLeakAcrossOneHundredImmediateAppSwitches]' started.
Test Case '-[HyperTests.ClipboardPrivacyLifecycleTests testIgnoredCopySourceCannotLeakAcrossOneHundredImmediateAppSwitches]' passed (0.011 seconds).
Test Case '-[HyperTests.ClipboardPrivacyLifecycleTests testIgnoreTextOnlyAndNoImagesRulesAreEnforcedAtCapture]' started.
Test Case '-[HyperTests.ClipboardPrivacyLifecycleTests testIgnoreTextOnlyAndNoImagesRulesAreEnforcedAtCapture]' passed (0.015 seconds).
Test Case '-[HyperTests.ClipboardPrivacyLifecycleTests testPendingSourceIsNotBorrowedByANewUnkeyedChange]' started.
Test Case '-[HyperTests.ClipboardPrivacyLifecycleTests testPendingSourceIsNotBorrowedByANewUnkeyedChange]' passed (0.002 seconds).
Test Case '-[HyperTests.ClipboardPrivacyLifecycleTests testPendingSourceRequiresExactNextChangeCountAndShortWindow]' started.
Test Case '-[HyperTests.ClipboardPrivacyLifecycleTests testPendingSourceRequiresExactNextChangeCountAndShortWindow]' passed (0.002 seconds).
Test Case '-[HyperTests.ClipboardPrivacyLifecycleTests testShutdownQueueAndStoreShareOneHardTimeoutBudget]' started.
Test Case '-[HyperTests.ClipboardPrivacyLifecycleTests testShutdownQueueAndStoreShareOneHardTimeoutBudget]' passed (0.038 seconds).
Test Case '-[HyperTests.ClipboardPrivacyLifecycleTests testShutdownReportsIncompleteDrainWithoutRetryingForever]' started.
Test Case '-[HyperTests.ClipboardPrivacyLifecycleTests testShutdownReportsIncompleteDrainWithoutRetryingForever]' passed (0.002 seconds).
Test Case '-[HyperTests.ClipboardPrivacyLifecycleTests testShutdownReportsSuccessfulBoundedStoreDrain]' started.
Test Case '-[HyperTests.ClipboardPrivacyLifecycleTests testShutdownReportsSuccessfulBoundedStoreDrain]' passed (0.002 seconds).
Test Case '-[HyperTests.ClipboardPrivacyLifecycleTests testShutdownUsesRealStoreDrainAndReturnsOnlyAfterIndexIsDurable]' started.
Test Case '-[HyperTests.ClipboardPrivacyLifecycleTests testShutdownUsesRealStoreDrainAndReturnsOnlyAfterIndexIsDurable]' passed (0.009 seconds).
Test Case '-[HyperTests.ClipboardPrivacyLifecycleTests testStaleAllowedAndIgnoredSourcesNeverCrossApplicationBoundaryForOneHundredRounds]' started.
Test Case '-[HyperTests.ClipboardPrivacyLifecycleTests testStaleAllowedAndIgnoredSourcesNeverCrossApplicationBoundaryForOneHundredRounds]' passed (0.022 seconds).
Test Case '-[HyperTests.ClipboardPrivacyLifecycleTests testUnknownPollingSourceIsStoredWithoutFalseAttributionWhenNoRulesExist]' started.
Test Case '-[HyperTests.ClipboardPrivacyLifecycleTests testUnknownPollingSourceIsStoredWithoutFalseAttributionWhenNoRulesExist]' passed (0.009 seconds).
Test Case '-[HyperTests.ClipboardPrivacyLifecycleTests testUnknownPollingSourceUsesMostRestrictiveConfiguredRule]' started.
Test Case '-[HyperTests.ClipboardPrivacyLifecycleTests testUnknownPollingSourceUsesMostRestrictiveConfiguredRule]' passed (0.003 seconds).
Test Suite 'ClipboardPrivacyLifecycleTests' passed at 2026-08-27 20:11:52.175.
	 Executed 13 tests, with 0 failures (0 unexpected) in 0.136 (0.137) seconds
Test Suite 'HyperPackageTests.xctest' passed at 2026-08-27 20:11:52.175.
	 Executed 13 tests, with 0 failures (0 unexpected) in 0.136 (0.137) seconds
Test Suite 'Selected tests' passed at 2026-08-27 20:11:52.175.
	 Executed 13 tests, with 0 failures (0 unexpected) in 0.136 (0.138) seconds
◇ Test run started.
↳ Testing Library Version: 1501
↳ Target Platform: arm64e-apple-macos14.0
✔ Test run with 0 tests in 0 suites passed after 0.001 seconds.

=== privacy iteration 3 ===
Test Suite 'Selected tests' started at 2026-08-27 20:11:52.622.
Test Suite 'HyperPackageTests.xctest' started at 2026-08-27 20:11:52.623.
Test Suite 'ClipboardPrivacyLifecycleTests' started at 2026-08-27 20:11:52.623.
Test Case '-[HyperTests.ClipboardPrivacyLifecycleTests testCopySourceSnapshotSurvivesSwitchingApplicationsBeforeCapture]' started.
Test Case '-[HyperTests.ClipboardPrivacyLifecycleTests testCopySourceSnapshotSurvivesSwitchingApplicationsBeforeCapture]' passed (0.013 seconds).
Test Case '-[HyperTests.ClipboardPrivacyLifecycleTests testGlobalPauseWritesNothingAndResumeDoesNotBackfillPausedContent]' started.
Test Case '-[HyperTests.ClipboardPrivacyLifecycleTests testGlobalPauseWritesNothingAndResumeDoesNotBackfillPausedContent]' passed (0.009 seconds).
Test Case '-[HyperTests.ClipboardPrivacyLifecycleTests testIgnoredCopySourceCannotLeakAcrossOneHundredImmediateAppSwitches]' started.
Test Case '-[HyperTests.ClipboardPrivacyLifecycleTests testIgnoredCopySourceCannotLeakAcrossOneHundredImmediateAppSwitches]' passed (0.011 seconds).
Test Case '-[HyperTests.ClipboardPrivacyLifecycleTests testIgnoreTextOnlyAndNoImagesRulesAreEnforcedAtCapture]' started.
Test Case '-[HyperTests.ClipboardPrivacyLifecycleTests testIgnoreTextOnlyAndNoImagesRulesAreEnforcedAtCapture]' passed (0.015 seconds).
Test Case '-[HyperTests.ClipboardPrivacyLifecycleTests testPendingSourceIsNotBorrowedByANewUnkeyedChange]' started.
Test Case '-[HyperTests.ClipboardPrivacyLifecycleTests testPendingSourceIsNotBorrowedByANewUnkeyedChange]' passed (0.002 seconds).
Test Case '-[HyperTests.ClipboardPrivacyLifecycleTests testPendingSourceRequiresExactNextChangeCountAndShortWindow]' started.
Test Case '-[HyperTests.ClipboardPrivacyLifecycleTests testPendingSourceRequiresExactNextChangeCountAndShortWindow]' passed (0.002 seconds).
Test Case '-[HyperTests.ClipboardPrivacyLifecycleTests testShutdownQueueAndStoreShareOneHardTimeoutBudget]' started.
Test Case '-[HyperTests.ClipboardPrivacyLifecycleTests testShutdownQueueAndStoreShareOneHardTimeoutBudget]' passed (0.033 seconds).
Test Case '-[HyperTests.ClipboardPrivacyLifecycleTests testShutdownReportsIncompleteDrainWithoutRetryingForever]' started.
Test Case '-[HyperTests.ClipboardPrivacyLifecycleTests testShutdownReportsIncompleteDrainWithoutRetryingForever]' passed (0.002 seconds).
Test Case '-[HyperTests.ClipboardPrivacyLifecycleTests testShutdownReportsSuccessfulBoundedStoreDrain]' started.
Test Case '-[HyperTests.ClipboardPrivacyLifecycleTests testShutdownReportsSuccessfulBoundedStoreDrain]' passed (0.002 seconds).
Test Case '-[HyperTests.ClipboardPrivacyLifecycleTests testShutdownUsesRealStoreDrainAndReturnsOnlyAfterIndexIsDurable]' started.
Test Case '-[HyperTests.ClipboardPrivacyLifecycleTests testShutdownUsesRealStoreDrainAndReturnsOnlyAfterIndexIsDurable]' passed (0.009 seconds).
Test Case '-[HyperTests.ClipboardPrivacyLifecycleTests testStaleAllowedAndIgnoredSourcesNeverCrossApplicationBoundaryForOneHundredRounds]' started.
Test Case '-[HyperTests.ClipboardPrivacyLifecycleTests testStaleAllowedAndIgnoredSourcesNeverCrossApplicationBoundaryForOneHundredRounds]' passed (0.020 seconds).
Test Case '-[HyperTests.ClipboardPrivacyLifecycleTests testUnknownPollingSourceIsStoredWithoutFalseAttributionWhenNoRulesExist]' started.
Test Case '-[HyperTests.ClipboardPrivacyLifecycleTests testUnknownPollingSourceIsStoredWithoutFalseAttributionWhenNoRulesExist]' passed (0.009 seconds).
Test Case '-[HyperTests.ClipboardPrivacyLifecycleTests testUnknownPollingSourceUsesMostRestrictiveConfiguredRule]' started.
Test Case '-[HyperTests.ClipboardPrivacyLifecycleTests testUnknownPollingSourceUsesMostRestrictiveConfiguredRule]' passed (0.003 seconds).
Test Suite 'ClipboardPrivacyLifecycleTests' passed at 2026-08-27 20:11:52.753.
	 Executed 13 tests, with 0 failures (0 unexpected) in 0.130 (0.131) seconds
Test Suite 'HyperPackageTests.xctest' passed at 2026-08-27 20:11:52.753.
	 Executed 13 tests, with 0 failures (0 unexpected) in 0.130 (0.131) seconds
Test Suite 'Selected tests' passed at 2026-08-27 20:11:52.753.
	 Executed 13 tests, with 0 failures (0 unexpected) in 0.130 (0.132) seconds
◇ Test run started.
↳ Testing Library Version: 1501
↳ Target Platform: arm64e-apple-macos14.0
✔ Test run with 0 tests in 0 suites passed after 0.001 seconds.

=== privacy iteration 4 ===
Test Suite 'Selected tests' started at 2026-08-27 20:11:53.202.
Test Suite 'HyperPackageTests.xctest' started at 2026-08-27 20:11:53.203.
Test Suite 'ClipboardPrivacyLifecycleTests' started at 2026-08-27 20:11:53.203.
Test Case '-[HyperTests.ClipboardPrivacyLifecycleTests testCopySourceSnapshotSurvivesSwitchingApplicationsBeforeCapture]' started.
Test Case '-[HyperTests.ClipboardPrivacyLifecycleTests testCopySourceSnapshotSurvivesSwitchingApplicationsBeforeCapture]' passed (0.012 seconds).
Test Case '-[HyperTests.ClipboardPrivacyLifecycleTests testGlobalPauseWritesNothingAndResumeDoesNotBackfillPausedContent]' started.
Test Case '-[HyperTests.ClipboardPrivacyLifecycleTests testGlobalPauseWritesNothingAndResumeDoesNotBackfillPausedContent]' passed (0.009 seconds).
Test Case '-[HyperTests.ClipboardPrivacyLifecycleTests testIgnoredCopySourceCannotLeakAcrossOneHundredImmediateAppSwitches]' started.
Test Case '-[HyperTests.ClipboardPrivacyLifecycleTests testIgnoredCopySourceCannotLeakAcrossOneHundredImmediateAppSwitches]' passed (0.010 seconds).
Test Case '-[HyperTests.ClipboardPrivacyLifecycleTests testIgnoreTextOnlyAndNoImagesRulesAreEnforcedAtCapture]' started.
Test Case '-[HyperTests.ClipboardPrivacyLifecycleTests testIgnoreTextOnlyAndNoImagesRulesAreEnforcedAtCapture]' passed (0.015 seconds).
Test Case '-[HyperTests.ClipboardPrivacyLifecycleTests testPendingSourceIsNotBorrowedByANewUnkeyedChange]' started.
Test Case '-[HyperTests.ClipboardPrivacyLifecycleTests testPendingSourceIsNotBorrowedByANewUnkeyedChange]' passed (0.002 seconds).
Test Case '-[HyperTests.ClipboardPrivacyLifecycleTests testPendingSourceRequiresExactNextChangeCountAndShortWindow]' started.
Test Case '-[HyperTests.ClipboardPrivacyLifecycleTests testPendingSourceRequiresExactNextChangeCountAndShortWindow]' passed (0.002 seconds).
Test Case '-[HyperTests.ClipboardPrivacyLifecycleTests testShutdownQueueAndStoreShareOneHardTimeoutBudget]' started.
Test Case '-[HyperTests.ClipboardPrivacyLifecycleTests testShutdownQueueAndStoreShareOneHardTimeoutBudget]' passed (0.037 seconds).
Test Case '-[HyperTests.ClipboardPrivacyLifecycleTests testShutdownReportsIncompleteDrainWithoutRetryingForever]' started.
Test Case '-[HyperTests.ClipboardPrivacyLifecycleTests testShutdownReportsIncompleteDrainWithoutRetryingForever]' passed (0.002 seconds).
Test Case '-[HyperTests.ClipboardPrivacyLifecycleTests testShutdownReportsSuccessfulBoundedStoreDrain]' started.
Test Case '-[HyperTests.ClipboardPrivacyLifecycleTests testShutdownReportsSuccessfulBoundedStoreDrain]' passed (0.002 seconds).
Test Case '-[HyperTests.ClipboardPrivacyLifecycleTests testShutdownUsesRealStoreDrainAndReturnsOnlyAfterIndexIsDurable]' started.
Test Case '-[HyperTests.ClipboardPrivacyLifecycleTests testShutdownUsesRealStoreDrainAndReturnsOnlyAfterIndexIsDurable]' passed (0.009 seconds).
Test Case '-[HyperTests.ClipboardPrivacyLifecycleTests testStaleAllowedAndIgnoredSourcesNeverCrossApplicationBoundaryForOneHundredRounds]' started.
Test Case '-[HyperTests.ClipboardPrivacyLifecycleTests testStaleAllowedAndIgnoredSourcesNeverCrossApplicationBoundaryForOneHundredRounds]' passed (0.020 seconds).
Test Case '-[HyperTests.ClipboardPrivacyLifecycleTests testUnknownPollingSourceIsStoredWithoutFalseAttributionWhenNoRulesExist]' started.
Test Case '-[HyperTests.ClipboardPrivacyLifecycleTests testUnknownPollingSourceIsStoredWithoutFalseAttributionWhenNoRulesExist]' passed (0.009 seconds).
Test Case '-[HyperTests.ClipboardPrivacyLifecycleTests testUnknownPollingSourceUsesMostRestrictiveConfiguredRule]' started.
Test Case '-[HyperTests.ClipboardPrivacyLifecycleTests testUnknownPollingSourceUsesMostRestrictiveConfiguredRule]' passed (0.003 seconds).
Test Suite 'ClipboardPrivacyLifecycleTests' passed at 2026-08-27 20:11:53.337.
	 Executed 13 tests, with 0 failures (0 unexpected) in 0.133 (0.134) seconds
Test Suite 'HyperPackageTests.xctest' passed at 2026-08-27 20:11:53.338.
	 Executed 13 tests, with 0 failures (0 unexpected) in 0.133 (0.134) seconds
Test Suite 'Selected tests' passed at 2026-08-27 20:11:53.338.
	 Executed 13 tests, with 0 failures (0 unexpected) in 0.133 (0.135) seconds
◇ Test run started.
↳ Testing Library Version: 1501
↳ Target Platform: arm64e-apple-macos14.0
✔ Test run with 0 tests in 0 suites passed after 0.001 seconds.

=== privacy iteration 5 ===
Test Suite 'Selected tests' started at 2026-08-27 20:11:53.783.
Test Suite 'HyperPackageTests.xctest' started at 2026-08-27 20:11:53.784.
Test Suite 'ClipboardPrivacyLifecycleTests' started at 2026-08-27 20:11:53.784.
Test Case '-[HyperTests.ClipboardPrivacyLifecycleTests testCopySourceSnapshotSurvivesSwitchingApplicationsBeforeCapture]' started.
Test Case '-[HyperTests.ClipboardPrivacyLifecycleTests testCopySourceSnapshotSurvivesSwitchingApplicationsBeforeCapture]' passed (0.012 seconds).
Test Case '-[HyperTests.ClipboardPrivacyLifecycleTests testGlobalPauseWritesNothingAndResumeDoesNotBackfillPausedContent]' started.
Test Case '-[HyperTests.ClipboardPrivacyLifecycleTests testGlobalPauseWritesNothingAndResumeDoesNotBackfillPausedContent]' passed (0.009 seconds).
Test Case '-[HyperTests.ClipboardPrivacyLifecycleTests testIgnoredCopySourceCannotLeakAcrossOneHundredImmediateAppSwitches]' started.
Test Case '-[HyperTests.ClipboardPrivacyLifecycleTests testIgnoredCopySourceCannotLeakAcrossOneHundredImmediateAppSwitches]' passed (0.011 seconds).
Test Case '-[HyperTests.ClipboardPrivacyLifecycleTests testIgnoreTextOnlyAndNoImagesRulesAreEnforcedAtCapture]' started.
Test Case '-[HyperTests.ClipboardPrivacyLifecycleTests testIgnoreTextOnlyAndNoImagesRulesAreEnforcedAtCapture]' passed (0.016 seconds).
Test Case '-[HyperTests.ClipboardPrivacyLifecycleTests testPendingSourceIsNotBorrowedByANewUnkeyedChange]' started.
Test Case '-[HyperTests.ClipboardPrivacyLifecycleTests testPendingSourceIsNotBorrowedByANewUnkeyedChange]' passed (0.002 seconds).
Test Case '-[HyperTests.ClipboardPrivacyLifecycleTests testPendingSourceRequiresExactNextChangeCountAndShortWindow]' started.
Test Case '-[HyperTests.ClipboardPrivacyLifecycleTests testPendingSourceRequiresExactNextChangeCountAndShortWindow]' passed (0.002 seconds).
Test Case '-[HyperTests.ClipboardPrivacyLifecycleTests testShutdownQueueAndStoreShareOneHardTimeoutBudget]' started.
Test Case '-[HyperTests.ClipboardPrivacyLifecycleTests testShutdownQueueAndStoreShareOneHardTimeoutBudget]' passed (0.037 seconds).
Test Case '-[HyperTests.ClipboardPrivacyLifecycleTests testShutdownReportsIncompleteDrainWithoutRetryingForever]' started.
Test Case '-[HyperTests.ClipboardPrivacyLifecycleTests testShutdownReportsIncompleteDrainWithoutRetryingForever]' passed (0.002 seconds).
Test Case '-[HyperTests.ClipboardPrivacyLifecycleTests testShutdownReportsSuccessfulBoundedStoreDrain]' started.
Test Case '-[HyperTests.ClipboardPrivacyLifecycleTests testShutdownReportsSuccessfulBoundedStoreDrain]' passed (0.002 seconds).
Test Case '-[HyperTests.ClipboardPrivacyLifecycleTests testShutdownUsesRealStoreDrainAndReturnsOnlyAfterIndexIsDurable]' started.
Test Case '-[HyperTests.ClipboardPrivacyLifecycleTests testShutdownUsesRealStoreDrainAndReturnsOnlyAfterIndexIsDurable]' passed (0.010 seconds).
Test Case '-[HyperTests.ClipboardPrivacyLifecycleTests testStaleAllowedAndIgnoredSourcesNeverCrossApplicationBoundaryForOneHundredRounds]' started.
Test Case '-[HyperTests.ClipboardPrivacyLifecycleTests testStaleAllowedAndIgnoredSourcesNeverCrossApplicationBoundaryForOneHundredRounds]' passed (0.022 seconds).
Test Case '-[HyperTests.ClipboardPrivacyLifecycleTests testUnknownPollingSourceIsStoredWithoutFalseAttributionWhenNoRulesExist]' started.
Test Case '-[HyperTests.ClipboardPrivacyLifecycleTests testUnknownPollingSourceIsStoredWithoutFalseAttributionWhenNoRulesExist]' passed (0.009 seconds).
Test Case '-[HyperTests.ClipboardPrivacyLifecycleTests testUnknownPollingSourceUsesMostRestrictiveConfiguredRule]' started.
Test Case '-[HyperTests.ClipboardPrivacyLifecycleTests testUnknownPollingSourceUsesMostRestrictiveConfiguredRule]' passed (0.003 seconds).
Test Suite 'ClipboardPrivacyLifecycleTests' passed at 2026-08-27 20:11:53.922.
	 Executed 13 tests, with 0 failures (0 unexpected) in 0.137 (0.138) seconds
Test Suite 'HyperPackageTests.xctest' passed at 2026-08-27 20:11:53.922.
	 Executed 13 tests, with 0 failures (0 unexpected) in 0.137 (0.138) seconds
Test Suite 'Selected tests' passed at 2026-08-27 20:11:53.922.
	 Executed 13 tests, with 0 failures (0 unexpected) in 0.137 (0.139) seconds
◇ Test run started.
↳ Testing Library Version: 1501
↳ Target Platform: arm64e-apple-macos14.0
✔ Test run with 0 tests in 0 suites passed after 0.001 seconds.

=== privacy iteration 6 ===
Test Suite 'Selected tests' started at 2026-08-27 20:11:54.381.
Test Suite 'HyperPackageTests.xctest' started at 2026-08-27 20:11:54.382.
Test Suite 'ClipboardPrivacyLifecycleTests' started at 2026-08-27 20:11:54.382.
Test Case '-[HyperTests.ClipboardPrivacyLifecycleTests testCopySourceSnapshotSurvivesSwitchingApplicationsBeforeCapture]' started.
Test Case '-[HyperTests.ClipboardPrivacyLifecycleTests testCopySourceSnapshotSurvivesSwitchingApplicationsBeforeCapture]' passed (0.012 seconds).
Test Case '-[HyperTests.ClipboardPrivacyLifecycleTests testGlobalPauseWritesNothingAndResumeDoesNotBackfillPausedContent]' started.
Test Case '-[HyperTests.ClipboardPrivacyLifecycleTests testGlobalPauseWritesNothingAndResumeDoesNotBackfillPausedContent]' passed (0.009 seconds).
Test Case '-[HyperTests.ClipboardPrivacyLifecycleTests testIgnoredCopySourceCannotLeakAcrossOneHundredImmediateAppSwitches]' started.
Test Case '-[HyperTests.ClipboardPrivacyLifecycleTests testIgnoredCopySourceCannotLeakAcrossOneHundredImmediateAppSwitches]' passed (0.011 seconds).
Test Case '-[HyperTests.ClipboardPrivacyLifecycleTests testIgnoreTextOnlyAndNoImagesRulesAreEnforcedAtCapture]' started.
Test Case '-[HyperTests.ClipboardPrivacyLifecycleTests testIgnoreTextOnlyAndNoImagesRulesAreEnforcedAtCapture]' passed (0.016 seconds).
Test Case '-[HyperTests.ClipboardPrivacyLifecycleTests testPendingSourceIsNotBorrowedByANewUnkeyedChange]' started.
Test Case '-[HyperTests.ClipboardPrivacyLifecycleTests testPendingSourceIsNotBorrowedByANewUnkeyedChange]' passed (0.002 seconds).
Test Case '-[HyperTests.ClipboardPrivacyLifecycleTests testPendingSourceRequiresExactNextChangeCountAndShortWindow]' started.
Test Case '-[HyperTests.ClipboardPrivacyLifecycleTests testPendingSourceRequiresExactNextChangeCountAndShortWindow]' passed (0.002 seconds).
Test Case '-[HyperTests.ClipboardPrivacyLifecycleTests testShutdownQueueAndStoreShareOneHardTimeoutBudget]' started.
Test Case '-[HyperTests.ClipboardPrivacyLifecycleTests testShutdownQueueAndStoreShareOneHardTimeoutBudget]' passed (0.037 seconds).
Test Case '-[HyperTests.ClipboardPrivacyLifecycleTests testShutdownReportsIncompleteDrainWithoutRetryingForever]' started.
Test Case '-[HyperTests.ClipboardPrivacyLifecycleTests testShutdownReportsIncompleteDrainWithoutRetryingForever]' passed (0.002 seconds).
Test Case '-[HyperTests.ClipboardPrivacyLifecycleTests testShutdownReportsSuccessfulBoundedStoreDrain]' started.
Test Case '-[HyperTests.ClipboardPrivacyLifecycleTests testShutdownReportsSuccessfulBoundedStoreDrain]' passed (0.002 seconds).
Test Case '-[HyperTests.ClipboardPrivacyLifecycleTests testShutdownUsesRealStoreDrainAndReturnsOnlyAfterIndexIsDurable]' started.
Test Case '-[HyperTests.ClipboardPrivacyLifecycleTests testShutdownUsesRealStoreDrainAndReturnsOnlyAfterIndexIsDurable]' passed (0.010 seconds).
Test Case '-[HyperTests.ClipboardPrivacyLifecycleTests testStaleAllowedAndIgnoredSourcesNeverCrossApplicationBoundaryForOneHundredRounds]' started.
Test Case '-[HyperTests.ClipboardPrivacyLifecycleTests testStaleAllowedAndIgnoredSourcesNeverCrossApplicationBoundaryForOneHundredRounds]' passed (0.019 seconds).
Test Case '-[HyperTests.ClipboardPrivacyLifecycleTests testUnknownPollingSourceIsStoredWithoutFalseAttributionWhenNoRulesExist]' started.
Test Case '-[HyperTests.ClipboardPrivacyLifecycleTests testUnknownPollingSourceIsStoredWithoutFalseAttributionWhenNoRulesExist]' passed (0.009 seconds).
Test Case '-[HyperTests.ClipboardPrivacyLifecycleTests testUnknownPollingSourceUsesMostRestrictiveConfiguredRule]' started.
Test Case '-[HyperTests.ClipboardPrivacyLifecycleTests testUnknownPollingSourceUsesMostRestrictiveConfiguredRule]' passed (0.003 seconds).
Test Suite 'ClipboardPrivacyLifecycleTests' passed at 2026-08-27 20:11:54.517.
	 Executed 13 tests, with 0 failures (0 unexpected) in 0.133 (0.134) seconds
Test Suite 'HyperPackageTests.xctest' passed at 2026-08-27 20:11:54.517.
	 Executed 13 tests, with 0 failures (0 unexpected) in 0.133 (0.134) seconds
Test Suite 'Selected tests' passed at 2026-08-27 20:11:54.517.
	 Executed 13 tests, with 0 failures (0 unexpected) in 0.133 (0.135) seconds
◇ Test run started.
↳ Testing Library Version: 1501
↳ Target Platform: arm64e-apple-macos14.0
✔ Test run with 0 tests in 0 suites passed after 0.001 seconds.

=== privacy iteration 7 ===
Test Suite 'Selected tests' started at 2026-08-27 20:11:54.970.
Test Suite 'HyperPackageTests.xctest' started at 2026-08-27 20:11:54.971.
Test Suite 'ClipboardPrivacyLifecycleTests' started at 2026-08-27 20:11:54.971.
Test Case '-[HyperTests.ClipboardPrivacyLifecycleTests testCopySourceSnapshotSurvivesSwitchingApplicationsBeforeCapture]' started.
Test Case '-[HyperTests.ClipboardPrivacyLifecycleTests testCopySourceSnapshotSurvivesSwitchingApplicationsBeforeCapture]' passed (0.013 seconds).
Test Case '-[HyperTests.ClipboardPrivacyLifecycleTests testGlobalPauseWritesNothingAndResumeDoesNotBackfillPausedContent]' started.
Test Case '-[HyperTests.ClipboardPrivacyLifecycleTests testGlobalPauseWritesNothingAndResumeDoesNotBackfillPausedContent]' passed (0.009 seconds).
Test Case '-[HyperTests.ClipboardPrivacyLifecycleTests testIgnoredCopySourceCannotLeakAcrossOneHundredImmediateAppSwitches]' started.
Test Case '-[HyperTests.ClipboardPrivacyLifecycleTests testIgnoredCopySourceCannotLeakAcrossOneHundredImmediateAppSwitches]' passed (0.010 seconds).
Test Case '-[HyperTests.ClipboardPrivacyLifecycleTests testIgnoreTextOnlyAndNoImagesRulesAreEnforcedAtCapture]' started.
Test Case '-[HyperTests.ClipboardPrivacyLifecycleTests testIgnoreTextOnlyAndNoImagesRulesAreEnforcedAtCapture]' passed (0.016 seconds).
Test Case '-[HyperTests.ClipboardPrivacyLifecycleTests testPendingSourceIsNotBorrowedByANewUnkeyedChange]' started.
Test Case '-[HyperTests.ClipboardPrivacyLifecycleTests testPendingSourceIsNotBorrowedByANewUnkeyedChange]' passed (0.002 seconds).
Test Case '-[HyperTests.ClipboardPrivacyLifecycleTests testPendingSourceRequiresExactNextChangeCountAndShortWindow]' started.
Test Case '-[HyperTests.ClipboardPrivacyLifecycleTests testPendingSourceRequiresExactNextChangeCountAndShortWindow]' passed (0.002 seconds).
Test Case '-[HyperTests.ClipboardPrivacyLifecycleTests testShutdownQueueAndStoreShareOneHardTimeoutBudget]' started.
Test Case '-[HyperTests.ClipboardPrivacyLifecycleTests testShutdownQueueAndStoreShareOneHardTimeoutBudget]' passed (0.038 seconds).
Test Case '-[HyperTests.ClipboardPrivacyLifecycleTests testShutdownReportsIncompleteDrainWithoutRetryingForever]' started.
Test Case '-[HyperTests.ClipboardPrivacyLifecycleTests testShutdownReportsIncompleteDrainWithoutRetryingForever]' passed (0.002 seconds).
Test Case '-[HyperTests.ClipboardPrivacyLifecycleTests testShutdownReportsSuccessfulBoundedStoreDrain]' started.
Test Case '-[HyperTests.ClipboardPrivacyLifecycleTests testShutdownReportsSuccessfulBoundedStoreDrain]' passed (0.002 seconds).
Test Case '-[HyperTests.ClipboardPrivacyLifecycleTests testShutdownUsesRealStoreDrainAndReturnsOnlyAfterIndexIsDurable]' started.
Test Case '-[HyperTests.ClipboardPrivacyLifecycleTests testShutdownUsesRealStoreDrainAndReturnsOnlyAfterIndexIsDurable]' passed (0.009 seconds).
Test Case '-[HyperTests.ClipboardPrivacyLifecycleTests testStaleAllowedAndIgnoredSourcesNeverCrossApplicationBoundaryForOneHundredRounds]' started.
Test Case '-[HyperTests.ClipboardPrivacyLifecycleTests testStaleAllowedAndIgnoredSourcesNeverCrossApplicationBoundaryForOneHundredRounds]' passed (0.017 seconds).
Test Case '-[HyperTests.ClipboardPrivacyLifecycleTests testUnknownPollingSourceIsStoredWithoutFalseAttributionWhenNoRulesExist]' started.
Test Case '-[HyperTests.ClipboardPrivacyLifecycleTests testUnknownPollingSourceIsStoredWithoutFalseAttributionWhenNoRulesExist]' passed (0.009 seconds).
Test Case '-[HyperTests.ClipboardPrivacyLifecycleTests testUnknownPollingSourceUsesMostRestrictiveConfiguredRule]' started.
Test Case '-[HyperTests.ClipboardPrivacyLifecycleTests testUnknownPollingSourceUsesMostRestrictiveConfiguredRule]' passed (0.003 seconds).
Test Suite 'ClipboardPrivacyLifecycleTests' passed at 2026-08-27 20:11:55.104.
	 Executed 13 tests, with 0 failures (0 unexpected) in 0.132 (0.133) seconds
Test Suite 'HyperPackageTests.xctest' passed at 2026-08-27 20:11:55.104.
	 Executed 13 tests, with 0 failures (0 unexpected) in 0.132 (0.133) seconds
Test Suite 'Selected tests' passed at 2026-08-27 20:11:55.104.
	 Executed 13 tests, with 0 failures (0 unexpected) in 0.132 (0.134) seconds
◇ Test run started.
↳ Testing Library Version: 1501
↳ Target Platform: arm64e-apple-macos14.0
✔ Test run with 0 tests in 0 suites passed after 0.001 seconds.

=== privacy iteration 8 ===
Test Suite 'Selected tests' started at 2026-08-27 20:11:55.547.
Test Suite 'HyperPackageTests.xctest' started at 2026-08-27 20:11:55.548.
Test Suite 'ClipboardPrivacyLifecycleTests' started at 2026-08-27 20:11:55.548.
Test Case '-[HyperTests.ClipboardPrivacyLifecycleTests testCopySourceSnapshotSurvivesSwitchingApplicationsBeforeCapture]' started.
Test Case '-[HyperTests.ClipboardPrivacyLifecycleTests testCopySourceSnapshotSurvivesSwitchingApplicationsBeforeCapture]' passed (0.012 seconds).
Test Case '-[HyperTests.ClipboardPrivacyLifecycleTests testGlobalPauseWritesNothingAndResumeDoesNotBackfillPausedContent]' started.
Test Case '-[HyperTests.ClipboardPrivacyLifecycleTests testGlobalPauseWritesNothingAndResumeDoesNotBackfillPausedContent]' passed (0.009 seconds).
Test Case '-[HyperTests.ClipboardPrivacyLifecycleTests testIgnoredCopySourceCannotLeakAcrossOneHundredImmediateAppSwitches]' started.
Test Case '-[HyperTests.ClipboardPrivacyLifecycleTests testIgnoredCopySourceCannotLeakAcrossOneHundredImmediateAppSwitches]' passed (0.011 seconds).
Test Case '-[HyperTests.ClipboardPrivacyLifecycleTests testIgnoreTextOnlyAndNoImagesRulesAreEnforcedAtCapture]' started.
Test Case '-[HyperTests.ClipboardPrivacyLifecycleTests testIgnoreTextOnlyAndNoImagesRulesAreEnforcedAtCapture]' passed (0.014 seconds).
Test Case '-[HyperTests.ClipboardPrivacyLifecycleTests testPendingSourceIsNotBorrowedByANewUnkeyedChange]' started.
Test Case '-[HyperTests.ClipboardPrivacyLifecycleTests testPendingSourceIsNotBorrowedByANewUnkeyedChange]' passed (0.002 seconds).
Test Case '-[HyperTests.ClipboardPrivacyLifecycleTests testPendingSourceRequiresExactNextChangeCountAndShortWindow]' started.
Test Case '-[HyperTests.ClipboardPrivacyLifecycleTests testPendingSourceRequiresExactNextChangeCountAndShortWindow]' passed (0.002 seconds).
Test Case '-[HyperTests.ClipboardPrivacyLifecycleTests testShutdownQueueAndStoreShareOneHardTimeoutBudget]' started.
Test Case '-[HyperTests.ClipboardPrivacyLifecycleTests testShutdownQueueAndStoreShareOneHardTimeoutBudget]' passed (0.037 seconds).
Test Case '-[HyperTests.ClipboardPrivacyLifecycleTests testShutdownReportsIncompleteDrainWithoutRetryingForever]' started.
Test Case '-[HyperTests.ClipboardPrivacyLifecycleTests testShutdownReportsIncompleteDrainWithoutRetryingForever]' passed (0.002 seconds).
Test Case '-[HyperTests.ClipboardPrivacyLifecycleTests testShutdownReportsSuccessfulBoundedStoreDrain]' started.
Test Case '-[HyperTests.ClipboardPrivacyLifecycleTests testShutdownReportsSuccessfulBoundedStoreDrain]' passed (0.002 seconds).
Test Case '-[HyperTests.ClipboardPrivacyLifecycleTests testShutdownUsesRealStoreDrainAndReturnsOnlyAfterIndexIsDurable]' started.
Test Case '-[HyperTests.ClipboardPrivacyLifecycleTests testShutdownUsesRealStoreDrainAndReturnsOnlyAfterIndexIsDurable]' passed (0.010 seconds).
Test Case '-[HyperTests.ClipboardPrivacyLifecycleTests testStaleAllowedAndIgnoredSourcesNeverCrossApplicationBoundaryForOneHundredRounds]' started.
Test Case '-[HyperTests.ClipboardPrivacyLifecycleTests testStaleAllowedAndIgnoredSourcesNeverCrossApplicationBoundaryForOneHundredRounds]' passed (0.022 seconds).
Test Case '-[HyperTests.ClipboardPrivacyLifecycleTests testUnknownPollingSourceIsStoredWithoutFalseAttributionWhenNoRulesExist]' started.
Test Case '-[HyperTests.ClipboardPrivacyLifecycleTests testUnknownPollingSourceIsStoredWithoutFalseAttributionWhenNoRulesExist]' passed (0.009 seconds).
Test Case '-[HyperTests.ClipboardPrivacyLifecycleTests testUnknownPollingSourceUsesMostRestrictiveConfiguredRule]' started.
Test Case '-[HyperTests.ClipboardPrivacyLifecycleTests testUnknownPollingSourceUsesMostRestrictiveConfiguredRule]' passed (0.003 seconds).
Test Suite 'ClipboardPrivacyLifecycleTests' passed at 2026-08-27 20:11:55.685.
	 Executed 13 tests, with 0 failures (0 unexpected) in 0.135 (0.136) seconds
Test Suite 'HyperPackageTests.xctest' passed at 2026-08-27 20:11:55.685.
	 Executed 13 tests, with 0 failures (0 unexpected) in 0.135 (0.137) seconds
Test Suite 'Selected tests' passed at 2026-08-27 20:11:55.685.
	 Executed 13 tests, with 0 failures (0 unexpected) in 0.135 (0.137) seconds
◇ Test run started.
↳ Testing Library Version: 1501
↳ Target Platform: arm64e-apple-macos14.0
✔ Test run with 0 tests in 0 suites passed after 0.001 seconds.

=== privacy iteration 9 ===
Test Suite 'Selected tests' started at 2026-08-27 20:11:56.131.
Test Suite 'HyperPackageTests.xctest' started at 2026-08-27 20:11:56.132.
Test Suite 'ClipboardPrivacyLifecycleTests' started at 2026-08-27 20:11:56.132.
Test Case '-[HyperTests.ClipboardPrivacyLifecycleTests testCopySourceSnapshotSurvivesSwitchingApplicationsBeforeCapture]' started.
Test Case '-[HyperTests.ClipboardPrivacyLifecycleTests testCopySourceSnapshotSurvivesSwitchingApplicationsBeforeCapture]' passed (0.012 seconds).
Test Case '-[HyperTests.ClipboardPrivacyLifecycleTests testGlobalPauseWritesNothingAndResumeDoesNotBackfillPausedContent]' started.
Test Case '-[HyperTests.ClipboardPrivacyLifecycleTests testGlobalPauseWritesNothingAndResumeDoesNotBackfillPausedContent]' passed (0.010 seconds).
Test Case '-[HyperTests.ClipboardPrivacyLifecycleTests testIgnoredCopySourceCannotLeakAcrossOneHundredImmediateAppSwitches]' started.
Test Case '-[HyperTests.ClipboardPrivacyLifecycleTests testIgnoredCopySourceCannotLeakAcrossOneHundredImmediateAppSwitches]' passed (0.013 seconds).
Test Case '-[HyperTests.ClipboardPrivacyLifecycleTests testIgnoreTextOnlyAndNoImagesRulesAreEnforcedAtCapture]' started.
Test Case '-[HyperTests.ClipboardPrivacyLifecycleTests testIgnoreTextOnlyAndNoImagesRulesAreEnforcedAtCapture]' passed (0.017 seconds).
Test Case '-[HyperTests.ClipboardPrivacyLifecycleTests testPendingSourceIsNotBorrowedByANewUnkeyedChange]' started.
Test Case '-[HyperTests.ClipboardPrivacyLifecycleTests testPendingSourceIsNotBorrowedByANewUnkeyedChange]' passed (0.002 seconds).
Test Case '-[HyperTests.ClipboardPrivacyLifecycleTests testPendingSourceRequiresExactNextChangeCountAndShortWindow]' started.
Test Case '-[HyperTests.ClipboardPrivacyLifecycleTests testPendingSourceRequiresExactNextChangeCountAndShortWindow]' passed (0.003 seconds).
Test Case '-[HyperTests.ClipboardPrivacyLifecycleTests testShutdownQueueAndStoreShareOneHardTimeoutBudget]' started.
Test Case '-[HyperTests.ClipboardPrivacyLifecycleTests testShutdownQueueAndStoreShareOneHardTimeoutBudget]' passed (0.038 seconds).
Test Case '-[HyperTests.ClipboardPrivacyLifecycleTests testShutdownReportsIncompleteDrainWithoutRetryingForever]' started.
Test Case '-[HyperTests.ClipboardPrivacyLifecycleTests testShutdownReportsIncompleteDrainWithoutRetryingForever]' passed (0.003 seconds).
Test Case '-[HyperTests.ClipboardPrivacyLifecycleTests testShutdownReportsSuccessfulBoundedStoreDrain]' started.
Test Case '-[HyperTests.ClipboardPrivacyLifecycleTests testShutdownReportsSuccessfulBoundedStoreDrain]' passed (0.002 seconds).
Test Case '-[HyperTests.ClipboardPrivacyLifecycleTests testShutdownUsesRealStoreDrainAndReturnsOnlyAfterIndexIsDurable]' started.
Test Case '-[HyperTests.ClipboardPrivacyLifecycleTests testShutdownUsesRealStoreDrainAndReturnsOnlyAfterIndexIsDurable]' passed (0.010 seconds).
Test Case '-[HyperTests.ClipboardPrivacyLifecycleTests testStaleAllowedAndIgnoredSourcesNeverCrossApplicationBoundaryForOneHundredRounds]' started.
Test Case '-[HyperTests.ClipboardPrivacyLifecycleTests testStaleAllowedAndIgnoredSourcesNeverCrossApplicationBoundaryForOneHundredRounds]' passed (0.020 seconds).
Test Case '-[HyperTests.ClipboardPrivacyLifecycleTests testUnknownPollingSourceIsStoredWithoutFalseAttributionWhenNoRulesExist]' started.
Test Case '-[HyperTests.ClipboardPrivacyLifecycleTests testUnknownPollingSourceIsStoredWithoutFalseAttributionWhenNoRulesExist]' passed (0.009 seconds).
Test Case '-[HyperTests.ClipboardPrivacyLifecycleTests testUnknownPollingSourceUsesMostRestrictiveConfiguredRule]' started.
Test Case '-[HyperTests.ClipboardPrivacyLifecycleTests testUnknownPollingSourceUsesMostRestrictiveConfiguredRule]' passed (0.003 seconds).
Test Suite 'ClipboardPrivacyLifecycleTests' passed at 2026-08-27 20:11:56.275.
	 Executed 13 tests, with 0 failures (0 unexpected) in 0.142 (0.143) seconds
Test Suite 'HyperPackageTests.xctest' passed at 2026-08-27 20:11:56.275.
	 Executed 13 tests, with 0 failures (0 unexpected) in 0.142 (0.143) seconds
Test Suite 'Selected tests' passed at 2026-08-27 20:11:56.275.
	 Executed 13 tests, with 0 failures (0 unexpected) in 0.142 (0.144) seconds
◇ Test run started.
↳ Testing Library Version: 1501
↳ Target Platform: arm64e-apple-macos14.0
✔ Test run with 0 tests in 0 suites passed after 0.001 seconds.

=== privacy iteration 10 ===
Test Suite 'Selected tests' started at 2026-08-27 20:11:56.722.
Test Suite 'HyperPackageTests.xctest' started at 2026-08-27 20:11:56.723.
Test Suite 'ClipboardPrivacyLifecycleTests' started at 2026-08-27 20:11:56.723.
Test Case '-[HyperTests.ClipboardPrivacyLifecycleTests testCopySourceSnapshotSurvivesSwitchingApplicationsBeforeCapture]' started.
Test Case '-[HyperTests.ClipboardPrivacyLifecycleTests testCopySourceSnapshotSurvivesSwitchingApplicationsBeforeCapture]' passed (0.013 seconds).
Test Case '-[HyperTests.ClipboardPrivacyLifecycleTests testGlobalPauseWritesNothingAndResumeDoesNotBackfillPausedContent]' started.
Test Case '-[HyperTests.ClipboardPrivacyLifecycleTests testGlobalPauseWritesNothingAndResumeDoesNotBackfillPausedContent]' passed (0.009 seconds).
Test Case '-[HyperTests.ClipboardPrivacyLifecycleTests testIgnoredCopySourceCannotLeakAcrossOneHundredImmediateAppSwitches]' started.
Test Case '-[HyperTests.ClipboardPrivacyLifecycleTests testIgnoredCopySourceCannotLeakAcrossOneHundredImmediateAppSwitches]' passed (0.010 seconds).
Test Case '-[HyperTests.ClipboardPrivacyLifecycleTests testIgnoreTextOnlyAndNoImagesRulesAreEnforcedAtCapture]' started.
Test Case '-[HyperTests.ClipboardPrivacyLifecycleTests testIgnoreTextOnlyAndNoImagesRulesAreEnforcedAtCapture]' passed (0.015 seconds).
Test Case '-[HyperTests.ClipboardPrivacyLifecycleTests testPendingSourceIsNotBorrowedByANewUnkeyedChange]' started.
Test Case '-[HyperTests.ClipboardPrivacyLifecycleTests testPendingSourceIsNotBorrowedByANewUnkeyedChange]' passed (0.002 seconds).
Test Case '-[HyperTests.ClipboardPrivacyLifecycleTests testPendingSourceRequiresExactNextChangeCountAndShortWindow]' started.
Test Case '-[HyperTests.ClipboardPrivacyLifecycleTests testPendingSourceRequiresExactNextChangeCountAndShortWindow]' passed (0.002 seconds).
Test Case '-[HyperTests.ClipboardPrivacyLifecycleTests testShutdownQueueAndStoreShareOneHardTimeoutBudget]' started.
Test Case '-[HyperTests.ClipboardPrivacyLifecycleTests testShutdownQueueAndStoreShareOneHardTimeoutBudget]' passed (0.038 seconds).
Test Case '-[HyperTests.ClipboardPrivacyLifecycleTests testShutdownReportsIncompleteDrainWithoutRetryingForever]' started.
Test Case '-[HyperTests.ClipboardPrivacyLifecycleTests testShutdownReportsIncompleteDrainWithoutRetryingForever]' passed (0.002 seconds).
Test Case '-[HyperTests.ClipboardPrivacyLifecycleTests testShutdownReportsSuccessfulBoundedStoreDrain]' started.
Test Case '-[HyperTests.ClipboardPrivacyLifecycleTests testShutdownReportsSuccessfulBoundedStoreDrain]' passed (0.002 seconds).
Test Case '-[HyperTests.ClipboardPrivacyLifecycleTests testShutdownUsesRealStoreDrainAndReturnsOnlyAfterIndexIsDurable]' started.
Test Case '-[HyperTests.ClipboardPrivacyLifecycleTests testShutdownUsesRealStoreDrainAndReturnsOnlyAfterIndexIsDurable]' passed (0.009 seconds).
Test Case '-[HyperTests.ClipboardPrivacyLifecycleTests testStaleAllowedAndIgnoredSourcesNeverCrossApplicationBoundaryForOneHundredRounds]' started.
Test Case '-[HyperTests.ClipboardPrivacyLifecycleTests testStaleAllowedAndIgnoredSourcesNeverCrossApplicationBoundaryForOneHundredRounds]' passed (0.019 seconds).
Test Case '-[HyperTests.ClipboardPrivacyLifecycleTests testUnknownPollingSourceIsStoredWithoutFalseAttributionWhenNoRulesExist]' started.
Test Case '-[HyperTests.ClipboardPrivacyLifecycleTests testUnknownPollingSourceIsStoredWithoutFalseAttributionWhenNoRulesExist]' passed (0.008 seconds).
Test Case '-[HyperTests.ClipboardPrivacyLifecycleTests testUnknownPollingSourceUsesMostRestrictiveConfiguredRule]' started.
Test Case '-[HyperTests.ClipboardPrivacyLifecycleTests testUnknownPollingSourceUsesMostRestrictiveConfiguredRule]' passed (0.002 seconds).
Test Suite 'ClipboardPrivacyLifecycleTests' passed at 2026-08-27 20:11:56.857.
	 Executed 13 tests, with 0 failures (0 unexpected) in 0.133 (0.134) seconds
Test Suite 'HyperPackageTests.xctest' passed at 2026-08-27 20:11:56.857.
	 Executed 13 tests, with 0 failures (0 unexpected) in 0.133 (0.134) seconds
Test Suite 'Selected tests' passed at 2026-08-27 20:11:56.857.
	 Executed 13 tests, with 0 failures (0 unexpected) in 0.133 (0.135) seconds
◇ Test run started.
↳ Testing Library Version: 1501
↳ Target Platform: arm64e-apple-macos14.0
✔ Test run with 0 tests in 0 suites passed after 0.001 seconds.

=== privacy iteration 11 ===
Test Suite 'Selected tests' started at 2026-08-27 20:11:57.304.
Test Suite 'HyperPackageTests.xctest' started at 2026-08-27 20:11:57.305.
Test Suite 'ClipboardPrivacyLifecycleTests' started at 2026-08-27 20:11:57.305.
Test Case '-[HyperTests.ClipboardPrivacyLifecycleTests testCopySourceSnapshotSurvivesSwitchingApplicationsBeforeCapture]' started.
Test Case '-[HyperTests.ClipboardPrivacyLifecycleTests testCopySourceSnapshotSurvivesSwitchingApplicationsBeforeCapture]' passed (0.012 seconds).
Test Case '-[HyperTests.ClipboardPrivacyLifecycleTests testGlobalPauseWritesNothingAndResumeDoesNotBackfillPausedContent]' started.
Test Case '-[HyperTests.ClipboardPrivacyLifecycleTests testGlobalPauseWritesNothingAndResumeDoesNotBackfillPausedContent]' passed (0.009 seconds).
Test Case '-[HyperTests.ClipboardPrivacyLifecycleTests testIgnoredCopySourceCannotLeakAcrossOneHundredImmediateAppSwitches]' started.
Test Case '-[HyperTests.ClipboardPrivacyLifecycleTests testIgnoredCopySourceCannotLeakAcrossOneHundredImmediateAppSwitches]' passed (0.011 seconds).
Test Case '-[HyperTests.ClipboardPrivacyLifecycleTests testIgnoreTextOnlyAndNoImagesRulesAreEnforcedAtCapture]' started.
Test Case '-[HyperTests.ClipboardPrivacyLifecycleTests testIgnoreTextOnlyAndNoImagesRulesAreEnforcedAtCapture]' passed (0.015 seconds).
Test Case '-[HyperTests.ClipboardPrivacyLifecycleTests testPendingSourceIsNotBorrowedByANewUnkeyedChange]' started.
Test Case '-[HyperTests.ClipboardPrivacyLifecycleTests testPendingSourceIsNotBorrowedByANewUnkeyedChange]' passed (0.003 seconds).
Test Case '-[HyperTests.ClipboardPrivacyLifecycleTests testPendingSourceRequiresExactNextChangeCountAndShortWindow]' started.
Test Case '-[HyperTests.ClipboardPrivacyLifecycleTests testPendingSourceRequiresExactNextChangeCountAndShortWindow]' passed (0.008 seconds).
Test Case '-[HyperTests.ClipboardPrivacyLifecycleTests testShutdownQueueAndStoreShareOneHardTimeoutBudget]' started.
Test Case '-[HyperTests.ClipboardPrivacyLifecycleTests testShutdownQueueAndStoreShareOneHardTimeoutBudget]' passed (0.038 seconds).
Test Case '-[HyperTests.ClipboardPrivacyLifecycleTests testShutdownReportsIncompleteDrainWithoutRetryingForever]' started.
Test Case '-[HyperTests.ClipboardPrivacyLifecycleTests testShutdownReportsIncompleteDrainWithoutRetryingForever]' passed (0.003 seconds).
Test Case '-[HyperTests.ClipboardPrivacyLifecycleTests testShutdownReportsSuccessfulBoundedStoreDrain]' started.
Test Case '-[HyperTests.ClipboardPrivacyLifecycleTests testShutdownReportsSuccessfulBoundedStoreDrain]' passed (0.002 seconds).
Test Case '-[HyperTests.ClipboardPrivacyLifecycleTests testShutdownUsesRealStoreDrainAndReturnsOnlyAfterIndexIsDurable]' started.
Test Case '-[HyperTests.ClipboardPrivacyLifecycleTests testShutdownUsesRealStoreDrainAndReturnsOnlyAfterIndexIsDurable]' passed (0.010 seconds).
Test Case '-[HyperTests.ClipboardPrivacyLifecycleTests testStaleAllowedAndIgnoredSourcesNeverCrossApplicationBoundaryForOneHundredRounds]' started.
Test Case '-[HyperTests.ClipboardPrivacyLifecycleTests testStaleAllowedAndIgnoredSourcesNeverCrossApplicationBoundaryForOneHundredRounds]' passed (0.023 seconds).
Test Case '-[HyperTests.ClipboardPrivacyLifecycleTests testUnknownPollingSourceIsStoredWithoutFalseAttributionWhenNoRulesExist]' started.
Test Case '-[HyperTests.ClipboardPrivacyLifecycleTests testUnknownPollingSourceIsStoredWithoutFalseAttributionWhenNoRulesExist]' passed (0.010 seconds).
Test Case '-[HyperTests.ClipboardPrivacyLifecycleTests testUnknownPollingSourceUsesMostRestrictiveConfiguredRule]' started.
Test Case '-[HyperTests.ClipboardPrivacyLifecycleTests testUnknownPollingSourceUsesMostRestrictiveConfiguredRule]' passed (0.003 seconds).
Test Suite 'ClipboardPrivacyLifecycleTests' passed at 2026-08-27 20:11:57.452.
	 Executed 13 tests, with 0 failures (0 unexpected) in 0.146 (0.147) seconds
Test Suite 'HyperPackageTests.xctest' passed at 2026-08-27 20:11:57.452.
	 Executed 13 tests, with 0 failures (0 unexpected) in 0.146 (0.147) seconds
Test Suite 'Selected tests' passed at 2026-08-27 20:11:57.452.
	 Executed 13 tests, with 0 failures (0 unexpected) in 0.146 (0.148) seconds
◇ Test run started.
↳ Testing Library Version: 1501
↳ Target Platform: arm64e-apple-macos14.0
✔ Test run with 0 tests in 0 suites passed after 0.001 seconds.

=== privacy iteration 12 ===
Test Suite 'Selected tests' started at 2026-08-27 20:11:57.899.
Test Suite 'HyperPackageTests.xctest' started at 2026-08-27 20:11:57.900.
Test Suite 'ClipboardPrivacyLifecycleTests' started at 2026-08-27 20:11:57.900.
Test Case '-[HyperTests.ClipboardPrivacyLifecycleTests testCopySourceSnapshotSurvivesSwitchingApplicationsBeforeCapture]' started.
Test Case '-[HyperTests.ClipboardPrivacyLifecycleTests testCopySourceSnapshotSurvivesSwitchingApplicationsBeforeCapture]' passed (0.013 seconds).
Test Case '-[HyperTests.ClipboardPrivacyLifecycleTests testGlobalPauseWritesNothingAndResumeDoesNotBackfillPausedContent]' started.
Test Case '-[HyperTests.ClipboardPrivacyLifecycleTests testGlobalPauseWritesNothingAndResumeDoesNotBackfillPausedContent]' passed (0.009 seconds).
Test Case '-[HyperTests.ClipboardPrivacyLifecycleTests testIgnoredCopySourceCannotLeakAcrossOneHundredImmediateAppSwitches]' started.
Test Case '-[HyperTests.ClipboardPrivacyLifecycleTests testIgnoredCopySourceCannotLeakAcrossOneHundredImmediateAppSwitches]' passed (0.010 seconds).
Test Case '-[HyperTests.ClipboardPrivacyLifecycleTests testIgnoreTextOnlyAndNoImagesRulesAreEnforcedAtCapture]' started.
Test Case '-[HyperTests.ClipboardPrivacyLifecycleTests testIgnoreTextOnlyAndNoImagesRulesAreEnforcedAtCapture]' passed (0.015 seconds).
Test Case '-[HyperTests.ClipboardPrivacyLifecycleTests testPendingSourceIsNotBorrowedByANewUnkeyedChange]' started.
Test Case '-[HyperTests.ClipboardPrivacyLifecycleTests testPendingSourceIsNotBorrowedByANewUnkeyedChange]' passed (0.002 seconds).
Test Case '-[HyperTests.ClipboardPrivacyLifecycleTests testPendingSourceRequiresExactNextChangeCountAndShortWindow]' started.
Test Case '-[HyperTests.ClipboardPrivacyLifecycleTests testPendingSourceRequiresExactNextChangeCountAndShortWindow]' passed (0.002 seconds).
Test Case '-[HyperTests.ClipboardPrivacyLifecycleTests testShutdownQueueAndStoreShareOneHardTimeoutBudget]' started.
Test Case '-[HyperTests.ClipboardPrivacyLifecycleTests testShutdownQueueAndStoreShareOneHardTimeoutBudget]' passed (0.038 seconds).
Test Case '-[HyperTests.ClipboardPrivacyLifecycleTests testShutdownReportsIncompleteDrainWithoutRetryingForever]' started.
Test Case '-[HyperTests.ClipboardPrivacyLifecycleTests testShutdownReportsIncompleteDrainWithoutRetryingForever]' passed (0.003 seconds).
Test Case '-[HyperTests.ClipboardPrivacyLifecycleTests testShutdownReportsSuccessfulBoundedStoreDrain]' started.
Test Case '-[HyperTests.ClipboardPrivacyLifecycleTests testShutdownReportsSuccessfulBoundedStoreDrain]' passed (0.002 seconds).
Test Case '-[HyperTests.ClipboardPrivacyLifecycleTests testShutdownUsesRealStoreDrainAndReturnsOnlyAfterIndexIsDurable]' started.
Test Case '-[HyperTests.ClipboardPrivacyLifecycleTests testShutdownUsesRealStoreDrainAndReturnsOnlyAfterIndexIsDurable]' passed (0.009 seconds).
Test Case '-[HyperTests.ClipboardPrivacyLifecycleTests testStaleAllowedAndIgnoredSourcesNeverCrossApplicationBoundaryForOneHundredRounds]' started.
Test Case '-[HyperTests.ClipboardPrivacyLifecycleTests testStaleAllowedAndIgnoredSourcesNeverCrossApplicationBoundaryForOneHundredRounds]' passed (0.018 seconds).
Test Case '-[HyperTests.ClipboardPrivacyLifecycleTests testUnknownPollingSourceIsStoredWithoutFalseAttributionWhenNoRulesExist]' started.
Test Case '-[HyperTests.ClipboardPrivacyLifecycleTests testUnknownPollingSourceIsStoredWithoutFalseAttributionWhenNoRulesExist]' passed (0.009 seconds).
Test Case '-[HyperTests.ClipboardPrivacyLifecycleTests testUnknownPollingSourceUsesMostRestrictiveConfiguredRule]' started.
Test Case '-[HyperTests.ClipboardPrivacyLifecycleTests testUnknownPollingSourceUsesMostRestrictiveConfiguredRule]' passed (0.003 seconds).
Test Suite 'ClipboardPrivacyLifecycleTests' passed at 2026-08-27 20:11:58.034.
	 Executed 13 tests, with 0 failures (0 unexpected) in 0.133 (0.134) seconds
Test Suite 'HyperPackageTests.xctest' passed at 2026-08-27 20:11:58.034.
	 Executed 13 tests, with 0 failures (0 unexpected) in 0.133 (0.134) seconds
Test Suite 'Selected tests' passed at 2026-08-27 20:11:58.034.
	 Executed 13 tests, with 0 failures (0 unexpected) in 0.133 (0.135) seconds
◇ Test run started.
↳ Testing Library Version: 1501
↳ Target Platform: arm64e-apple-macos14.0
✔ Test run with 0 tests in 0 suites passed after 0.001 seconds.

=== privacy iteration 13 ===
Test Suite 'Selected tests' started at 2026-08-27 20:11:58.467.
Test Suite 'HyperPackageTests.xctest' started at 2026-08-27 20:11:58.468.
Test Suite 'ClipboardPrivacyLifecycleTests' started at 2026-08-27 20:11:58.468.
Test Case '-[HyperTests.ClipboardPrivacyLifecycleTests testCopySourceSnapshotSurvivesSwitchingApplicationsBeforeCapture]' started.
Test Case '-[HyperTests.ClipboardPrivacyLifecycleTests testCopySourceSnapshotSurvivesSwitchingApplicationsBeforeCapture]' passed (0.012 seconds).
Test Case '-[HyperTests.ClipboardPrivacyLifecycleTests testGlobalPauseWritesNothingAndResumeDoesNotBackfillPausedContent]' started.
Test Case '-[HyperTests.ClipboardPrivacyLifecycleTests testGlobalPauseWritesNothingAndResumeDoesNotBackfillPausedContent]' passed (0.009 seconds).
Test Case '-[HyperTests.ClipboardPrivacyLifecycleTests testIgnoredCopySourceCannotLeakAcrossOneHundredImmediateAppSwitches]' started.
Test Case '-[HyperTests.ClipboardPrivacyLifecycleTests testIgnoredCopySourceCannotLeakAcrossOneHundredImmediateAppSwitches]' passed (0.010 seconds).
Test Case '-[HyperTests.ClipboardPrivacyLifecycleTests testIgnoreTextOnlyAndNoImagesRulesAreEnforcedAtCapture]' started.
Test Case '-[HyperTests.ClipboardPrivacyLifecycleTests testIgnoreTextOnlyAndNoImagesRulesAreEnforcedAtCapture]' passed (0.014 seconds).
Test Case '-[HyperTests.ClipboardPrivacyLifecycleTests testPendingSourceIsNotBorrowedByANewUnkeyedChange]' started.
Test Case '-[HyperTests.ClipboardPrivacyLifecycleTests testPendingSourceIsNotBorrowedByANewUnkeyedChange]' passed (0.002 seconds).
Test Case '-[HyperTests.ClipboardPrivacyLifecycleTests testPendingSourceRequiresExactNextChangeCountAndShortWindow]' started.
Test Case '-[HyperTests.ClipboardPrivacyLifecycleTests testPendingSourceRequiresExactNextChangeCountAndShortWindow]' passed (0.002 seconds).
Test Case '-[HyperTests.ClipboardPrivacyLifecycleTests testShutdownQueueAndStoreShareOneHardTimeoutBudget]' started.
Test Case '-[HyperTests.ClipboardPrivacyLifecycleTests testShutdownQueueAndStoreShareOneHardTimeoutBudget]' passed (0.037 seconds).
Test Case '-[HyperTests.ClipboardPrivacyLifecycleTests testShutdownReportsIncompleteDrainWithoutRetryingForever]' started.
Test Case '-[HyperTests.ClipboardPrivacyLifecycleTests testShutdownReportsIncompleteDrainWithoutRetryingForever]' passed (0.002 seconds).
Test Case '-[HyperTests.ClipboardPrivacyLifecycleTests testShutdownReportsSuccessfulBoundedStoreDrain]' started.
Test Case '-[HyperTests.ClipboardPrivacyLifecycleTests testShutdownReportsSuccessfulBoundedStoreDrain]' passed (0.002 seconds).
Test Case '-[HyperTests.ClipboardPrivacyLifecycleTests testShutdownUsesRealStoreDrainAndReturnsOnlyAfterIndexIsDurable]' started.
Test Case '-[HyperTests.ClipboardPrivacyLifecycleTests testShutdownUsesRealStoreDrainAndReturnsOnlyAfterIndexIsDurable]' passed (0.009 seconds).
Test Case '-[HyperTests.ClipboardPrivacyLifecycleTests testStaleAllowedAndIgnoredSourcesNeverCrossApplicationBoundaryForOneHundredRounds]' started.
Test Case '-[HyperTests.ClipboardPrivacyLifecycleTests testStaleAllowedAndIgnoredSourcesNeverCrossApplicationBoundaryForOneHundredRounds]' passed (0.023 seconds).
Test Case '-[HyperTests.ClipboardPrivacyLifecycleTests testUnknownPollingSourceIsStoredWithoutFalseAttributionWhenNoRulesExist]' started.
Test Case '-[HyperTests.ClipboardPrivacyLifecycleTests testUnknownPollingSourceIsStoredWithoutFalseAttributionWhenNoRulesExist]' passed (0.010 seconds).
Test Case '-[HyperTests.ClipboardPrivacyLifecycleTests testUnknownPollingSourceUsesMostRestrictiveConfiguredRule]' started.
Test Case '-[HyperTests.ClipboardPrivacyLifecycleTests testUnknownPollingSourceUsesMostRestrictiveConfiguredRule]' passed (0.002 seconds).
Test Suite 'ClipboardPrivacyLifecycleTests' passed at 2026-08-27 20:11:58.603.
	 Executed 13 tests, with 0 failures (0 unexpected) in 0.134 (0.135) seconds
Test Suite 'HyperPackageTests.xctest' passed at 2026-08-27 20:11:58.603.
	 Executed 13 tests, with 0 failures (0 unexpected) in 0.134 (0.135) seconds
Test Suite 'Selected tests' passed at 2026-08-27 20:11:58.603.
	 Executed 13 tests, with 0 failures (0 unexpected) in 0.134 (0.136) seconds
◇ Test run started.
↳ Testing Library Version: 1501
↳ Target Platform: arm64e-apple-macos14.0
✔ Test run with 0 tests in 0 suites passed after 0.001 seconds.

=== privacy iteration 14 ===
Test Suite 'Selected tests' started at 2026-08-27 20:11:59.043.
Test Suite 'HyperPackageTests.xctest' started at 2026-08-27 20:11:59.043.
Test Suite 'ClipboardPrivacyLifecycleTests' started at 2026-08-27 20:11:59.044.
Test Case '-[HyperTests.ClipboardPrivacyLifecycleTests testCopySourceSnapshotSurvivesSwitchingApplicationsBeforeCapture]' started.
Test Case '-[HyperTests.ClipboardPrivacyLifecycleTests testCopySourceSnapshotSurvivesSwitchingApplicationsBeforeCapture]' passed (0.012 seconds).
Test Case '-[HyperTests.ClipboardPrivacyLifecycleTests testGlobalPauseWritesNothingAndResumeDoesNotBackfillPausedContent]' started.
Test Case '-[HyperTests.ClipboardPrivacyLifecycleTests testGlobalPauseWritesNothingAndResumeDoesNotBackfillPausedContent]' passed (0.009 seconds).
Test Case '-[HyperTests.ClipboardPrivacyLifecycleTests testIgnoredCopySourceCannotLeakAcrossOneHundredImmediateAppSwitches]' started.
Test Case '-[HyperTests.ClipboardPrivacyLifecycleTests testIgnoredCopySourceCannotLeakAcrossOneHundredImmediateAppSwitches]' passed (0.010 seconds).
Test Case '-[HyperTests.ClipboardPrivacyLifecycleTests testIgnoreTextOnlyAndNoImagesRulesAreEnforcedAtCapture]' started.
Test Case '-[HyperTests.ClipboardPrivacyLifecycleTests testIgnoreTextOnlyAndNoImagesRulesAreEnforcedAtCapture]' passed (0.014 seconds).
Test Case '-[HyperTests.ClipboardPrivacyLifecycleTests testPendingSourceIsNotBorrowedByANewUnkeyedChange]' started.
Test Case '-[HyperTests.ClipboardPrivacyLifecycleTests testPendingSourceIsNotBorrowedByANewUnkeyedChange]' passed (0.002 seconds).
Test Case '-[HyperTests.ClipboardPrivacyLifecycleTests testPendingSourceRequiresExactNextChangeCountAndShortWindow]' started.
Test Case '-[HyperTests.ClipboardPrivacyLifecycleTests testPendingSourceRequiresExactNextChangeCountAndShortWindow]' passed (0.002 seconds).
Test Case '-[HyperTests.ClipboardPrivacyLifecycleTests testShutdownQueueAndStoreShareOneHardTimeoutBudget]' started.
Test Case '-[HyperTests.ClipboardPrivacyLifecycleTests testShutdownQueueAndStoreShareOneHardTimeoutBudget]' passed (0.037 seconds).
Test Case '-[HyperTests.ClipboardPrivacyLifecycleTests testShutdownReportsIncompleteDrainWithoutRetryingForever]' started.
Test Case '-[HyperTests.ClipboardPrivacyLifecycleTests testShutdownReportsIncompleteDrainWithoutRetryingForever]' passed (0.002 seconds).
Test Case '-[HyperTests.ClipboardPrivacyLifecycleTests testShutdownReportsSuccessfulBoundedStoreDrain]' started.
Test Case '-[HyperTests.ClipboardPrivacyLifecycleTests testShutdownReportsSuccessfulBoundedStoreDrain]' passed (0.002 seconds).
Test Case '-[HyperTests.ClipboardPrivacyLifecycleTests testShutdownUsesRealStoreDrainAndReturnsOnlyAfterIndexIsDurable]' started.
Test Case '-[HyperTests.ClipboardPrivacyLifecycleTests testShutdownUsesRealStoreDrainAndReturnsOnlyAfterIndexIsDurable]' passed (0.009 seconds).
Test Case '-[HyperTests.ClipboardPrivacyLifecycleTests testStaleAllowedAndIgnoredSourcesNeverCrossApplicationBoundaryForOneHundredRounds]' started.
Test Case '-[HyperTests.ClipboardPrivacyLifecycleTests testStaleAllowedAndIgnoredSourcesNeverCrossApplicationBoundaryForOneHundredRounds]' passed (0.020 seconds).
Test Case '-[HyperTests.ClipboardPrivacyLifecycleTests testUnknownPollingSourceIsStoredWithoutFalseAttributionWhenNoRulesExist]' started.
Test Case '-[HyperTests.ClipboardPrivacyLifecycleTests testUnknownPollingSourceIsStoredWithoutFalseAttributionWhenNoRulesExist]' passed (0.009 seconds).
Test Case '-[HyperTests.ClipboardPrivacyLifecycleTests testUnknownPollingSourceUsesMostRestrictiveConfiguredRule]' started.
Test Case '-[HyperTests.ClipboardPrivacyLifecycleTests testUnknownPollingSourceUsesMostRestrictiveConfiguredRule]' passed (0.003 seconds).
Test Suite 'ClipboardPrivacyLifecycleTests' passed at 2026-08-27 20:11:59.177.
	 Executed 13 tests, with 0 failures (0 unexpected) in 0.132 (0.133) seconds
Test Suite 'HyperPackageTests.xctest' passed at 2026-08-27 20:11:59.177.
	 Executed 13 tests, with 0 failures (0 unexpected) in 0.132 (0.133) seconds
Test Suite 'Selected tests' passed at 2026-08-27 20:11:59.177.
	 Executed 13 tests, with 0 failures (0 unexpected) in 0.132 (0.134) seconds
◇ Test run started.
↳ Testing Library Version: 1501
↳ Target Platform: arm64e-apple-macos14.0
✔ Test run with 0 tests in 0 suites passed after 0.001 seconds.

=== privacy iteration 15 ===
Test Suite 'Selected tests' started at 2026-08-27 20:11:59.610.
Test Suite 'HyperPackageTests.xctest' started at 2026-08-27 20:11:59.611.
Test Suite 'ClipboardPrivacyLifecycleTests' started at 2026-08-27 20:11:59.611.
Test Case '-[HyperTests.ClipboardPrivacyLifecycleTests testCopySourceSnapshotSurvivesSwitchingApplicationsBeforeCapture]' started.
Test Case '-[HyperTests.ClipboardPrivacyLifecycleTests testCopySourceSnapshotSurvivesSwitchingApplicationsBeforeCapture]' passed (0.012 seconds).
Test Case '-[HyperTests.ClipboardPrivacyLifecycleTests testGlobalPauseWritesNothingAndResumeDoesNotBackfillPausedContent]' started.
Test Case '-[HyperTests.ClipboardPrivacyLifecycleTests testGlobalPauseWritesNothingAndResumeDoesNotBackfillPausedContent]' passed (0.009 seconds).
Test Case '-[HyperTests.ClipboardPrivacyLifecycleTests testIgnoredCopySourceCannotLeakAcrossOneHundredImmediateAppSwitches]' started.
Test Case '-[HyperTests.ClipboardPrivacyLifecycleTests testIgnoredCopySourceCannotLeakAcrossOneHundredImmediateAppSwitches]' passed (0.010 seconds).
Test Case '-[HyperTests.ClipboardPrivacyLifecycleTests testIgnoreTextOnlyAndNoImagesRulesAreEnforcedAtCapture]' started.
Test Case '-[HyperTests.ClipboardPrivacyLifecycleTests testIgnoreTextOnlyAndNoImagesRulesAreEnforcedAtCapture]' passed (0.015 seconds).
Test Case '-[HyperTests.ClipboardPrivacyLifecycleTests testPendingSourceIsNotBorrowedByANewUnkeyedChange]' started.
Test Case '-[HyperTests.ClipboardPrivacyLifecycleTests testPendingSourceIsNotBorrowedByANewUnkeyedChange]' passed (0.002 seconds).
Test Case '-[HyperTests.ClipboardPrivacyLifecycleTests testPendingSourceRequiresExactNextChangeCountAndShortWindow]' started.
Test Case '-[HyperTests.ClipboardPrivacyLifecycleTests testPendingSourceRequiresExactNextChangeCountAndShortWindow]' passed (0.002 seconds).
Test Case '-[HyperTests.ClipboardPrivacyLifecycleTests testShutdownQueueAndStoreShareOneHardTimeoutBudget]' started.
Test Case '-[HyperTests.ClipboardPrivacyLifecycleTests testShutdownQueueAndStoreShareOneHardTimeoutBudget]' passed (0.035 seconds).
Test Case '-[HyperTests.ClipboardPrivacyLifecycleTests testShutdownReportsIncompleteDrainWithoutRetryingForever]' started.
Test Case '-[HyperTests.ClipboardPrivacyLifecycleTests testShutdownReportsIncompleteDrainWithoutRetryingForever]' passed (0.002 seconds).
Test Case '-[HyperTests.ClipboardPrivacyLifecycleTests testShutdownReportsSuccessfulBoundedStoreDrain]' started.
Test Case '-[HyperTests.ClipboardPrivacyLifecycleTests testShutdownReportsSuccessfulBoundedStoreDrain]' passed (0.002 seconds).
Test Case '-[HyperTests.ClipboardPrivacyLifecycleTests testShutdownUsesRealStoreDrainAndReturnsOnlyAfterIndexIsDurable]' started.
Test Case '-[HyperTests.ClipboardPrivacyLifecycleTests testShutdownUsesRealStoreDrainAndReturnsOnlyAfterIndexIsDurable]' passed (0.009 seconds).
Test Case '-[HyperTests.ClipboardPrivacyLifecycleTests testStaleAllowedAndIgnoredSourcesNeverCrossApplicationBoundaryForOneHundredRounds]' started.
Test Case '-[HyperTests.ClipboardPrivacyLifecycleTests testStaleAllowedAndIgnoredSourcesNeverCrossApplicationBoundaryForOneHundredRounds]' passed (0.024 seconds).
Test Case '-[HyperTests.ClipboardPrivacyLifecycleTests testUnknownPollingSourceIsStoredWithoutFalseAttributionWhenNoRulesExist]' started.
Test Case '-[HyperTests.ClipboardPrivacyLifecycleTests testUnknownPollingSourceIsStoredWithoutFalseAttributionWhenNoRulesExist]' passed (0.009 seconds).
Test Case '-[HyperTests.ClipboardPrivacyLifecycleTests testUnknownPollingSourceUsesMostRestrictiveConfiguredRule]' started.
Test Case '-[HyperTests.ClipboardPrivacyLifecycleTests testUnknownPollingSourceUsesMostRestrictiveConfiguredRule]' passed (0.003 seconds).
Test Suite 'ClipboardPrivacyLifecycleTests' passed at 2026-08-27 20:11:59.746.
	 Executed 13 tests, with 0 failures (0 unexpected) in 0.134 (0.135) seconds
Test Suite 'HyperPackageTests.xctest' passed at 2026-08-27 20:11:59.746.
	 Executed 13 tests, with 0 failures (0 unexpected) in 0.134 (0.135) seconds
Test Suite 'Selected tests' passed at 2026-08-27 20:11:59.746.
	 Executed 13 tests, with 0 failures (0 unexpected) in 0.134 (0.136) seconds
◇ Test run started.
↳ Testing Library Version: 1501
↳ Target Platform: arm64e-apple-macos14.0
✔ Test run with 0 tests in 0 suites passed after 0.001 seconds.

=== privacy iteration 16 ===
Test Suite 'Selected tests' started at 2026-08-27 20:12:00.188.
Test Suite 'HyperPackageTests.xctest' started at 2026-08-27 20:12:00.189.
Test Suite 'ClipboardPrivacyLifecycleTests' started at 2026-08-27 20:12:00.189.
Test Case '-[HyperTests.ClipboardPrivacyLifecycleTests testCopySourceSnapshotSurvivesSwitchingApplicationsBeforeCapture]' started.
Test Case '-[HyperTests.ClipboardPrivacyLifecycleTests testCopySourceSnapshotSurvivesSwitchingApplicationsBeforeCapture]' passed (0.012 seconds).
Test Case '-[HyperTests.ClipboardPrivacyLifecycleTests testGlobalPauseWritesNothingAndResumeDoesNotBackfillPausedContent]' started.
Test Case '-[HyperTests.ClipboardPrivacyLifecycleTests testGlobalPauseWritesNothingAndResumeDoesNotBackfillPausedContent]' passed (0.009 seconds).
Test Case '-[HyperTests.ClipboardPrivacyLifecycleTests testIgnoredCopySourceCannotLeakAcrossOneHundredImmediateAppSwitches]' started.
Test Case '-[HyperTests.ClipboardPrivacyLifecycleTests testIgnoredCopySourceCannotLeakAcrossOneHundredImmediateAppSwitches]' passed (0.012 seconds).
Test Case '-[HyperTests.ClipboardPrivacyLifecycleTests testIgnoreTextOnlyAndNoImagesRulesAreEnforcedAtCapture]' started.
Test Case '-[HyperTests.ClipboardPrivacyLifecycleTests testIgnoreTextOnlyAndNoImagesRulesAreEnforcedAtCapture]' passed (0.015 seconds).
Test Case '-[HyperTests.ClipboardPrivacyLifecycleTests testPendingSourceIsNotBorrowedByANewUnkeyedChange]' started.
Test Case '-[HyperTests.ClipboardPrivacyLifecycleTests testPendingSourceIsNotBorrowedByANewUnkeyedChange]' passed (0.002 seconds).
Test Case '-[HyperTests.ClipboardPrivacyLifecycleTests testPendingSourceRequiresExactNextChangeCountAndShortWindow]' started.
Test Case '-[HyperTests.ClipboardPrivacyLifecycleTests testPendingSourceRequiresExactNextChangeCountAndShortWindow]' passed (0.002 seconds).
Test Case '-[HyperTests.ClipboardPrivacyLifecycleTests testShutdownQueueAndStoreShareOneHardTimeoutBudget]' started.
Test Case '-[HyperTests.ClipboardPrivacyLifecycleTests testShutdownQueueAndStoreShareOneHardTimeoutBudget]' passed (0.034 seconds).
Test Case '-[HyperTests.ClipboardPrivacyLifecycleTests testShutdownReportsIncompleteDrainWithoutRetryingForever]' started.
Test Case '-[HyperTests.ClipboardPrivacyLifecycleTests testShutdownReportsIncompleteDrainWithoutRetryingForever]' passed (0.002 seconds).
Test Case '-[HyperTests.ClipboardPrivacyLifecycleTests testShutdownReportsSuccessfulBoundedStoreDrain]' started.
Test Case '-[HyperTests.ClipboardPrivacyLifecycleTests testShutdownReportsSuccessfulBoundedStoreDrain]' passed (0.002 seconds).
Test Case '-[HyperTests.ClipboardPrivacyLifecycleTests testShutdownUsesRealStoreDrainAndReturnsOnlyAfterIndexIsDurable]' started.
Test Case '-[HyperTests.ClipboardPrivacyLifecycleTests testShutdownUsesRealStoreDrainAndReturnsOnlyAfterIndexIsDurable]' passed (0.009 seconds).
Test Case '-[HyperTests.ClipboardPrivacyLifecycleTests testStaleAllowedAndIgnoredSourcesNeverCrossApplicationBoundaryForOneHundredRounds]' started.
Test Case '-[HyperTests.ClipboardPrivacyLifecycleTests testStaleAllowedAndIgnoredSourcesNeverCrossApplicationBoundaryForOneHundredRounds]' passed (0.020 seconds).
Test Case '-[HyperTests.ClipboardPrivacyLifecycleTests testUnknownPollingSourceIsStoredWithoutFalseAttributionWhenNoRulesExist]' started.
Test Case '-[HyperTests.ClipboardPrivacyLifecycleTests testUnknownPollingSourceIsStoredWithoutFalseAttributionWhenNoRulesExist]' passed (0.009 seconds).
Test Case '-[HyperTests.ClipboardPrivacyLifecycleTests testUnknownPollingSourceUsesMostRestrictiveConfiguredRule]' started.
Test Case '-[HyperTests.ClipboardPrivacyLifecycleTests testUnknownPollingSourceUsesMostRestrictiveConfiguredRule]' passed (0.003 seconds).
Test Suite 'ClipboardPrivacyLifecycleTests' passed at 2026-08-27 20:12:00.320.
	 Executed 13 tests, with 0 failures (0 unexpected) in 0.130 (0.131) seconds
Test Suite 'HyperPackageTests.xctest' passed at 2026-08-27 20:12:00.320.
	 Executed 13 tests, with 0 failures (0 unexpected) in 0.130 (0.131) seconds
Test Suite 'Selected tests' passed at 2026-08-27 20:12:00.320.
	 Executed 13 tests, with 0 failures (0 unexpected) in 0.130 (0.132) seconds
◇ Test run started.
↳ Testing Library Version: 1501
↳ Target Platform: arm64e-apple-macos14.0
✔ Test run with 0 tests in 0 suites passed after 0.001 seconds.

=== privacy iteration 17 ===
Test Suite 'Selected tests' started at 2026-08-27 20:12:00.754.
Test Suite 'HyperPackageTests.xctest' started at 2026-08-27 20:12:00.754.
Test Suite 'ClipboardPrivacyLifecycleTests' started at 2026-08-27 20:12:00.754.
Test Case '-[HyperTests.ClipboardPrivacyLifecycleTests testCopySourceSnapshotSurvivesSwitchingApplicationsBeforeCapture]' started.
Test Case '-[HyperTests.ClipboardPrivacyLifecycleTests testCopySourceSnapshotSurvivesSwitchingApplicationsBeforeCapture]' passed (0.012 seconds).
Test Case '-[HyperTests.ClipboardPrivacyLifecycleTests testGlobalPauseWritesNothingAndResumeDoesNotBackfillPausedContent]' started.
Test Case '-[HyperTests.ClipboardPrivacyLifecycleTests testGlobalPauseWritesNothingAndResumeDoesNotBackfillPausedContent]' passed (0.009 seconds).
Test Case '-[HyperTests.ClipboardPrivacyLifecycleTests testIgnoredCopySourceCannotLeakAcrossOneHundredImmediateAppSwitches]' started.
Test Case '-[HyperTests.ClipboardPrivacyLifecycleTests testIgnoredCopySourceCannotLeakAcrossOneHundredImmediateAppSwitches]' passed (0.010 seconds).
Test Case '-[HyperTests.ClipboardPrivacyLifecycleTests testIgnoreTextOnlyAndNoImagesRulesAreEnforcedAtCapture]' started.
Test Case '-[HyperTests.ClipboardPrivacyLifecycleTests testIgnoreTextOnlyAndNoImagesRulesAreEnforcedAtCapture]' passed (0.015 seconds).
Test Case '-[HyperTests.ClipboardPrivacyLifecycleTests testPendingSourceIsNotBorrowedByANewUnkeyedChange]' started.
Test Case '-[HyperTests.ClipboardPrivacyLifecycleTests testPendingSourceIsNotBorrowedByANewUnkeyedChange]' passed (0.002 seconds).
Test Case '-[HyperTests.ClipboardPrivacyLifecycleTests testPendingSourceRequiresExactNextChangeCountAndShortWindow]' started.
Test Case '-[HyperTests.ClipboardPrivacyLifecycleTests testPendingSourceRequiresExactNextChangeCountAndShortWindow]' passed (0.002 seconds).
Test Case '-[HyperTests.ClipboardPrivacyLifecycleTests testShutdownQueueAndStoreShareOneHardTimeoutBudget]' started.
Test Case '-[HyperTests.ClipboardPrivacyLifecycleTests testShutdownQueueAndStoreShareOneHardTimeoutBudget]' passed (0.037 seconds).
Test Case '-[HyperTests.ClipboardPrivacyLifecycleTests testShutdownReportsIncompleteDrainWithoutRetryingForever]' started.
Test Case '-[HyperTests.ClipboardPrivacyLifecycleTests testShutdownReportsIncompleteDrainWithoutRetryingForever]' passed (0.002 seconds).
Test Case '-[HyperTests.ClipboardPrivacyLifecycleTests testShutdownReportsSuccessfulBoundedStoreDrain]' started.
Test Case '-[HyperTests.ClipboardPrivacyLifecycleTests testShutdownReportsSuccessfulBoundedStoreDrain]' passed (0.002 seconds).
Test Case '-[HyperTests.ClipboardPrivacyLifecycleTests testShutdownUsesRealStoreDrainAndReturnsOnlyAfterIndexIsDurable]' started.
Test Case '-[HyperTests.ClipboardPrivacyLifecycleTests testShutdownUsesRealStoreDrainAndReturnsOnlyAfterIndexIsDurable]' passed (0.009 seconds).
Test Case '-[HyperTests.ClipboardPrivacyLifecycleTests testStaleAllowedAndIgnoredSourcesNeverCrossApplicationBoundaryForOneHundredRounds]' started.
Test Case '-[HyperTests.ClipboardPrivacyLifecycleTests testStaleAllowedAndIgnoredSourcesNeverCrossApplicationBoundaryForOneHundredRounds]' passed (0.022 seconds).
Test Case '-[HyperTests.ClipboardPrivacyLifecycleTests testUnknownPollingSourceIsStoredWithoutFalseAttributionWhenNoRulesExist]' started.
Test Case '-[HyperTests.ClipboardPrivacyLifecycleTests testUnknownPollingSourceIsStoredWithoutFalseAttributionWhenNoRulesExist]' passed (0.009 seconds).
Test Case '-[HyperTests.ClipboardPrivacyLifecycleTests testUnknownPollingSourceUsesMostRestrictiveConfiguredRule]' started.
Test Case '-[HyperTests.ClipboardPrivacyLifecycleTests testUnknownPollingSourceUsesMostRestrictiveConfiguredRule]' passed (0.003 seconds).
Test Suite 'ClipboardPrivacyLifecycleTests' passed at 2026-08-27 20:12:00.890.
	 Executed 13 tests, with 0 failures (0 unexpected) in 0.135 (0.136) seconds
Test Suite 'HyperPackageTests.xctest' passed at 2026-08-27 20:12:00.890.
	 Executed 13 tests, with 0 failures (0 unexpected) in 0.135 (0.136) seconds
Test Suite 'Selected tests' passed at 2026-08-27 20:12:00.890.
	 Executed 13 tests, with 0 failures (0 unexpected) in 0.135 (0.137) seconds
◇ Test run started.
↳ Testing Library Version: 1501
↳ Target Platform: arm64e-apple-macos14.0
✔ Test run with 0 tests in 0 suites passed after 0.001 seconds.

=== privacy iteration 18 ===
Test Suite 'Selected tests' started at 2026-08-27 20:12:01.341.
Test Suite 'HyperPackageTests.xctest' started at 2026-08-27 20:12:01.342.
Test Suite 'ClipboardPrivacyLifecycleTests' started at 2026-08-27 20:12:01.342.
Test Case '-[HyperTests.ClipboardPrivacyLifecycleTests testCopySourceSnapshotSurvivesSwitchingApplicationsBeforeCapture]' started.
Test Case '-[HyperTests.ClipboardPrivacyLifecycleTests testCopySourceSnapshotSurvivesSwitchingApplicationsBeforeCapture]' passed (0.014 seconds).
Test Case '-[HyperTests.ClipboardPrivacyLifecycleTests testGlobalPauseWritesNothingAndResumeDoesNotBackfillPausedContent]' started.
Test Case '-[HyperTests.ClipboardPrivacyLifecycleTests testGlobalPauseWritesNothingAndResumeDoesNotBackfillPausedContent]' passed (0.008 seconds).
Test Case '-[HyperTests.ClipboardPrivacyLifecycleTests testIgnoredCopySourceCannotLeakAcrossOneHundredImmediateAppSwitches]' started.
Test Case '-[HyperTests.ClipboardPrivacyLifecycleTests testIgnoredCopySourceCannotLeakAcrossOneHundredImmediateAppSwitches]' passed (0.011 seconds).
Test Case '-[HyperTests.ClipboardPrivacyLifecycleTests testIgnoreTextOnlyAndNoImagesRulesAreEnforcedAtCapture]' started.
Test Case '-[HyperTests.ClipboardPrivacyLifecycleTests testIgnoreTextOnlyAndNoImagesRulesAreEnforcedAtCapture]' passed (0.014 seconds).
Test Case '-[HyperTests.ClipboardPrivacyLifecycleTests testPendingSourceIsNotBorrowedByANewUnkeyedChange]' started.
Test Case '-[HyperTests.ClipboardPrivacyLifecycleTests testPendingSourceIsNotBorrowedByANewUnkeyedChange]' passed (0.002 seconds).
Test Case '-[HyperTests.ClipboardPrivacyLifecycleTests testPendingSourceRequiresExactNextChangeCountAndShortWindow]' started.
Test Case '-[HyperTests.ClipboardPrivacyLifecycleTests testPendingSourceRequiresExactNextChangeCountAndShortWindow]' passed (0.002 seconds).
Test Case '-[HyperTests.ClipboardPrivacyLifecycleTests testShutdownQueueAndStoreShareOneHardTimeoutBudget]' started.
Test Case '-[HyperTests.ClipboardPrivacyLifecycleTests testShutdownQueueAndStoreShareOneHardTimeoutBudget]' passed (0.037 seconds).
Test Case '-[HyperTests.ClipboardPrivacyLifecycleTests testShutdownReportsIncompleteDrainWithoutRetryingForever]' started.
Test Case '-[HyperTests.ClipboardPrivacyLifecycleTests testShutdownReportsIncompleteDrainWithoutRetryingForever]' passed (0.002 seconds).
Test Case '-[HyperTests.ClipboardPrivacyLifecycleTests testShutdownReportsSuccessfulBoundedStoreDrain]' started.
Test Case '-[HyperTests.ClipboardPrivacyLifecycleTests testShutdownReportsSuccessfulBoundedStoreDrain]' passed (0.002 seconds).
Test Case '-[HyperTests.ClipboardPrivacyLifecycleTests testShutdownUsesRealStoreDrainAndReturnsOnlyAfterIndexIsDurable]' started.
Test Case '-[HyperTests.ClipboardPrivacyLifecycleTests testShutdownUsesRealStoreDrainAndReturnsOnlyAfterIndexIsDurable]' passed (0.009 seconds).
Test Case '-[HyperTests.ClipboardPrivacyLifecycleTests testStaleAllowedAndIgnoredSourcesNeverCrossApplicationBoundaryForOneHundredRounds]' started.
Test Case '-[HyperTests.ClipboardPrivacyLifecycleTests testStaleAllowedAndIgnoredSourcesNeverCrossApplicationBoundaryForOneHundredRounds]' passed (0.019 seconds).
Test Case '-[HyperTests.ClipboardPrivacyLifecycleTests testUnknownPollingSourceIsStoredWithoutFalseAttributionWhenNoRulesExist]' started.
Test Case '-[HyperTests.ClipboardPrivacyLifecycleTests testUnknownPollingSourceIsStoredWithoutFalseAttributionWhenNoRulesExist]' passed (0.009 seconds).
Test Case '-[HyperTests.ClipboardPrivacyLifecycleTests testUnknownPollingSourceUsesMostRestrictiveConfiguredRule]' started.
Test Case '-[HyperTests.ClipboardPrivacyLifecycleTests testUnknownPollingSourceUsesMostRestrictiveConfiguredRule]' passed (0.003 seconds).
Test Suite 'ClipboardPrivacyLifecycleTests' passed at 2026-08-27 20:12:01.475.
	 Executed 13 tests, with 0 failures (0 unexpected) in 0.132 (0.133) seconds
Test Suite 'HyperPackageTests.xctest' passed at 2026-08-27 20:12:01.475.
	 Executed 13 tests, with 0 failures (0 unexpected) in 0.132 (0.133) seconds
Test Suite 'Selected tests' passed at 2026-08-27 20:12:01.475.
	 Executed 13 tests, with 0 failures (0 unexpected) in 0.132 (0.134) seconds
◇ Test run started.
↳ Testing Library Version: 1501
↳ Target Platform: arm64e-apple-macos14.0
✔ Test run with 0 tests in 0 suites passed after 0.001 seconds.

=== privacy iteration 19 ===
Test Suite 'Selected tests' started at 2026-08-27 20:12:01.913.
Test Suite 'HyperPackageTests.xctest' started at 2026-08-27 20:12:01.914.
Test Suite 'ClipboardPrivacyLifecycleTests' started at 2026-08-27 20:12:01.914.
Test Case '-[HyperTests.ClipboardPrivacyLifecycleTests testCopySourceSnapshotSurvivesSwitchingApplicationsBeforeCapture]' started.
Test Case '-[HyperTests.ClipboardPrivacyLifecycleTests testCopySourceSnapshotSurvivesSwitchingApplicationsBeforeCapture]' passed (0.013 seconds).
Test Case '-[HyperTests.ClipboardPrivacyLifecycleTests testGlobalPauseWritesNothingAndResumeDoesNotBackfillPausedContent]' started.
Test Case '-[HyperTests.ClipboardPrivacyLifecycleTests testGlobalPauseWritesNothingAndResumeDoesNotBackfillPausedContent]' passed (0.009 seconds).
Test Case '-[HyperTests.ClipboardPrivacyLifecycleTests testIgnoredCopySourceCannotLeakAcrossOneHundredImmediateAppSwitches]' started.
Test Case '-[HyperTests.ClipboardPrivacyLifecycleTests testIgnoredCopySourceCannotLeakAcrossOneHundredImmediateAppSwitches]' passed (0.010 seconds).
Test Case '-[HyperTests.ClipboardPrivacyLifecycleTests testIgnoreTextOnlyAndNoImagesRulesAreEnforcedAtCapture]' started.
Test Case '-[HyperTests.ClipboardPrivacyLifecycleTests testIgnoreTextOnlyAndNoImagesRulesAreEnforcedAtCapture]' passed (0.016 seconds).
Test Case '-[HyperTests.ClipboardPrivacyLifecycleTests testPendingSourceIsNotBorrowedByANewUnkeyedChange]' started.
Test Case '-[HyperTests.ClipboardPrivacyLifecycleTests testPendingSourceIsNotBorrowedByANewUnkeyedChange]' passed (0.002 seconds).
Test Case '-[HyperTests.ClipboardPrivacyLifecycleTests testPendingSourceRequiresExactNextChangeCountAndShortWindow]' started.
Test Case '-[HyperTests.ClipboardPrivacyLifecycleTests testPendingSourceRequiresExactNextChangeCountAndShortWindow]' passed (0.002 seconds).
Test Case '-[HyperTests.ClipboardPrivacyLifecycleTests testShutdownQueueAndStoreShareOneHardTimeoutBudget]' started.
Test Case '-[HyperTests.ClipboardPrivacyLifecycleTests testShutdownQueueAndStoreShareOneHardTimeoutBudget]' passed (0.034 seconds).
Test Case '-[HyperTests.ClipboardPrivacyLifecycleTests testShutdownReportsIncompleteDrainWithoutRetryingForever]' started.
Test Case '-[HyperTests.ClipboardPrivacyLifecycleTests testShutdownReportsIncompleteDrainWithoutRetryingForever]' passed (0.002 seconds).
Test Case '-[HyperTests.ClipboardPrivacyLifecycleTests testShutdownReportsSuccessfulBoundedStoreDrain]' started.
Test Case '-[HyperTests.ClipboardPrivacyLifecycleTests testShutdownReportsSuccessfulBoundedStoreDrain]' passed (0.002 seconds).
Test Case '-[HyperTests.ClipboardPrivacyLifecycleTests testShutdownUsesRealStoreDrainAndReturnsOnlyAfterIndexIsDurable]' started.
Test Case '-[HyperTests.ClipboardPrivacyLifecycleTests testShutdownUsesRealStoreDrainAndReturnsOnlyAfterIndexIsDurable]' passed (0.009 seconds).
Test Case '-[HyperTests.ClipboardPrivacyLifecycleTests testStaleAllowedAndIgnoredSourcesNeverCrossApplicationBoundaryForOneHundredRounds]' started.
Test Case '-[HyperTests.ClipboardPrivacyLifecycleTests testStaleAllowedAndIgnoredSourcesNeverCrossApplicationBoundaryForOneHundredRounds]' passed (0.019 seconds).
Test Case '-[HyperTests.ClipboardPrivacyLifecycleTests testUnknownPollingSourceIsStoredWithoutFalseAttributionWhenNoRulesExist]' started.
Test Case '-[HyperTests.ClipboardPrivacyLifecycleTests testUnknownPollingSourceIsStoredWithoutFalseAttributionWhenNoRulesExist]' passed (0.009 seconds).
Test Case '-[HyperTests.ClipboardPrivacyLifecycleTests testUnknownPollingSourceUsesMostRestrictiveConfiguredRule]' started.
Test Case '-[HyperTests.ClipboardPrivacyLifecycleTests testUnknownPollingSourceUsesMostRestrictiveConfiguredRule]' passed (0.002 seconds).
Test Suite 'ClipboardPrivacyLifecycleTests' passed at 2026-08-27 20:12:02.044.
	 Executed 13 tests, with 0 failures (0 unexpected) in 0.129 (0.130) seconds
Test Suite 'HyperPackageTests.xctest' passed at 2026-08-27 20:12:02.044.
	 Executed 13 tests, with 0 failures (0 unexpected) in 0.129 (0.130) seconds
Test Suite 'Selected tests' passed at 2026-08-27 20:12:02.044.
	 Executed 13 tests, with 0 failures (0 unexpected) in 0.129 (0.131) seconds
◇ Test run started.
↳ Testing Library Version: 1501
↳ Target Platform: arm64e-apple-macos14.0
✔ Test run with 0 tests in 0 suites passed after 0.001 seconds.

=== privacy iteration 20 ===
Test Suite 'Selected tests' started at 2026-08-27 20:12:02.478.
Test Suite 'HyperPackageTests.xctest' started at 2026-08-27 20:12:02.479.
Test Suite 'ClipboardPrivacyLifecycleTests' started at 2026-08-27 20:12:02.479.
Test Case '-[HyperTests.ClipboardPrivacyLifecycleTests testCopySourceSnapshotSurvivesSwitchingApplicationsBeforeCapture]' started.
Test Case '-[HyperTests.ClipboardPrivacyLifecycleTests testCopySourceSnapshotSurvivesSwitchingApplicationsBeforeCapture]' passed (0.014 seconds).
Test Case '-[HyperTests.ClipboardPrivacyLifecycleTests testGlobalPauseWritesNothingAndResumeDoesNotBackfillPausedContent]' started.
Test Case '-[HyperTests.ClipboardPrivacyLifecycleTests testGlobalPauseWritesNothingAndResumeDoesNotBackfillPausedContent]' passed (0.009 seconds).
Test Case '-[HyperTests.ClipboardPrivacyLifecycleTests testIgnoredCopySourceCannotLeakAcrossOneHundredImmediateAppSwitches]' started.
Test Case '-[HyperTests.ClipboardPrivacyLifecycleTests testIgnoredCopySourceCannotLeakAcrossOneHundredImmediateAppSwitches]' passed (0.011 seconds).
Test Case '-[HyperTests.ClipboardPrivacyLifecycleTests testIgnoreTextOnlyAndNoImagesRulesAreEnforcedAtCapture]' started.
Test Case '-[HyperTests.ClipboardPrivacyLifecycleTests testIgnoreTextOnlyAndNoImagesRulesAreEnforcedAtCapture]' passed (0.014 seconds).
Test Case '-[HyperTests.ClipboardPrivacyLifecycleTests testPendingSourceIsNotBorrowedByANewUnkeyedChange]' started.
Test Case '-[HyperTests.ClipboardPrivacyLifecycleTests testPendingSourceIsNotBorrowedByANewUnkeyedChange]' passed (0.002 seconds).
Test Case '-[HyperTests.ClipboardPrivacyLifecycleTests testPendingSourceRequiresExactNextChangeCountAndShortWindow]' started.
Test Case '-[HyperTests.ClipboardPrivacyLifecycleTests testPendingSourceRequiresExactNextChangeCountAndShortWindow]' passed (0.002 seconds).
Test Case '-[HyperTests.ClipboardPrivacyLifecycleTests testShutdownQueueAndStoreShareOneHardTimeoutBudget]' started.
Test Case '-[HyperTests.ClipboardPrivacyLifecycleTests testShutdownQueueAndStoreShareOneHardTimeoutBudget]' passed (0.036 seconds).
Test Case '-[HyperTests.ClipboardPrivacyLifecycleTests testShutdownReportsIncompleteDrainWithoutRetryingForever]' started.
Test Case '-[HyperTests.ClipboardPrivacyLifecycleTests testShutdownReportsIncompleteDrainWithoutRetryingForever]' passed (0.002 seconds).
Test Case '-[HyperTests.ClipboardPrivacyLifecycleTests testShutdownReportsSuccessfulBoundedStoreDrain]' started.
Test Case '-[HyperTests.ClipboardPrivacyLifecycleTests testShutdownReportsSuccessfulBoundedStoreDrain]' passed (0.003 seconds).
Test Case '-[HyperTests.ClipboardPrivacyLifecycleTests testShutdownUsesRealStoreDrainAndReturnsOnlyAfterIndexIsDurable]' started.
Test Case '-[HyperTests.ClipboardPrivacyLifecycleTests testShutdownUsesRealStoreDrainAndReturnsOnlyAfterIndexIsDurable]' passed (0.010 seconds).
Test Case '-[HyperTests.ClipboardPrivacyLifecycleTests testStaleAllowedAndIgnoredSourcesNeverCrossApplicationBoundaryForOneHundredRounds]' started.
Test Case '-[HyperTests.ClipboardPrivacyLifecycleTests testStaleAllowedAndIgnoredSourcesNeverCrossApplicationBoundaryForOneHundredRounds]' passed (0.019 seconds).
Test Case '-[HyperTests.ClipboardPrivacyLifecycleTests testUnknownPollingSourceIsStoredWithoutFalseAttributionWhenNoRulesExist]' started.
Test Case '-[HyperTests.ClipboardPrivacyLifecycleTests testUnknownPollingSourceIsStoredWithoutFalseAttributionWhenNoRulesExist]' passed (0.010 seconds).
Test Case '-[HyperTests.ClipboardPrivacyLifecycleTests testUnknownPollingSourceUsesMostRestrictiveConfiguredRule]' started.
Test Case '-[HyperTests.ClipboardPrivacyLifecycleTests testUnknownPollingSourceUsesMostRestrictiveConfiguredRule]' passed (0.003 seconds).
Test Suite 'ClipboardPrivacyLifecycleTests' passed at 2026-08-27 20:12:02.614.
	 Executed 13 tests, with 0 failures (0 unexpected) in 0.134 (0.135) seconds
Test Suite 'HyperPackageTests.xctest' passed at 2026-08-27 20:12:02.614.
	 Executed 13 tests, with 0 failures (0 unexpected) in 0.134 (0.135) seconds
Test Suite 'Selected tests' passed at 2026-08-27 20:12:02.614.
	 Executed 13 tests, with 0 failures (0 unexpected) in 0.134 (0.136) seconds
◇ Test run started.
↳ Testing Library Version: 1501
↳ Target Platform: arm64e-apple-macos14.0
✔ Test run with 0 tests in 0 suites passed after 0.001 seconds.

=== privacy iteration 21 ===
Test Suite 'Selected tests' started at 2026-08-27 20:12:03.058.
Test Suite 'HyperPackageTests.xctest' started at 2026-08-27 20:12:03.059.
Test Suite 'ClipboardPrivacyLifecycleTests' started at 2026-08-27 20:12:03.059.
Test Case '-[HyperTests.ClipboardPrivacyLifecycleTests testCopySourceSnapshotSurvivesSwitchingApplicationsBeforeCapture]' started.
Test Case '-[HyperTests.ClipboardPrivacyLifecycleTests testCopySourceSnapshotSurvivesSwitchingApplicationsBeforeCapture]' passed (0.013 seconds).
Test Case '-[HyperTests.ClipboardPrivacyLifecycleTests testGlobalPauseWritesNothingAndResumeDoesNotBackfillPausedContent]' started.
Test Case '-[HyperTests.ClipboardPrivacyLifecycleTests testGlobalPauseWritesNothingAndResumeDoesNotBackfillPausedContent]' passed (0.009 seconds).
Test Case '-[HyperTests.ClipboardPrivacyLifecycleTests testIgnoredCopySourceCannotLeakAcrossOneHundredImmediateAppSwitches]' started.
Test Case '-[HyperTests.ClipboardPrivacyLifecycleTests testIgnoredCopySourceCannotLeakAcrossOneHundredImmediateAppSwitches]' passed (0.010 seconds).
Test Case '-[HyperTests.ClipboardPrivacyLifecycleTests testIgnoreTextOnlyAndNoImagesRulesAreEnforcedAtCapture]' started.
Test Case '-[HyperTests.ClipboardPrivacyLifecycleTests testIgnoreTextOnlyAndNoImagesRulesAreEnforcedAtCapture]' passed (0.015 seconds).
Test Case '-[HyperTests.ClipboardPrivacyLifecycleTests testPendingSourceIsNotBorrowedByANewUnkeyedChange]' started.
Test Case '-[HyperTests.ClipboardPrivacyLifecycleTests testPendingSourceIsNotBorrowedByANewUnkeyedChange]' passed (0.002 seconds).
Test Case '-[HyperTests.ClipboardPrivacyLifecycleTests testPendingSourceRequiresExactNextChangeCountAndShortWindow]' started.
Test Case '-[HyperTests.ClipboardPrivacyLifecycleTests testPendingSourceRequiresExactNextChangeCountAndShortWindow]' passed (0.002 seconds).
Test Case '-[HyperTests.ClipboardPrivacyLifecycleTests testShutdownQueueAndStoreShareOneHardTimeoutBudget]' started.
Test Case '-[HyperTests.ClipboardPrivacyLifecycleTests testShutdownQueueAndStoreShareOneHardTimeoutBudget]' passed (0.033 seconds).
Test Case '-[HyperTests.ClipboardPrivacyLifecycleTests testShutdownReportsIncompleteDrainWithoutRetryingForever]' started.
Test Case '-[HyperTests.ClipboardPrivacyLifecycleTests testShutdownReportsIncompleteDrainWithoutRetryingForever]' passed (0.002 seconds).
Test Case '-[HyperTests.ClipboardPrivacyLifecycleTests testShutdownReportsSuccessfulBoundedStoreDrain]' started.
Test Case '-[HyperTests.ClipboardPrivacyLifecycleTests testShutdownReportsSuccessfulBoundedStoreDrain]' passed (0.002 seconds).
Test Case '-[HyperTests.ClipboardPrivacyLifecycleTests testShutdownUsesRealStoreDrainAndReturnsOnlyAfterIndexIsDurable]' started.
Test Case '-[HyperTests.ClipboardPrivacyLifecycleTests testShutdownUsesRealStoreDrainAndReturnsOnlyAfterIndexIsDurable]' passed (0.009 seconds).
Test Case '-[HyperTests.ClipboardPrivacyLifecycleTests testStaleAllowedAndIgnoredSourcesNeverCrossApplicationBoundaryForOneHundredRounds]' started.
Test Case '-[HyperTests.ClipboardPrivacyLifecycleTests testStaleAllowedAndIgnoredSourcesNeverCrossApplicationBoundaryForOneHundredRounds]' passed (0.019 seconds).
Test Case '-[HyperTests.ClipboardPrivacyLifecycleTests testUnknownPollingSourceIsStoredWithoutFalseAttributionWhenNoRulesExist]' started.
Test Case '-[HyperTests.ClipboardPrivacyLifecycleTests testUnknownPollingSourceIsStoredWithoutFalseAttributionWhenNoRulesExist]' passed (0.009 seconds).
Test Case '-[HyperTests.ClipboardPrivacyLifecycleTests testUnknownPollingSourceUsesMostRestrictiveConfiguredRule]' started.
Test Case '-[HyperTests.ClipboardPrivacyLifecycleTests testUnknownPollingSourceUsesMostRestrictiveConfiguredRule]' passed (0.003 seconds).
Test Suite 'ClipboardPrivacyLifecycleTests' passed at 2026-08-27 20:12:03.187.
	 Executed 13 tests, with 0 failures (0 unexpected) in 0.127 (0.128) seconds
Test Suite 'HyperPackageTests.xctest' passed at 2026-08-27 20:12:03.187.
	 Executed 13 tests, with 0 failures (0 unexpected) in 0.127 (0.128) seconds
Test Suite 'Selected tests' passed at 2026-08-27 20:12:03.187.
	 Executed 13 tests, with 0 failures (0 unexpected) in 0.127 (0.129) seconds
◇ Test run started.
↳ Testing Library Version: 1501
↳ Target Platform: arm64e-apple-macos14.0
✔ Test run with 0 tests in 0 suites passed after 0.001 seconds.

=== privacy iteration 22 ===
Test Suite 'Selected tests' started at 2026-08-27 20:12:03.617.
Test Suite 'HyperPackageTests.xctest' started at 2026-08-27 20:12:03.618.
Test Suite 'ClipboardPrivacyLifecycleTests' started at 2026-08-27 20:12:03.618.
Test Case '-[HyperTests.ClipboardPrivacyLifecycleTests testCopySourceSnapshotSurvivesSwitchingApplicationsBeforeCapture]' started.
Test Case '-[HyperTests.ClipboardPrivacyLifecycleTests testCopySourceSnapshotSurvivesSwitchingApplicationsBeforeCapture]' passed (0.012 seconds).
Test Case '-[HyperTests.ClipboardPrivacyLifecycleTests testGlobalPauseWritesNothingAndResumeDoesNotBackfillPausedContent]' started.
Test Case '-[HyperTests.ClipboardPrivacyLifecycleTests testGlobalPauseWritesNothingAndResumeDoesNotBackfillPausedContent]' passed (0.008 seconds).
Test Case '-[HyperTests.ClipboardPrivacyLifecycleTests testIgnoredCopySourceCannotLeakAcrossOneHundredImmediateAppSwitches]' started.
Test Case '-[HyperTests.ClipboardPrivacyLifecycleTests testIgnoredCopySourceCannotLeakAcrossOneHundredImmediateAppSwitches]' passed (0.011 seconds).
Test Case '-[HyperTests.ClipboardPrivacyLifecycleTests testIgnoreTextOnlyAndNoImagesRulesAreEnforcedAtCapture]' started.
Test Case '-[HyperTests.ClipboardPrivacyLifecycleTests testIgnoreTextOnlyAndNoImagesRulesAreEnforcedAtCapture]' passed (0.014 seconds).
Test Case '-[HyperTests.ClipboardPrivacyLifecycleTests testPendingSourceIsNotBorrowedByANewUnkeyedChange]' started.
Test Case '-[HyperTests.ClipboardPrivacyLifecycleTests testPendingSourceIsNotBorrowedByANewUnkeyedChange]' passed (0.002 seconds).
Test Case '-[HyperTests.ClipboardPrivacyLifecycleTests testPendingSourceRequiresExactNextChangeCountAndShortWindow]' started.
Test Case '-[HyperTests.ClipboardPrivacyLifecycleTests testPendingSourceRequiresExactNextChangeCountAndShortWindow]' passed (0.002 seconds).
Test Case '-[HyperTests.ClipboardPrivacyLifecycleTests testShutdownQueueAndStoreShareOneHardTimeoutBudget]' started.
Test Case '-[HyperTests.ClipboardPrivacyLifecycleTests testShutdownQueueAndStoreShareOneHardTimeoutBudget]' passed (0.037 seconds).
Test Case '-[HyperTests.ClipboardPrivacyLifecycleTests testShutdownReportsIncompleteDrainWithoutRetryingForever]' started.
Test Case '-[HyperTests.ClipboardPrivacyLifecycleTests testShutdownReportsIncompleteDrainWithoutRetryingForever]' passed (0.002 seconds).
Test Case '-[HyperTests.ClipboardPrivacyLifecycleTests testShutdownReportsSuccessfulBoundedStoreDrain]' started.
Test Case '-[HyperTests.ClipboardPrivacyLifecycleTests testShutdownReportsSuccessfulBoundedStoreDrain]' passed (0.002 seconds).
Test Case '-[HyperTests.ClipboardPrivacyLifecycleTests testShutdownUsesRealStoreDrainAndReturnsOnlyAfterIndexIsDurable]' started.
Test Case '-[HyperTests.ClipboardPrivacyLifecycleTests testShutdownUsesRealStoreDrainAndReturnsOnlyAfterIndexIsDurable]' passed (0.009 seconds).
Test Case '-[HyperTests.ClipboardPrivacyLifecycleTests testStaleAllowedAndIgnoredSourcesNeverCrossApplicationBoundaryForOneHundredRounds]' started.
Test Case '-[HyperTests.ClipboardPrivacyLifecycleTests testStaleAllowedAndIgnoredSourcesNeverCrossApplicationBoundaryForOneHundredRounds]' passed (0.024 seconds).
Test Case '-[HyperTests.ClipboardPrivacyLifecycleTests testUnknownPollingSourceIsStoredWithoutFalseAttributionWhenNoRulesExist]' started.
Test Case '-[HyperTests.ClipboardPrivacyLifecycleTests testUnknownPollingSourceIsStoredWithoutFalseAttributionWhenNoRulesExist]' passed (0.009 seconds).
Test Case '-[HyperTests.ClipboardPrivacyLifecycleTests testUnknownPollingSourceUsesMostRestrictiveConfiguredRule]' started.
Test Case '-[HyperTests.ClipboardPrivacyLifecycleTests testUnknownPollingSourceUsesMostRestrictiveConfiguredRule]' passed (0.003 seconds).
Test Suite 'ClipboardPrivacyLifecycleTests' passed at 2026-08-27 20:12:03.754.
	 Executed 13 tests, with 0 failures (0 unexpected) in 0.136 (0.136) seconds
Test Suite 'HyperPackageTests.xctest' passed at 2026-08-27 20:12:03.754.
	 Executed 13 tests, with 0 failures (0 unexpected) in 0.136 (0.136) seconds
Test Suite 'Selected tests' passed at 2026-08-27 20:12:03.754.
	 Executed 13 tests, with 0 failures (0 unexpected) in 0.136 (0.137) seconds
◇ Test run started.
↳ Testing Library Version: 1501
↳ Target Platform: arm64e-apple-macos14.0
✔ Test run with 0 tests in 0 suites passed after 0.001 seconds.

=== privacy iteration 23 ===
Test Suite 'Selected tests' started at 2026-08-27 20:12:04.196.
Test Suite 'HyperPackageTests.xctest' started at 2026-08-27 20:12:04.197.
Test Suite 'ClipboardPrivacyLifecycleTests' started at 2026-08-27 20:12:04.197.
Test Case '-[HyperTests.ClipboardPrivacyLifecycleTests testCopySourceSnapshotSurvivesSwitchingApplicationsBeforeCapture]' started.
Test Case '-[HyperTests.ClipboardPrivacyLifecycleTests testCopySourceSnapshotSurvivesSwitchingApplicationsBeforeCapture]' passed (0.012 seconds).
Test Case '-[HyperTests.ClipboardPrivacyLifecycleTests testGlobalPauseWritesNothingAndResumeDoesNotBackfillPausedContent]' started.
Test Case '-[HyperTests.ClipboardPrivacyLifecycleTests testGlobalPauseWritesNothingAndResumeDoesNotBackfillPausedContent]' passed (0.009 seconds).
Test Case '-[HyperTests.ClipboardPrivacyLifecycleTests testIgnoredCopySourceCannotLeakAcrossOneHundredImmediateAppSwitches]' started.
Test Case '-[HyperTests.ClipboardPrivacyLifecycleTests testIgnoredCopySourceCannotLeakAcrossOneHundredImmediateAppSwitches]' passed (0.011 seconds).
Test Case '-[HyperTests.ClipboardPrivacyLifecycleTests testIgnoreTextOnlyAndNoImagesRulesAreEnforcedAtCapture]' started.
Test Case '-[HyperTests.ClipboardPrivacyLifecycleTests testIgnoreTextOnlyAndNoImagesRulesAreEnforcedAtCapture]' passed (0.016 seconds).
Test Case '-[HyperTests.ClipboardPrivacyLifecycleTests testPendingSourceIsNotBorrowedByANewUnkeyedChange]' started.
Test Case '-[HyperTests.ClipboardPrivacyLifecycleTests testPendingSourceIsNotBorrowedByANewUnkeyedChange]' passed (0.002 seconds).
Test Case '-[HyperTests.ClipboardPrivacyLifecycleTests testPendingSourceRequiresExactNextChangeCountAndShortWindow]' started.
Test Case '-[HyperTests.ClipboardPrivacyLifecycleTests testPendingSourceRequiresExactNextChangeCountAndShortWindow]' passed (0.002 seconds).
Test Case '-[HyperTests.ClipboardPrivacyLifecycleTests testShutdownQueueAndStoreShareOneHardTimeoutBudget]' started.
Test Case '-[HyperTests.ClipboardPrivacyLifecycleTests testShutdownQueueAndStoreShareOneHardTimeoutBudget]' passed (0.037 seconds).
Test Case '-[HyperTests.ClipboardPrivacyLifecycleTests testShutdownReportsIncompleteDrainWithoutRetryingForever]' started.
Test Case '-[HyperTests.ClipboardPrivacyLifecycleTests testShutdownReportsIncompleteDrainWithoutRetryingForever]' passed (0.002 seconds).
Test Case '-[HyperTests.ClipboardPrivacyLifecycleTests testShutdownReportsSuccessfulBoundedStoreDrain]' started.
Test Case '-[HyperTests.ClipboardPrivacyLifecycleTests testShutdownReportsSuccessfulBoundedStoreDrain]' passed (0.002 seconds).
Test Case '-[HyperTests.ClipboardPrivacyLifecycleTests testShutdownUsesRealStoreDrainAndReturnsOnlyAfterIndexIsDurable]' started.
Test Case '-[HyperTests.ClipboardPrivacyLifecycleTests testShutdownUsesRealStoreDrainAndReturnsOnlyAfterIndexIsDurable]' passed (0.010 seconds).
Test Case '-[HyperTests.ClipboardPrivacyLifecycleTests testStaleAllowedAndIgnoredSourcesNeverCrossApplicationBoundaryForOneHundredRounds]' started.
Test Case '-[HyperTests.ClipboardPrivacyLifecycleTests testStaleAllowedAndIgnoredSourcesNeverCrossApplicationBoundaryForOneHundredRounds]' passed (0.021 seconds).
Test Case '-[HyperTests.ClipboardPrivacyLifecycleTests testUnknownPollingSourceIsStoredWithoutFalseAttributionWhenNoRulesExist]' started.
Test Case '-[HyperTests.ClipboardPrivacyLifecycleTests testUnknownPollingSourceIsStoredWithoutFalseAttributionWhenNoRulesExist]' passed (0.010 seconds).
Test Case '-[HyperTests.ClipboardPrivacyLifecycleTests testUnknownPollingSourceUsesMostRestrictiveConfiguredRule]' started.
Test Case '-[HyperTests.ClipboardPrivacyLifecycleTests testUnknownPollingSourceUsesMostRestrictiveConfiguredRule]' passed (0.003 seconds).
Test Suite 'ClipboardPrivacyLifecycleTests' passed at 2026-08-27 20:12:04.335.
	 Executed 13 tests, with 0 failures (0 unexpected) in 0.137 (0.138) seconds
Test Suite 'HyperPackageTests.xctest' passed at 2026-08-27 20:12:04.335.
	 Executed 13 tests, with 0 failures (0 unexpected) in 0.137 (0.138) seconds
Test Suite 'Selected tests' passed at 2026-08-27 20:12:04.335.
	 Executed 13 tests, with 0 failures (0 unexpected) in 0.137 (0.139) seconds
◇ Test run started.
↳ Testing Library Version: 1501
↳ Target Platform: arm64e-apple-macos14.0
✔ Test run with 0 tests in 0 suites passed after 0.001 seconds.

=== privacy iteration 24 ===
Test Suite 'Selected tests' started at 2026-08-27 20:12:04.770.
Test Suite 'HyperPackageTests.xctest' started at 2026-08-27 20:12:04.771.
Test Suite 'ClipboardPrivacyLifecycleTests' started at 2026-08-27 20:12:04.771.
Test Case '-[HyperTests.ClipboardPrivacyLifecycleTests testCopySourceSnapshotSurvivesSwitchingApplicationsBeforeCapture]' started.
Test Case '-[HyperTests.ClipboardPrivacyLifecycleTests testCopySourceSnapshotSurvivesSwitchingApplicationsBeforeCapture]' passed (0.013 seconds).
Test Case '-[HyperTests.ClipboardPrivacyLifecycleTests testGlobalPauseWritesNothingAndResumeDoesNotBackfillPausedContent]' started.
Test Case '-[HyperTests.ClipboardPrivacyLifecycleTests testGlobalPauseWritesNothingAndResumeDoesNotBackfillPausedContent]' passed (0.009 seconds).
Test Case '-[HyperTests.ClipboardPrivacyLifecycleTests testIgnoredCopySourceCannotLeakAcrossOneHundredImmediateAppSwitches]' started.
Test Case '-[HyperTests.ClipboardPrivacyLifecycleTests testIgnoredCopySourceCannotLeakAcrossOneHundredImmediateAppSwitches]' passed (0.011 seconds).
Test Case '-[HyperTests.ClipboardPrivacyLifecycleTests testIgnoreTextOnlyAndNoImagesRulesAreEnforcedAtCapture]' started.
Test Case '-[HyperTests.ClipboardPrivacyLifecycleTests testIgnoreTextOnlyAndNoImagesRulesAreEnforcedAtCapture]' passed (0.015 seconds).
Test Case '-[HyperTests.ClipboardPrivacyLifecycleTests testPendingSourceIsNotBorrowedByANewUnkeyedChange]' started.
Test Case '-[HyperTests.ClipboardPrivacyLifecycleTests testPendingSourceIsNotBorrowedByANewUnkeyedChange]' passed (0.002 seconds).
Test Case '-[HyperTests.ClipboardPrivacyLifecycleTests testPendingSourceRequiresExactNextChangeCountAndShortWindow]' started.
Test Case '-[HyperTests.ClipboardPrivacyLifecycleTests testPendingSourceRequiresExactNextChangeCountAndShortWindow]' passed (0.002 seconds).
Test Case '-[HyperTests.ClipboardPrivacyLifecycleTests testShutdownQueueAndStoreShareOneHardTimeoutBudget]' started.
Test Case '-[HyperTests.ClipboardPrivacyLifecycleTests testShutdownQueueAndStoreShareOneHardTimeoutBudget]' passed (0.037 seconds).
Test Case '-[HyperTests.ClipboardPrivacyLifecycleTests testShutdownReportsIncompleteDrainWithoutRetryingForever]' started.
Test Case '-[HyperTests.ClipboardPrivacyLifecycleTests testShutdownReportsIncompleteDrainWithoutRetryingForever]' passed (0.002 seconds).
Test Case '-[HyperTests.ClipboardPrivacyLifecycleTests testShutdownReportsSuccessfulBoundedStoreDrain]' started.
Test Case '-[HyperTests.ClipboardPrivacyLifecycleTests testShutdownReportsSuccessfulBoundedStoreDrain]' passed (0.002 seconds).
Test Case '-[HyperTests.ClipboardPrivacyLifecycleTests testShutdownUsesRealStoreDrainAndReturnsOnlyAfterIndexIsDurable]' started.
Test Case '-[HyperTests.ClipboardPrivacyLifecycleTests testShutdownUsesRealStoreDrainAndReturnsOnlyAfterIndexIsDurable]' passed (0.010 seconds).
Test Case '-[HyperTests.ClipboardPrivacyLifecycleTests testStaleAllowedAndIgnoredSourcesNeverCrossApplicationBoundaryForOneHundredRounds]' started.
Test Case '-[HyperTests.ClipboardPrivacyLifecycleTests testStaleAllowedAndIgnoredSourcesNeverCrossApplicationBoundaryForOneHundredRounds]' passed (0.020 seconds).
Test Case '-[HyperTests.ClipboardPrivacyLifecycleTests testUnknownPollingSourceIsStoredWithoutFalseAttributionWhenNoRulesExist]' started.
Test Case '-[HyperTests.ClipboardPrivacyLifecycleTests testUnknownPollingSourceIsStoredWithoutFalseAttributionWhenNoRulesExist]' passed (0.010 seconds).
Test Case '-[HyperTests.ClipboardPrivacyLifecycleTests testUnknownPollingSourceUsesMostRestrictiveConfiguredRule]' started.
Test Case '-[HyperTests.ClipboardPrivacyLifecycleTests testUnknownPollingSourceUsesMostRestrictiveConfiguredRule]' passed (0.003 seconds).
Test Suite 'ClipboardPrivacyLifecycleTests' passed at 2026-08-27 20:12:04.908.
	 Executed 13 tests, with 0 failures (0 unexpected) in 0.136 (0.137) seconds
Test Suite 'HyperPackageTests.xctest' passed at 2026-08-27 20:12:04.908.
	 Executed 13 tests, with 0 failures (0 unexpected) in 0.136 (0.137) seconds
Test Suite 'Selected tests' passed at 2026-08-27 20:12:04.908.
	 Executed 13 tests, with 0 failures (0 unexpected) in 0.136 (0.138) seconds
◇ Test run started.
↳ Testing Library Version: 1501
↳ Target Platform: arm64e-apple-macos14.0
✔ Test run with 0 tests in 0 suites passed after 0.001 seconds.

=== privacy iteration 25 ===
Test Suite 'Selected tests' started at 2026-08-27 20:12:05.358.
Test Suite 'HyperPackageTests.xctest' started at 2026-08-27 20:12:05.359.
Test Suite 'ClipboardPrivacyLifecycleTests' started at 2026-08-27 20:12:05.359.
Test Case '-[HyperTests.ClipboardPrivacyLifecycleTests testCopySourceSnapshotSurvivesSwitchingApplicationsBeforeCapture]' started.
Test Case '-[HyperTests.ClipboardPrivacyLifecycleTests testCopySourceSnapshotSurvivesSwitchingApplicationsBeforeCapture]' passed (0.012 seconds).
Test Case '-[HyperTests.ClipboardPrivacyLifecycleTests testGlobalPauseWritesNothingAndResumeDoesNotBackfillPausedContent]' started.
Test Case '-[HyperTests.ClipboardPrivacyLifecycleTests testGlobalPauseWritesNothingAndResumeDoesNotBackfillPausedContent]' passed (0.009 seconds).
Test Case '-[HyperTests.ClipboardPrivacyLifecycleTests testIgnoredCopySourceCannotLeakAcrossOneHundredImmediateAppSwitches]' started.
Test Case '-[HyperTests.ClipboardPrivacyLifecycleTests testIgnoredCopySourceCannotLeakAcrossOneHundredImmediateAppSwitches]' passed (0.011 seconds).
Test Case '-[HyperTests.ClipboardPrivacyLifecycleTests testIgnoreTextOnlyAndNoImagesRulesAreEnforcedAtCapture]' started.
Test Case '-[HyperTests.ClipboardPrivacyLifecycleTests testIgnoreTextOnlyAndNoImagesRulesAreEnforcedAtCapture]' passed (0.014 seconds).
Test Case '-[HyperTests.ClipboardPrivacyLifecycleTests testPendingSourceIsNotBorrowedByANewUnkeyedChange]' started.
Test Case '-[HyperTests.ClipboardPrivacyLifecycleTests testPendingSourceIsNotBorrowedByANewUnkeyedChange]' passed (0.002 seconds).
Test Case '-[HyperTests.ClipboardPrivacyLifecycleTests testPendingSourceRequiresExactNextChangeCountAndShortWindow]' started.
Test Case '-[HyperTests.ClipboardPrivacyLifecycleTests testPendingSourceRequiresExactNextChangeCountAndShortWindow]' passed (0.002 seconds).
Test Case '-[HyperTests.ClipboardPrivacyLifecycleTests testShutdownQueueAndStoreShareOneHardTimeoutBudget]' started.
Test Case '-[HyperTests.ClipboardPrivacyLifecycleTests testShutdownQueueAndStoreShareOneHardTimeoutBudget]' passed (0.033 seconds).
Test Case '-[HyperTests.ClipboardPrivacyLifecycleTests testShutdownReportsIncompleteDrainWithoutRetryingForever]' started.
Test Case '-[HyperTests.ClipboardPrivacyLifecycleTests testShutdownReportsIncompleteDrainWithoutRetryingForever]' passed (0.002 seconds).
Test Case '-[HyperTests.ClipboardPrivacyLifecycleTests testShutdownReportsSuccessfulBoundedStoreDrain]' started.
Test Case '-[HyperTests.ClipboardPrivacyLifecycleTests testShutdownReportsSuccessfulBoundedStoreDrain]' passed (0.002 seconds).
Test Case '-[HyperTests.ClipboardPrivacyLifecycleTests testShutdownUsesRealStoreDrainAndReturnsOnlyAfterIndexIsDurable]' started.
Test Case '-[HyperTests.ClipboardPrivacyLifecycleTests testShutdownUsesRealStoreDrainAndReturnsOnlyAfterIndexIsDurable]' passed (0.009 seconds).
Test Case '-[HyperTests.ClipboardPrivacyLifecycleTests testStaleAllowedAndIgnoredSourcesNeverCrossApplicationBoundaryForOneHundredRounds]' started.
Test Case '-[HyperTests.ClipboardPrivacyLifecycleTests testStaleAllowedAndIgnoredSourcesNeverCrossApplicationBoundaryForOneHundredRounds]' passed (0.024 seconds).
Test Case '-[HyperTests.ClipboardPrivacyLifecycleTests testUnknownPollingSourceIsStoredWithoutFalseAttributionWhenNoRulesExist]' started.
Test Case '-[HyperTests.ClipboardPrivacyLifecycleTests testUnknownPollingSourceIsStoredWithoutFalseAttributionWhenNoRulesExist]' passed (0.009 seconds).
Test Case '-[HyperTests.ClipboardPrivacyLifecycleTests testUnknownPollingSourceUsesMostRestrictiveConfiguredRule]' started.
Test Case '-[HyperTests.ClipboardPrivacyLifecycleTests testUnknownPollingSourceUsesMostRestrictiveConfiguredRule]' passed (0.003 seconds).
Test Suite 'ClipboardPrivacyLifecycleTests' passed at 2026-08-27 20:12:05.492.
	 Executed 13 tests, with 0 failures (0 unexpected) in 0.131 (0.132) seconds
Test Suite 'HyperPackageTests.xctest' passed at 2026-08-27 20:12:05.492.
	 Executed 13 tests, with 0 failures (0 unexpected) in 0.131 (0.132) seconds
Test Suite 'Selected tests' passed at 2026-08-27 20:12:05.492.
	 Executed 13 tests, with 0 failures (0 unexpected) in 0.131 (0.133) seconds
◇ Test run started.
↳ Testing Library Version: 1501
↳ Target Platform: arm64e-apple-macos14.0
✔ Test run with 0 tests in 0 suites passed after 0.001 seconds.

=== privacy iteration 26 ===
Test Suite 'Selected tests' started at 2026-08-27 20:12:05.929.
Test Suite 'HyperPackageTests.xctest' started at 2026-08-27 20:12:05.930.
Test Suite 'ClipboardPrivacyLifecycleTests' started at 2026-08-27 20:12:05.930.
Test Case '-[HyperTests.ClipboardPrivacyLifecycleTests testCopySourceSnapshotSurvivesSwitchingApplicationsBeforeCapture]' started.
Test Case '-[HyperTests.ClipboardPrivacyLifecycleTests testCopySourceSnapshotSurvivesSwitchingApplicationsBeforeCapture]' passed (0.012 seconds).
Test Case '-[HyperTests.ClipboardPrivacyLifecycleTests testGlobalPauseWritesNothingAndResumeDoesNotBackfillPausedContent]' started.
Test Case '-[HyperTests.ClipboardPrivacyLifecycleTests testGlobalPauseWritesNothingAndResumeDoesNotBackfillPausedContent]' passed (0.008 seconds).
Test Case '-[HyperTests.ClipboardPrivacyLifecycleTests testIgnoredCopySourceCannotLeakAcrossOneHundredImmediateAppSwitches]' started.
Test Case '-[HyperTests.ClipboardPrivacyLifecycleTests testIgnoredCopySourceCannotLeakAcrossOneHundredImmediateAppSwitches]' passed (0.010 seconds).
Test Case '-[HyperTests.ClipboardPrivacyLifecycleTests testIgnoreTextOnlyAndNoImagesRulesAreEnforcedAtCapture]' started.
Test Case '-[HyperTests.ClipboardPrivacyLifecycleTests testIgnoreTextOnlyAndNoImagesRulesAreEnforcedAtCapture]' passed (0.015 seconds).
Test Case '-[HyperTests.ClipboardPrivacyLifecycleTests testPendingSourceIsNotBorrowedByANewUnkeyedChange]' started.
Test Case '-[HyperTests.ClipboardPrivacyLifecycleTests testPendingSourceIsNotBorrowedByANewUnkeyedChange]' passed (0.002 seconds).
Test Case '-[HyperTests.ClipboardPrivacyLifecycleTests testPendingSourceRequiresExactNextChangeCountAndShortWindow]' started.
Test Case '-[HyperTests.ClipboardPrivacyLifecycleTests testPendingSourceRequiresExactNextChangeCountAndShortWindow]' passed (0.002 seconds).
Test Case '-[HyperTests.ClipboardPrivacyLifecycleTests testShutdownQueueAndStoreShareOneHardTimeoutBudget]' started.
Test Case '-[HyperTests.ClipboardPrivacyLifecycleTests testShutdownQueueAndStoreShareOneHardTimeoutBudget]' passed (0.037 seconds).
Test Case '-[HyperTests.ClipboardPrivacyLifecycleTests testShutdownReportsIncompleteDrainWithoutRetryingForever]' started.
Test Case '-[HyperTests.ClipboardPrivacyLifecycleTests testShutdownReportsIncompleteDrainWithoutRetryingForever]' passed (0.003 seconds).
Test Case '-[HyperTests.ClipboardPrivacyLifecycleTests testShutdownReportsSuccessfulBoundedStoreDrain]' started.
Test Case '-[HyperTests.ClipboardPrivacyLifecycleTests testShutdownReportsSuccessfulBoundedStoreDrain]' passed (0.003 seconds).
Test Case '-[HyperTests.ClipboardPrivacyLifecycleTests testShutdownUsesRealStoreDrainAndReturnsOnlyAfterIndexIsDurable]' started.
Test Case '-[HyperTests.ClipboardPrivacyLifecycleTests testShutdownUsesRealStoreDrainAndReturnsOnlyAfterIndexIsDurable]' passed (0.010 seconds).
Test Case '-[HyperTests.ClipboardPrivacyLifecycleTests testStaleAllowedAndIgnoredSourcesNeverCrossApplicationBoundaryForOneHundredRounds]' started.
Test Case '-[HyperTests.ClipboardPrivacyLifecycleTests testStaleAllowedAndIgnoredSourcesNeverCrossApplicationBoundaryForOneHundredRounds]' passed (0.022 seconds).
Test Case '-[HyperTests.ClipboardPrivacyLifecycleTests testUnknownPollingSourceIsStoredWithoutFalseAttributionWhenNoRulesExist]' started.
Test Case '-[HyperTests.ClipboardPrivacyLifecycleTests testUnknownPollingSourceIsStoredWithoutFalseAttributionWhenNoRulesExist]' passed (0.010 seconds).
Test Case '-[HyperTests.ClipboardPrivacyLifecycleTests testUnknownPollingSourceUsesMostRestrictiveConfiguredRule]' started.
Test Case '-[HyperTests.ClipboardPrivacyLifecycleTests testUnknownPollingSourceUsesMostRestrictiveConfiguredRule]' passed (0.003 seconds).
Test Suite 'ClipboardPrivacyLifecycleTests' passed at 2026-08-27 20:12:06.067.
	 Executed 13 tests, with 0 failures (0 unexpected) in 0.136 (0.137) seconds
Test Suite 'HyperPackageTests.xctest' passed at 2026-08-27 20:12:06.067.
	 Executed 13 tests, with 0 failures (0 unexpected) in 0.136 (0.137) seconds
Test Suite 'Selected tests' passed at 2026-08-27 20:12:06.067.
	 Executed 13 tests, with 0 failures (0 unexpected) in 0.136 (0.138) seconds
◇ Test run started.
↳ Testing Library Version: 1501
↳ Target Platform: arm64e-apple-macos14.0
✔ Test run with 0 tests in 0 suites passed after 0.001 seconds.

=== privacy iteration 27 ===
Test Suite 'Selected tests' started at 2026-08-27 20:12:06.513.
Test Suite 'HyperPackageTests.xctest' started at 2026-08-27 20:12:06.514.
Test Suite 'ClipboardPrivacyLifecycleTests' started at 2026-08-27 20:12:06.514.
Test Case '-[HyperTests.ClipboardPrivacyLifecycleTests testCopySourceSnapshotSurvivesSwitchingApplicationsBeforeCapture]' started.
Test Case '-[HyperTests.ClipboardPrivacyLifecycleTests testCopySourceSnapshotSurvivesSwitchingApplicationsBeforeCapture]' passed (0.013 seconds).
Test Case '-[HyperTests.ClipboardPrivacyLifecycleTests testGlobalPauseWritesNothingAndResumeDoesNotBackfillPausedContent]' started.
Test Case '-[HyperTests.ClipboardPrivacyLifecycleTests testGlobalPauseWritesNothingAndResumeDoesNotBackfillPausedContent]' passed (0.010 seconds).
Test Case '-[HyperTests.ClipboardPrivacyLifecycleTests testIgnoredCopySourceCannotLeakAcrossOneHundredImmediateAppSwitches]' started.
Test Case '-[HyperTests.ClipboardPrivacyLifecycleTests testIgnoredCopySourceCannotLeakAcrossOneHundredImmediateAppSwitches]' passed (0.011 seconds).
Test Case '-[HyperTests.ClipboardPrivacyLifecycleTests testIgnoreTextOnlyAndNoImagesRulesAreEnforcedAtCapture]' started.
Test Case '-[HyperTests.ClipboardPrivacyLifecycleTests testIgnoreTextOnlyAndNoImagesRulesAreEnforcedAtCapture]' passed (0.016 seconds).
Test Case '-[HyperTests.ClipboardPrivacyLifecycleTests testPendingSourceIsNotBorrowedByANewUnkeyedChange]' started.
Test Case '-[HyperTests.ClipboardPrivacyLifecycleTests testPendingSourceIsNotBorrowedByANewUnkeyedChange]' passed (0.002 seconds).
Test Case '-[HyperTests.ClipboardPrivacyLifecycleTests testPendingSourceRequiresExactNextChangeCountAndShortWindow]' started.
Test Case '-[HyperTests.ClipboardPrivacyLifecycleTests testPendingSourceRequiresExactNextChangeCountAndShortWindow]' passed (0.002 seconds).
Test Case '-[HyperTests.ClipboardPrivacyLifecycleTests testShutdownQueueAndStoreShareOneHardTimeoutBudget]' started.
Test Case '-[HyperTests.ClipboardPrivacyLifecycleTests testShutdownQueueAndStoreShareOneHardTimeoutBudget]' passed (0.037 seconds).
Test Case '-[HyperTests.ClipboardPrivacyLifecycleTests testShutdownReportsIncompleteDrainWithoutRetryingForever]' started.
Test Case '-[HyperTests.ClipboardPrivacyLifecycleTests testShutdownReportsIncompleteDrainWithoutRetryingForever]' passed (0.002 seconds).
Test Case '-[HyperTests.ClipboardPrivacyLifecycleTests testShutdownReportsSuccessfulBoundedStoreDrain]' started.
Test Case '-[HyperTests.ClipboardPrivacyLifecycleTests testShutdownReportsSuccessfulBoundedStoreDrain]' passed (0.002 seconds).
Test Case '-[HyperTests.ClipboardPrivacyLifecycleTests testShutdownUsesRealStoreDrainAndReturnsOnlyAfterIndexIsDurable]' started.
Test Case '-[HyperTests.ClipboardPrivacyLifecycleTests testShutdownUsesRealStoreDrainAndReturnsOnlyAfterIndexIsDurable]' passed (0.010 seconds).
Test Case '-[HyperTests.ClipboardPrivacyLifecycleTests testStaleAllowedAndIgnoredSourcesNeverCrossApplicationBoundaryForOneHundredRounds]' started.
Test Case '-[HyperTests.ClipboardPrivacyLifecycleTests testStaleAllowedAndIgnoredSourcesNeverCrossApplicationBoundaryForOneHundredRounds]' passed (0.020 seconds).
Test Case '-[HyperTests.ClipboardPrivacyLifecycleTests testUnknownPollingSourceIsStoredWithoutFalseAttributionWhenNoRulesExist]' started.
Test Case '-[HyperTests.ClipboardPrivacyLifecycleTests testUnknownPollingSourceIsStoredWithoutFalseAttributionWhenNoRulesExist]' passed (0.009 seconds).
Test Case '-[HyperTests.ClipboardPrivacyLifecycleTests testUnknownPollingSourceUsesMostRestrictiveConfiguredRule]' started.
Test Case '-[HyperTests.ClipboardPrivacyLifecycleTests testUnknownPollingSourceUsesMostRestrictiveConfiguredRule]' passed (0.002 seconds).
Test Suite 'ClipboardPrivacyLifecycleTests' passed at 2026-08-27 20:12:06.650.
	 Executed 13 tests, with 0 failures (0 unexpected) in 0.135 (0.136) seconds
Test Suite 'HyperPackageTests.xctest' passed at 2026-08-27 20:12:06.651.
	 Executed 13 tests, with 0 failures (0 unexpected) in 0.135 (0.136) seconds
Test Suite 'Selected tests' passed at 2026-08-27 20:12:06.651.
	 Executed 13 tests, with 0 failures (0 unexpected) in 0.135 (0.137) seconds
◇ Test run started.
↳ Testing Library Version: 1501
↳ Target Platform: arm64e-apple-macos14.0
✔ Test run with 0 tests in 0 suites passed after 0.001 seconds.

=== privacy iteration 28 ===
Test Suite 'Selected tests' started at 2026-08-27 20:12:07.087.
Test Suite 'HyperPackageTests.xctest' started at 2026-08-27 20:12:07.088.
Test Suite 'ClipboardPrivacyLifecycleTests' started at 2026-08-27 20:12:07.088.
Test Case '-[HyperTests.ClipboardPrivacyLifecycleTests testCopySourceSnapshotSurvivesSwitchingApplicationsBeforeCapture]' started.
Test Case '-[HyperTests.ClipboardPrivacyLifecycleTests testCopySourceSnapshotSurvivesSwitchingApplicationsBeforeCapture]' passed (0.013 seconds).
Test Case '-[HyperTests.ClipboardPrivacyLifecycleTests testGlobalPauseWritesNothingAndResumeDoesNotBackfillPausedContent]' started.
Test Case '-[HyperTests.ClipboardPrivacyLifecycleTests testGlobalPauseWritesNothingAndResumeDoesNotBackfillPausedContent]' passed (0.009 seconds).
Test Case '-[HyperTests.ClipboardPrivacyLifecycleTests testIgnoredCopySourceCannotLeakAcrossOneHundredImmediateAppSwitches]' started.
Test Case '-[HyperTests.ClipboardPrivacyLifecycleTests testIgnoredCopySourceCannotLeakAcrossOneHundredImmediateAppSwitches]' passed (0.010 seconds).
Test Case '-[HyperTests.ClipboardPrivacyLifecycleTests testIgnoreTextOnlyAndNoImagesRulesAreEnforcedAtCapture]' started.
Test Case '-[HyperTests.ClipboardPrivacyLifecycleTests testIgnoreTextOnlyAndNoImagesRulesAreEnforcedAtCapture]' passed (0.015 seconds).
Test Case '-[HyperTests.ClipboardPrivacyLifecycleTests testPendingSourceIsNotBorrowedByANewUnkeyedChange]' started.
Test Case '-[HyperTests.ClipboardPrivacyLifecycleTests testPendingSourceIsNotBorrowedByANewUnkeyedChange]' passed (0.002 seconds).
Test Case '-[HyperTests.ClipboardPrivacyLifecycleTests testPendingSourceRequiresExactNextChangeCountAndShortWindow]' started.
Test Case '-[HyperTests.ClipboardPrivacyLifecycleTests testPendingSourceRequiresExactNextChangeCountAndShortWindow]' passed (0.002 seconds).
Test Case '-[HyperTests.ClipboardPrivacyLifecycleTests testShutdownQueueAndStoreShareOneHardTimeoutBudget]' started.
Test Case '-[HyperTests.ClipboardPrivacyLifecycleTests testShutdownQueueAndStoreShareOneHardTimeoutBudget]' passed (0.036 seconds).
Test Case '-[HyperTests.ClipboardPrivacyLifecycleTests testShutdownReportsIncompleteDrainWithoutRetryingForever]' started.
Test Case '-[HyperTests.ClipboardPrivacyLifecycleTests testShutdownReportsIncompleteDrainWithoutRetryingForever]' passed (0.002 seconds).
Test Case '-[HyperTests.ClipboardPrivacyLifecycleTests testShutdownReportsSuccessfulBoundedStoreDrain]' started.
Test Case '-[HyperTests.ClipboardPrivacyLifecycleTests testShutdownReportsSuccessfulBoundedStoreDrain]' passed (0.002 seconds).
Test Case '-[HyperTests.ClipboardPrivacyLifecycleTests testShutdownUsesRealStoreDrainAndReturnsOnlyAfterIndexIsDurable]' started.
Test Case '-[HyperTests.ClipboardPrivacyLifecycleTests testShutdownUsesRealStoreDrainAndReturnsOnlyAfterIndexIsDurable]' passed (0.009 seconds).
Test Case '-[HyperTests.ClipboardPrivacyLifecycleTests testStaleAllowedAndIgnoredSourcesNeverCrossApplicationBoundaryForOneHundredRounds]' started.
Test Case '-[HyperTests.ClipboardPrivacyLifecycleTests testStaleAllowedAndIgnoredSourcesNeverCrossApplicationBoundaryForOneHundredRounds]' passed (0.020 seconds).
Test Case '-[HyperTests.ClipboardPrivacyLifecycleTests testUnknownPollingSourceIsStoredWithoutFalseAttributionWhenNoRulesExist]' started.
Test Case '-[HyperTests.ClipboardPrivacyLifecycleTests testUnknownPollingSourceIsStoredWithoutFalseAttributionWhenNoRulesExist]' passed (0.009 seconds).
Test Case '-[HyperTests.ClipboardPrivacyLifecycleTests testUnknownPollingSourceUsesMostRestrictiveConfiguredRule]' started.
Test Case '-[HyperTests.ClipboardPrivacyLifecycleTests testUnknownPollingSourceUsesMostRestrictiveConfiguredRule]' passed (0.003 seconds).
Test Suite 'ClipboardPrivacyLifecycleTests' passed at 2026-08-27 20:12:07.219.
	 Executed 13 tests, with 0 failures (0 unexpected) in 0.131 (0.132) seconds
Test Suite 'HyperPackageTests.xctest' passed at 2026-08-27 20:12:07.219.
	 Executed 13 tests, with 0 failures (0 unexpected) in 0.131 (0.132) seconds
Test Suite 'Selected tests' passed at 2026-08-27 20:12:07.220.
	 Executed 13 tests, with 0 failures (0 unexpected) in 0.131 (0.133) seconds
◇ Test run started.
↳ Testing Library Version: 1501
↳ Target Platform: arm64e-apple-macos14.0
✔ Test run with 0 tests in 0 suites passed after 0.001 seconds.

=== privacy iteration 29 ===
Test Suite 'Selected tests' started at 2026-08-27 20:12:07.662.
Test Suite 'HyperPackageTests.xctest' started at 2026-08-27 20:12:07.663.
Test Suite 'ClipboardPrivacyLifecycleTests' started at 2026-08-27 20:12:07.663.
Test Case '-[HyperTests.ClipboardPrivacyLifecycleTests testCopySourceSnapshotSurvivesSwitchingApplicationsBeforeCapture]' started.
Test Case '-[HyperTests.ClipboardPrivacyLifecycleTests testCopySourceSnapshotSurvivesSwitchingApplicationsBeforeCapture]' passed (0.012 seconds).
Test Case '-[HyperTests.ClipboardPrivacyLifecycleTests testGlobalPauseWritesNothingAndResumeDoesNotBackfillPausedContent]' started.
Test Case '-[HyperTests.ClipboardPrivacyLifecycleTests testGlobalPauseWritesNothingAndResumeDoesNotBackfillPausedContent]' passed (0.009 seconds).
Test Case '-[HyperTests.ClipboardPrivacyLifecycleTests testIgnoredCopySourceCannotLeakAcrossOneHundredImmediateAppSwitches]' started.
Test Case '-[HyperTests.ClipboardPrivacyLifecycleTests testIgnoredCopySourceCannotLeakAcrossOneHundredImmediateAppSwitches]' passed (0.009 seconds).
Test Case '-[HyperTests.ClipboardPrivacyLifecycleTests testIgnoreTextOnlyAndNoImagesRulesAreEnforcedAtCapture]' started.
Test Case '-[HyperTests.ClipboardPrivacyLifecycleTests testIgnoreTextOnlyAndNoImagesRulesAreEnforcedAtCapture]' passed (0.015 seconds).
Test Case '-[HyperTests.ClipboardPrivacyLifecycleTests testPendingSourceIsNotBorrowedByANewUnkeyedChange]' started.
Test Case '-[HyperTests.ClipboardPrivacyLifecycleTests testPendingSourceIsNotBorrowedByANewUnkeyedChange]' passed (0.002 seconds).
Test Case '-[HyperTests.ClipboardPrivacyLifecycleTests testPendingSourceRequiresExactNextChangeCountAndShortWindow]' started.
Test Case '-[HyperTests.ClipboardPrivacyLifecycleTests testPendingSourceRequiresExactNextChangeCountAndShortWindow]' passed (0.002 seconds).
Test Case '-[HyperTests.ClipboardPrivacyLifecycleTests testShutdownQueueAndStoreShareOneHardTimeoutBudget]' started.
Test Case '-[HyperTests.ClipboardPrivacyLifecycleTests testShutdownQueueAndStoreShareOneHardTimeoutBudget]' passed (0.033 seconds).
Test Case '-[HyperTests.ClipboardPrivacyLifecycleTests testShutdownReportsIncompleteDrainWithoutRetryingForever]' started.
Test Case '-[HyperTests.ClipboardPrivacyLifecycleTests testShutdownReportsIncompleteDrainWithoutRetryingForever]' passed (0.002 seconds).
Test Case '-[HyperTests.ClipboardPrivacyLifecycleTests testShutdownReportsSuccessfulBoundedStoreDrain]' started.
Test Case '-[HyperTests.ClipboardPrivacyLifecycleTests testShutdownReportsSuccessfulBoundedStoreDrain]' passed (0.002 seconds).
Test Case '-[HyperTests.ClipboardPrivacyLifecycleTests testShutdownUsesRealStoreDrainAndReturnsOnlyAfterIndexIsDurable]' started.
Test Case '-[HyperTests.ClipboardPrivacyLifecycleTests testShutdownUsesRealStoreDrainAndReturnsOnlyAfterIndexIsDurable]' passed (0.009 seconds).
Test Case '-[HyperTests.ClipboardPrivacyLifecycleTests testStaleAllowedAndIgnoredSourcesNeverCrossApplicationBoundaryForOneHundredRounds]' started.
Test Case '-[HyperTests.ClipboardPrivacyLifecycleTests testStaleAllowedAndIgnoredSourcesNeverCrossApplicationBoundaryForOneHundredRounds]' passed (0.020 seconds).
Test Case '-[HyperTests.ClipboardPrivacyLifecycleTests testUnknownPollingSourceIsStoredWithoutFalseAttributionWhenNoRulesExist]' started.
Test Case '-[HyperTests.ClipboardPrivacyLifecycleTests testUnknownPollingSourceIsStoredWithoutFalseAttributionWhenNoRulesExist]' passed (0.008 seconds).
Test Case '-[HyperTests.ClipboardPrivacyLifecycleTests testUnknownPollingSourceUsesMostRestrictiveConfiguredRule]' started.
Test Case '-[HyperTests.ClipboardPrivacyLifecycleTests testUnknownPollingSourceUsesMostRestrictiveConfiguredRule]' passed (0.002 seconds).
Test Suite 'ClipboardPrivacyLifecycleTests' passed at 2026-08-27 20:12:07.789.
	 Executed 13 tests, with 0 failures (0 unexpected) in 0.125 (0.126) seconds
Test Suite 'HyperPackageTests.xctest' passed at 2026-08-27 20:12:07.789.
	 Executed 13 tests, with 0 failures (0 unexpected) in 0.125 (0.126) seconds
Test Suite 'Selected tests' passed at 2026-08-27 20:12:07.789.
	 Executed 13 tests, with 0 failures (0 unexpected) in 0.125 (0.127) seconds
◇ Test run started.
↳ Testing Library Version: 1501
↳ Target Platform: arm64e-apple-macos14.0
✔ Test run with 0 tests in 0 suites passed after 0.001 seconds.

=== privacy iteration 30 ===
Test Suite 'Selected tests' started at 2026-08-27 20:12:08.219.
Test Suite 'HyperPackageTests.xctest' started at 2026-08-27 20:12:08.220.
Test Suite 'ClipboardPrivacyLifecycleTests' started at 2026-08-27 20:12:08.220.
Test Case '-[HyperTests.ClipboardPrivacyLifecycleTests testCopySourceSnapshotSurvivesSwitchingApplicationsBeforeCapture]' started.
Test Case '-[HyperTests.ClipboardPrivacyLifecycleTests testCopySourceSnapshotSurvivesSwitchingApplicationsBeforeCapture]' passed (0.012 seconds).
Test Case '-[HyperTests.ClipboardPrivacyLifecycleTests testGlobalPauseWritesNothingAndResumeDoesNotBackfillPausedContent]' started.
Test Case '-[HyperTests.ClipboardPrivacyLifecycleTests testGlobalPauseWritesNothingAndResumeDoesNotBackfillPausedContent]' passed (0.008 seconds).
Test Case '-[HyperTests.ClipboardPrivacyLifecycleTests testIgnoredCopySourceCannotLeakAcrossOneHundredImmediateAppSwitches]' started.
Test Case '-[HyperTests.ClipboardPrivacyLifecycleTests testIgnoredCopySourceCannotLeakAcrossOneHundredImmediateAppSwitches]' passed (0.010 seconds).
Test Case '-[HyperTests.ClipboardPrivacyLifecycleTests testIgnoreTextOnlyAndNoImagesRulesAreEnforcedAtCapture]' started.
Test Case '-[HyperTests.ClipboardPrivacyLifecycleTests testIgnoreTextOnlyAndNoImagesRulesAreEnforcedAtCapture]' passed (0.015 seconds).
Test Case '-[HyperTests.ClipboardPrivacyLifecycleTests testPendingSourceIsNotBorrowedByANewUnkeyedChange]' started.
Test Case '-[HyperTests.ClipboardPrivacyLifecycleTests testPendingSourceIsNotBorrowedByANewUnkeyedChange]' passed (0.002 seconds).
Test Case '-[HyperTests.ClipboardPrivacyLifecycleTests testPendingSourceRequiresExactNextChangeCountAndShortWindow]' started.
Test Case '-[HyperTests.ClipboardPrivacyLifecycleTests testPendingSourceRequiresExactNextChangeCountAndShortWindow]' passed (0.002 seconds).
Test Case '-[HyperTests.ClipboardPrivacyLifecycleTests testShutdownQueueAndStoreShareOneHardTimeoutBudget]' started.
Test Case '-[HyperTests.ClipboardPrivacyLifecycleTests testShutdownQueueAndStoreShareOneHardTimeoutBudget]' passed (0.033 seconds).
Test Case '-[HyperTests.ClipboardPrivacyLifecycleTests testShutdownReportsIncompleteDrainWithoutRetryingForever]' started.
Test Case '-[HyperTests.ClipboardPrivacyLifecycleTests testShutdownReportsIncompleteDrainWithoutRetryingForever]' passed (0.002 seconds).
Test Case '-[HyperTests.ClipboardPrivacyLifecycleTests testShutdownReportsSuccessfulBoundedStoreDrain]' started.
Test Case '-[HyperTests.ClipboardPrivacyLifecycleTests testShutdownReportsSuccessfulBoundedStoreDrain]' passed (0.002 seconds).
Test Case '-[HyperTests.ClipboardPrivacyLifecycleTests testShutdownUsesRealStoreDrainAndReturnsOnlyAfterIndexIsDurable]' started.
Test Case '-[HyperTests.ClipboardPrivacyLifecycleTests testShutdownUsesRealStoreDrainAndReturnsOnlyAfterIndexIsDurable]' passed (0.010 seconds).
Test Case '-[HyperTests.ClipboardPrivacyLifecycleTests testStaleAllowedAndIgnoredSourcesNeverCrossApplicationBoundaryForOneHundredRounds]' started.
Test Case '-[HyperTests.ClipboardPrivacyLifecycleTests testStaleAllowedAndIgnoredSourcesNeverCrossApplicationBoundaryForOneHundredRounds]' passed (0.022 seconds).
Test Case '-[HyperTests.ClipboardPrivacyLifecycleTests testUnknownPollingSourceIsStoredWithoutFalseAttributionWhenNoRulesExist]' started.
Test Case '-[HyperTests.ClipboardPrivacyLifecycleTests testUnknownPollingSourceIsStoredWithoutFalseAttributionWhenNoRulesExist]' passed (0.009 seconds).
Test Case '-[HyperTests.ClipboardPrivacyLifecycleTests testUnknownPollingSourceUsesMostRestrictiveConfiguredRule]' started.
Test Case '-[HyperTests.ClipboardPrivacyLifecycleTests testUnknownPollingSourceUsesMostRestrictiveConfiguredRule]' passed (0.003 seconds).
Test Suite 'ClipboardPrivacyLifecycleTests' passed at 2026-08-27 20:12:08.349.
	 Executed 13 tests, with 0 failures (0 unexpected) in 0.129 (0.130) seconds
Test Suite 'HyperPackageTests.xctest' passed at 2026-08-27 20:12:08.349.
	 Executed 13 tests, with 0 failures (0 unexpected) in 0.129 (0.130) seconds
Test Suite 'Selected tests' passed at 2026-08-27 20:12:08.349.
	 Executed 13 tests, with 0 failures (0 unexpected) in 0.129 (0.131) seconds
◇ Test run started.
↳ Testing Library Version: 1501
↳ Target Platform: arm64e-apple-macos14.0
✔ Test run with 0 tests in 0 suites passed after 0.001 seconds.

=== privacy iteration 31 ===
Test Suite 'Selected tests' started at 2026-08-27 20:12:08.783.
Test Suite 'HyperPackageTests.xctest' started at 2026-08-27 20:12:08.784.
Test Suite 'ClipboardPrivacyLifecycleTests' started at 2026-08-27 20:12:08.784.
Test Case '-[HyperTests.ClipboardPrivacyLifecycleTests testCopySourceSnapshotSurvivesSwitchingApplicationsBeforeCapture]' started.
Test Case '-[HyperTests.ClipboardPrivacyLifecycleTests testCopySourceSnapshotSurvivesSwitchingApplicationsBeforeCapture]' passed (0.013 seconds).
Test Case '-[HyperTests.ClipboardPrivacyLifecycleTests testGlobalPauseWritesNothingAndResumeDoesNotBackfillPausedContent]' started.
Test Case '-[HyperTests.ClipboardPrivacyLifecycleTests testGlobalPauseWritesNothingAndResumeDoesNotBackfillPausedContent]' passed (0.009 seconds).
Test Case '-[HyperTests.ClipboardPrivacyLifecycleTests testIgnoredCopySourceCannotLeakAcrossOneHundredImmediateAppSwitches]' started.
Test Case '-[HyperTests.ClipboardPrivacyLifecycleTests testIgnoredCopySourceCannotLeakAcrossOneHundredImmediateAppSwitches]' passed (0.010 seconds).
Test Case '-[HyperTests.ClipboardPrivacyLifecycleTests testIgnoreTextOnlyAndNoImagesRulesAreEnforcedAtCapture]' started.
Test Case '-[HyperTests.ClipboardPrivacyLifecycleTests testIgnoreTextOnlyAndNoImagesRulesAreEnforcedAtCapture]' passed (0.015 seconds).
Test Case '-[HyperTests.ClipboardPrivacyLifecycleTests testPendingSourceIsNotBorrowedByANewUnkeyedChange]' started.
Test Case '-[HyperTests.ClipboardPrivacyLifecycleTests testPendingSourceIsNotBorrowedByANewUnkeyedChange]' passed (0.002 seconds).
Test Case '-[HyperTests.ClipboardPrivacyLifecycleTests testPendingSourceRequiresExactNextChangeCountAndShortWindow]' started.
Test Case '-[HyperTests.ClipboardPrivacyLifecycleTests testPendingSourceRequiresExactNextChangeCountAndShortWindow]' passed (0.002 seconds).
Test Case '-[HyperTests.ClipboardPrivacyLifecycleTests testShutdownQueueAndStoreShareOneHardTimeoutBudget]' started.
Test Case '-[HyperTests.ClipboardPrivacyLifecycleTests testShutdownQueueAndStoreShareOneHardTimeoutBudget]' passed (0.037 seconds).
Test Case '-[HyperTests.ClipboardPrivacyLifecycleTests testShutdownReportsIncompleteDrainWithoutRetryingForever]' started.
Test Case '-[HyperTests.ClipboardPrivacyLifecycleTests testShutdownReportsIncompleteDrainWithoutRetryingForever]' passed (0.002 seconds).
Test Case '-[HyperTests.ClipboardPrivacyLifecycleTests testShutdownReportsSuccessfulBoundedStoreDrain]' started.
Test Case '-[HyperTests.ClipboardPrivacyLifecycleTests testShutdownReportsSuccessfulBoundedStoreDrain]' passed (0.002 seconds).
Test Case '-[HyperTests.ClipboardPrivacyLifecycleTests testShutdownUsesRealStoreDrainAndReturnsOnlyAfterIndexIsDurable]' started.
Test Case '-[HyperTests.ClipboardPrivacyLifecycleTests testShutdownUsesRealStoreDrainAndReturnsOnlyAfterIndexIsDurable]' passed (0.008 seconds).
Test Case '-[HyperTests.ClipboardPrivacyLifecycleTests testStaleAllowedAndIgnoredSourcesNeverCrossApplicationBoundaryForOneHundredRounds]' started.
Test Case '-[HyperTests.ClipboardPrivacyLifecycleTests testStaleAllowedAndIgnoredSourcesNeverCrossApplicationBoundaryForOneHundredRounds]' passed (0.018 seconds).
Test Case '-[HyperTests.ClipboardPrivacyLifecycleTests testUnknownPollingSourceIsStoredWithoutFalseAttributionWhenNoRulesExist]' started.
Test Case '-[HyperTests.ClipboardPrivacyLifecycleTests testUnknownPollingSourceIsStoredWithoutFalseAttributionWhenNoRulesExist]' passed (0.009 seconds).
Test Case '-[HyperTests.ClipboardPrivacyLifecycleTests testUnknownPollingSourceUsesMostRestrictiveConfiguredRule]' started.
Test Case '-[HyperTests.ClipboardPrivacyLifecycleTests testUnknownPollingSourceUsesMostRestrictiveConfiguredRule]' passed (0.002 seconds).
Test Suite 'ClipboardPrivacyLifecycleTests' passed at 2026-08-27 20:12:08.915.
	 Executed 13 tests, with 0 failures (0 unexpected) in 0.130 (0.131) seconds
Test Suite 'HyperPackageTests.xctest' passed at 2026-08-27 20:12:08.915.
	 Executed 13 tests, with 0 failures (0 unexpected) in 0.130 (0.131) seconds
Test Suite 'Selected tests' passed at 2026-08-27 20:12:08.915.
	 Executed 13 tests, with 0 failures (0 unexpected) in 0.130 (0.132) seconds
◇ Test run started.
↳ Testing Library Version: 1501
↳ Target Platform: arm64e-apple-macos14.0
✔ Test run with 0 tests in 0 suites passed after 0.001 seconds.

=== privacy iteration 32 ===
Test Suite 'Selected tests' started at 2026-08-27 20:12:09.349.
Test Suite 'HyperPackageTests.xctest' started at 2026-08-27 20:12:09.350.
Test Suite 'ClipboardPrivacyLifecycleTests' started at 2026-08-27 20:12:09.350.
Test Case '-[HyperTests.ClipboardPrivacyLifecycleTests testCopySourceSnapshotSurvivesSwitchingApplicationsBeforeCapture]' started.
Test Case '-[HyperTests.ClipboardPrivacyLifecycleTests testCopySourceSnapshotSurvivesSwitchingApplicationsBeforeCapture]' passed (0.013 seconds).
Test Case '-[HyperTests.ClipboardPrivacyLifecycleTests testGlobalPauseWritesNothingAndResumeDoesNotBackfillPausedContent]' started.
Test Case '-[HyperTests.ClipboardPrivacyLifecycleTests testGlobalPauseWritesNothingAndResumeDoesNotBackfillPausedContent]' passed (0.009 seconds).
Test Case '-[HyperTests.ClipboardPrivacyLifecycleTests testIgnoredCopySourceCannotLeakAcrossOneHundredImmediateAppSwitches]' started.
Test Case '-[HyperTests.ClipboardPrivacyLifecycleTests testIgnoredCopySourceCannotLeakAcrossOneHundredImmediateAppSwitches]' passed (0.010 seconds).
Test Case '-[HyperTests.ClipboardPrivacyLifecycleTests testIgnoreTextOnlyAndNoImagesRulesAreEnforcedAtCapture]' started.
Test Case '-[HyperTests.ClipboardPrivacyLifecycleTests testIgnoreTextOnlyAndNoImagesRulesAreEnforcedAtCapture]' passed (0.015 seconds).
Test Case '-[HyperTests.ClipboardPrivacyLifecycleTests testPendingSourceIsNotBorrowedByANewUnkeyedChange]' started.
Test Case '-[HyperTests.ClipboardPrivacyLifecycleTests testPendingSourceIsNotBorrowedByANewUnkeyedChange]' passed (0.002 seconds).
Test Case '-[HyperTests.ClipboardPrivacyLifecycleTests testPendingSourceRequiresExactNextChangeCountAndShortWindow]' started.
Test Case '-[HyperTests.ClipboardPrivacyLifecycleTests testPendingSourceRequiresExactNextChangeCountAndShortWindow]' passed (0.002 seconds).
Test Case '-[HyperTests.ClipboardPrivacyLifecycleTests testShutdownQueueAndStoreShareOneHardTimeoutBudget]' started.
Test Case '-[HyperTests.ClipboardPrivacyLifecycleTests testShutdownQueueAndStoreShareOneHardTimeoutBudget]' passed (0.037 seconds).
Test Case '-[HyperTests.ClipboardPrivacyLifecycleTests testShutdownReportsIncompleteDrainWithoutRetryingForever]' started.
Test Case '-[HyperTests.ClipboardPrivacyLifecycleTests testShutdownReportsIncompleteDrainWithoutRetryingForever]' passed (0.002 seconds).
Test Case '-[HyperTests.ClipboardPrivacyLifecycleTests testShutdownReportsSuccessfulBoundedStoreDrain]' started.
Test Case '-[HyperTests.ClipboardPrivacyLifecycleTests testShutdownReportsSuccessfulBoundedStoreDrain]' passed (0.002 seconds).
Test Case '-[HyperTests.ClipboardPrivacyLifecycleTests testShutdownUsesRealStoreDrainAndReturnsOnlyAfterIndexIsDurable]' started.
Test Case '-[HyperTests.ClipboardPrivacyLifecycleTests testShutdownUsesRealStoreDrainAndReturnsOnlyAfterIndexIsDurable]' passed (0.009 seconds).
Test Case '-[HyperTests.ClipboardPrivacyLifecycleTests testStaleAllowedAndIgnoredSourcesNeverCrossApplicationBoundaryForOneHundredRounds]' started.
Test Case '-[HyperTests.ClipboardPrivacyLifecycleTests testStaleAllowedAndIgnoredSourcesNeverCrossApplicationBoundaryForOneHundredRounds]' passed (0.021 seconds).
Test Case '-[HyperTests.ClipboardPrivacyLifecycleTests testUnknownPollingSourceIsStoredWithoutFalseAttributionWhenNoRulesExist]' started.
Test Case '-[HyperTests.ClipboardPrivacyLifecycleTests testUnknownPollingSourceIsStoredWithoutFalseAttributionWhenNoRulesExist]' passed (0.010 seconds).
Test Case '-[HyperTests.ClipboardPrivacyLifecycleTests testUnknownPollingSourceUsesMostRestrictiveConfiguredRule]' started.
Test Case '-[HyperTests.ClipboardPrivacyLifecycleTests testUnknownPollingSourceUsesMostRestrictiveConfiguredRule]' passed (0.003 seconds).
Test Suite 'ClipboardPrivacyLifecycleTests' passed at 2026-08-27 20:12:09.485.
	 Executed 13 tests, with 0 failures (0 unexpected) in 0.135 (0.136) seconds
Test Suite 'HyperPackageTests.xctest' passed at 2026-08-27 20:12:09.486.
	 Executed 13 tests, with 0 failures (0 unexpected) in 0.135 (0.136) seconds
Test Suite 'Selected tests' passed at 2026-08-27 20:12:09.486.
	 Executed 13 tests, with 0 failures (0 unexpected) in 0.135 (0.137) seconds
◇ Test run started.
↳ Testing Library Version: 1501
↳ Target Platform: arm64e-apple-macos14.0
✔ Test run with 0 tests in 0 suites passed after 0.001 seconds.

=== privacy iteration 33 ===
Test Suite 'Selected tests' started at 2026-08-27 20:12:09.935.
Test Suite 'HyperPackageTests.xctest' started at 2026-08-27 20:12:09.936.
Test Suite 'ClipboardPrivacyLifecycleTests' started at 2026-08-27 20:12:09.936.
Test Case '-[HyperTests.ClipboardPrivacyLifecycleTests testCopySourceSnapshotSurvivesSwitchingApplicationsBeforeCapture]' started.
Test Case '-[HyperTests.ClipboardPrivacyLifecycleTests testCopySourceSnapshotSurvivesSwitchingApplicationsBeforeCapture]' passed (0.012 seconds).
Test Case '-[HyperTests.ClipboardPrivacyLifecycleTests testGlobalPauseWritesNothingAndResumeDoesNotBackfillPausedContent]' started.
Test Case '-[HyperTests.ClipboardPrivacyLifecycleTests testGlobalPauseWritesNothingAndResumeDoesNotBackfillPausedContent]' passed (0.009 seconds).
Test Case '-[HyperTests.ClipboardPrivacyLifecycleTests testIgnoredCopySourceCannotLeakAcrossOneHundredImmediateAppSwitches]' started.
Test Case '-[HyperTests.ClipboardPrivacyLifecycleTests testIgnoredCopySourceCannotLeakAcrossOneHundredImmediateAppSwitches]' passed (0.010 seconds).
Test Case '-[HyperTests.ClipboardPrivacyLifecycleTests testIgnoreTextOnlyAndNoImagesRulesAreEnforcedAtCapture]' started.
Test Case '-[HyperTests.ClipboardPrivacyLifecycleTests testIgnoreTextOnlyAndNoImagesRulesAreEnforcedAtCapture]' passed (0.015 seconds).
Test Case '-[HyperTests.ClipboardPrivacyLifecycleTests testPendingSourceIsNotBorrowedByANewUnkeyedChange]' started.
Test Case '-[HyperTests.ClipboardPrivacyLifecycleTests testPendingSourceIsNotBorrowedByANewUnkeyedChange]' passed (0.002 seconds).
Test Case '-[HyperTests.ClipboardPrivacyLifecycleTests testPendingSourceRequiresExactNextChangeCountAndShortWindow]' started.
Test Case '-[HyperTests.ClipboardPrivacyLifecycleTests testPendingSourceRequiresExactNextChangeCountAndShortWindow]' passed (0.002 seconds).
Test Case '-[HyperTests.ClipboardPrivacyLifecycleTests testShutdownQueueAndStoreShareOneHardTimeoutBudget]' started.
Test Case '-[HyperTests.ClipboardPrivacyLifecycleTests testShutdownQueueAndStoreShareOneHardTimeoutBudget]' passed (0.037 seconds).
Test Case '-[HyperTests.ClipboardPrivacyLifecycleTests testShutdownReportsIncompleteDrainWithoutRetryingForever]' started.
Test Case '-[HyperTests.ClipboardPrivacyLifecycleTests testShutdownReportsIncompleteDrainWithoutRetryingForever]' passed (0.002 seconds).
Test Case '-[HyperTests.ClipboardPrivacyLifecycleTests testShutdownReportsSuccessfulBoundedStoreDrain]' started.
Test Case '-[HyperTests.ClipboardPrivacyLifecycleTests testShutdownReportsSuccessfulBoundedStoreDrain]' passed (0.002 seconds).
Test Case '-[HyperTests.ClipboardPrivacyLifecycleTests testShutdownUsesRealStoreDrainAndReturnsOnlyAfterIndexIsDurable]' started.
Test Case '-[HyperTests.ClipboardPrivacyLifecycleTests testShutdownUsesRealStoreDrainAndReturnsOnlyAfterIndexIsDurable]' passed (0.009 seconds).
Test Case '-[HyperTests.ClipboardPrivacyLifecycleTests testStaleAllowedAndIgnoredSourcesNeverCrossApplicationBoundaryForOneHundredRounds]' started.
Test Case '-[HyperTests.ClipboardPrivacyLifecycleTests testStaleAllowedAndIgnoredSourcesNeverCrossApplicationBoundaryForOneHundredRounds]' passed (0.025 seconds).
Test Case '-[HyperTests.ClipboardPrivacyLifecycleTests testUnknownPollingSourceIsStoredWithoutFalseAttributionWhenNoRulesExist]' started.
Test Case '-[HyperTests.ClipboardPrivacyLifecycleTests testUnknownPollingSourceIsStoredWithoutFalseAttributionWhenNoRulesExist]' passed (0.008 seconds).
Test Case '-[HyperTests.ClipboardPrivacyLifecycleTests testUnknownPollingSourceUsesMostRestrictiveConfiguredRule]' started.
Test Case '-[HyperTests.ClipboardPrivacyLifecycleTests testUnknownPollingSourceUsesMostRestrictiveConfiguredRule]' passed (0.002 seconds).
Test Suite 'ClipboardPrivacyLifecycleTests' passed at 2026-08-27 20:12:10.073.
	 Executed 13 tests, with 0 failures (0 unexpected) in 0.137 (0.137) seconds
Test Suite 'HyperPackageTests.xctest' passed at 2026-08-27 20:12:10.073.
	 Executed 13 tests, with 0 failures (0 unexpected) in 0.137 (0.137) seconds
Test Suite 'Selected tests' passed at 2026-08-27 20:12:10.073.
	 Executed 13 tests, with 0 failures (0 unexpected) in 0.137 (0.138) seconds
◇ Test run started.
↳ Testing Library Version: 1501
↳ Target Platform: arm64e-apple-macos14.0
✔ Test run with 0 tests in 0 suites passed after 0.001 seconds.

=== privacy iteration 34 ===
Test Suite 'Selected tests' started at 2026-08-27 20:12:10.502.
Test Suite 'HyperPackageTests.xctest' started at 2026-08-27 20:12:10.503.
Test Suite 'ClipboardPrivacyLifecycleTests' started at 2026-08-27 20:12:10.503.
Test Case '-[HyperTests.ClipboardPrivacyLifecycleTests testCopySourceSnapshotSurvivesSwitchingApplicationsBeforeCapture]' started.
Test Case '-[HyperTests.ClipboardPrivacyLifecycleTests testCopySourceSnapshotSurvivesSwitchingApplicationsBeforeCapture]' passed (0.012 seconds).
Test Case '-[HyperTests.ClipboardPrivacyLifecycleTests testGlobalPauseWritesNothingAndResumeDoesNotBackfillPausedContent]' started.
Test Case '-[HyperTests.ClipboardPrivacyLifecycleTests testGlobalPauseWritesNothingAndResumeDoesNotBackfillPausedContent]' passed (0.009 seconds).
Test Case '-[HyperTests.ClipboardPrivacyLifecycleTests testIgnoredCopySourceCannotLeakAcrossOneHundredImmediateAppSwitches]' started.
Test Case '-[HyperTests.ClipboardPrivacyLifecycleTests testIgnoredCopySourceCannotLeakAcrossOneHundredImmediateAppSwitches]' passed (0.010 seconds).
Test Case '-[HyperTests.ClipboardPrivacyLifecycleTests testIgnoreTextOnlyAndNoImagesRulesAreEnforcedAtCapture]' started.
Test Case '-[HyperTests.ClipboardPrivacyLifecycleTests testIgnoreTextOnlyAndNoImagesRulesAreEnforcedAtCapture]' passed (0.016 seconds).
Test Case '-[HyperTests.ClipboardPrivacyLifecycleTests testPendingSourceIsNotBorrowedByANewUnkeyedChange]' started.
Test Case '-[HyperTests.ClipboardPrivacyLifecycleTests testPendingSourceIsNotBorrowedByANewUnkeyedChange]' passed (0.002 seconds).
Test Case '-[HyperTests.ClipboardPrivacyLifecycleTests testPendingSourceRequiresExactNextChangeCountAndShortWindow]' started.
Test Case '-[HyperTests.ClipboardPrivacyLifecycleTests testPendingSourceRequiresExactNextChangeCountAndShortWindow]' passed (0.002 seconds).
Test Case '-[HyperTests.ClipboardPrivacyLifecycleTests testShutdownQueueAndStoreShareOneHardTimeoutBudget]' started.
Test Case '-[HyperTests.ClipboardPrivacyLifecycleTests testShutdownQueueAndStoreShareOneHardTimeoutBudget]' passed (0.033 seconds).
Test Case '-[HyperTests.ClipboardPrivacyLifecycleTests testShutdownReportsIncompleteDrainWithoutRetryingForever]' started.
Test Case '-[HyperTests.ClipboardPrivacyLifecycleTests testShutdownReportsIncompleteDrainWithoutRetryingForever]' passed (0.002 seconds).
Test Case '-[HyperTests.ClipboardPrivacyLifecycleTests testShutdownReportsSuccessfulBoundedStoreDrain]' started.
Test Case '-[HyperTests.ClipboardPrivacyLifecycleTests testShutdownReportsSuccessfulBoundedStoreDrain]' passed (0.002 seconds).
Test Case '-[HyperTests.ClipboardPrivacyLifecycleTests testShutdownUsesRealStoreDrainAndReturnsOnlyAfterIndexIsDurable]' started.
Test Case '-[HyperTests.ClipboardPrivacyLifecycleTests testShutdownUsesRealStoreDrainAndReturnsOnlyAfterIndexIsDurable]' passed (0.008 seconds).
Test Case '-[HyperTests.ClipboardPrivacyLifecycleTests testStaleAllowedAndIgnoredSourcesNeverCrossApplicationBoundaryForOneHundredRounds]' started.
Test Case '-[HyperTests.ClipboardPrivacyLifecycleTests testStaleAllowedAndIgnoredSourcesNeverCrossApplicationBoundaryForOneHundredRounds]' passed (0.020 seconds).
Test Case '-[HyperTests.ClipboardPrivacyLifecycleTests testUnknownPollingSourceIsStoredWithoutFalseAttributionWhenNoRulesExist]' started.
Test Case '-[HyperTests.ClipboardPrivacyLifecycleTests testUnknownPollingSourceIsStoredWithoutFalseAttributionWhenNoRulesExist]' passed (0.008 seconds).
Test Case '-[HyperTests.ClipboardPrivacyLifecycleTests testUnknownPollingSourceUsesMostRestrictiveConfiguredRule]' started.
Test Case '-[HyperTests.ClipboardPrivacyLifecycleTests testUnknownPollingSourceUsesMostRestrictiveConfiguredRule]' passed (0.002 seconds).
Test Suite 'ClipboardPrivacyLifecycleTests' passed at 2026-08-27 20:12:10.630.
	 Executed 13 tests, with 0 failures (0 unexpected) in 0.126 (0.126) seconds
Test Suite 'HyperPackageTests.xctest' passed at 2026-08-27 20:12:10.630.
	 Executed 13 tests, with 0 failures (0 unexpected) in 0.126 (0.126) seconds
Test Suite 'Selected tests' passed at 2026-08-27 20:12:10.630.
	 Executed 13 tests, with 0 failures (0 unexpected) in 0.126 (0.127) seconds
◇ Test run started.
↳ Testing Library Version: 1501
↳ Target Platform: arm64e-apple-macos14.0
✔ Test run with 0 tests in 0 suites passed after 0.001 seconds.

=== privacy iteration 35 ===
Test Suite 'Selected tests' started at 2026-08-27 20:12:11.056.
Test Suite 'HyperPackageTests.xctest' started at 2026-08-27 20:12:11.057.
Test Suite 'ClipboardPrivacyLifecycleTests' started at 2026-08-27 20:12:11.057.
Test Case '-[HyperTests.ClipboardPrivacyLifecycleTests testCopySourceSnapshotSurvivesSwitchingApplicationsBeforeCapture]' started.
Test Case '-[HyperTests.ClipboardPrivacyLifecycleTests testCopySourceSnapshotSurvivesSwitchingApplicationsBeforeCapture]' passed (0.012 seconds).
Test Case '-[HyperTests.ClipboardPrivacyLifecycleTests testGlobalPauseWritesNothingAndResumeDoesNotBackfillPausedContent]' started.
Test Case '-[HyperTests.ClipboardPrivacyLifecycleTests testGlobalPauseWritesNothingAndResumeDoesNotBackfillPausedContent]' passed (0.009 seconds).
Test Case '-[HyperTests.ClipboardPrivacyLifecycleTests testIgnoredCopySourceCannotLeakAcrossOneHundredImmediateAppSwitches]' started.
Test Case '-[HyperTests.ClipboardPrivacyLifecycleTests testIgnoredCopySourceCannotLeakAcrossOneHundredImmediateAppSwitches]' passed (0.011 seconds).
Test Case '-[HyperTests.ClipboardPrivacyLifecycleTests testIgnoreTextOnlyAndNoImagesRulesAreEnforcedAtCapture]' started.
Test Case '-[HyperTests.ClipboardPrivacyLifecycleTests testIgnoreTextOnlyAndNoImagesRulesAreEnforcedAtCapture]' passed (0.015 seconds).
Test Case '-[HyperTests.ClipboardPrivacyLifecycleTests testPendingSourceIsNotBorrowedByANewUnkeyedChange]' started.
Test Case '-[HyperTests.ClipboardPrivacyLifecycleTests testPendingSourceIsNotBorrowedByANewUnkeyedChange]' passed (0.002 seconds).
Test Case '-[HyperTests.ClipboardPrivacyLifecycleTests testPendingSourceRequiresExactNextChangeCountAndShortWindow]' started.
Test Case '-[HyperTests.ClipboardPrivacyLifecycleTests testPendingSourceRequiresExactNextChangeCountAndShortWindow]' passed (0.002 seconds).
Test Case '-[HyperTests.ClipboardPrivacyLifecycleTests testShutdownQueueAndStoreShareOneHardTimeoutBudget]' started.
Test Case '-[HyperTests.ClipboardPrivacyLifecycleTests testShutdownQueueAndStoreShareOneHardTimeoutBudget]' passed (0.037 seconds).
Test Case '-[HyperTests.ClipboardPrivacyLifecycleTests testShutdownReportsIncompleteDrainWithoutRetryingForever]' started.
Test Case '-[HyperTests.ClipboardPrivacyLifecycleTests testShutdownReportsIncompleteDrainWithoutRetryingForever]' passed (0.002 seconds).
Test Case '-[HyperTests.ClipboardPrivacyLifecycleTests testShutdownReportsSuccessfulBoundedStoreDrain]' started.
Test Case '-[HyperTests.ClipboardPrivacyLifecycleTests testShutdownReportsSuccessfulBoundedStoreDrain]' passed (0.002 seconds).
Test Case '-[HyperTests.ClipboardPrivacyLifecycleTests testShutdownUsesRealStoreDrainAndReturnsOnlyAfterIndexIsDurable]' started.
Test Case '-[HyperTests.ClipboardPrivacyLifecycleTests testShutdownUsesRealStoreDrainAndReturnsOnlyAfterIndexIsDurable]' passed (0.009 seconds).
Test Case '-[HyperTests.ClipboardPrivacyLifecycleTests testStaleAllowedAndIgnoredSourcesNeverCrossApplicationBoundaryForOneHundredRounds]' started.
Test Case '-[HyperTests.ClipboardPrivacyLifecycleTests testStaleAllowedAndIgnoredSourcesNeverCrossApplicationBoundaryForOneHundredRounds]' passed (0.018 seconds).
Test Case '-[HyperTests.ClipboardPrivacyLifecycleTests testUnknownPollingSourceIsStoredWithoutFalseAttributionWhenNoRulesExist]' started.
Test Case '-[HyperTests.ClipboardPrivacyLifecycleTests testUnknownPollingSourceIsStoredWithoutFalseAttributionWhenNoRulesExist]' passed (0.010 seconds).
Test Case '-[HyperTests.ClipboardPrivacyLifecycleTests testUnknownPollingSourceUsesMostRestrictiveConfiguredRule]' started.
Test Case '-[HyperTests.ClipboardPrivacyLifecycleTests testUnknownPollingSourceUsesMostRestrictiveConfiguredRule]' passed (0.003 seconds).
Test Suite 'ClipboardPrivacyLifecycleTests' passed at 2026-08-27 20:12:11.190.
	 Executed 13 tests, with 0 failures (0 unexpected) in 0.132 (0.133) seconds
Test Suite 'HyperPackageTests.xctest' passed at 2026-08-27 20:12:11.190.
	 Executed 13 tests, with 0 failures (0 unexpected) in 0.132 (0.133) seconds
Test Suite 'Selected tests' passed at 2026-08-27 20:12:11.190.
	 Executed 13 tests, with 0 failures (0 unexpected) in 0.132 (0.134) seconds
◇ Test run started.
↳ Testing Library Version: 1501
↳ Target Platform: arm64e-apple-macos14.0
✔ Test run with 0 tests in 0 suites passed after 0.001 seconds.

=== privacy iteration 36 ===
Test Suite 'Selected tests' started at 2026-08-27 20:12:11.632.
Test Suite 'HyperPackageTests.xctest' started at 2026-08-27 20:12:11.633.
Test Suite 'ClipboardPrivacyLifecycleTests' started at 2026-08-27 20:12:11.633.
Test Case '-[HyperTests.ClipboardPrivacyLifecycleTests testCopySourceSnapshotSurvivesSwitchingApplicationsBeforeCapture]' started.
Test Case '-[HyperTests.ClipboardPrivacyLifecycleTests testCopySourceSnapshotSurvivesSwitchingApplicationsBeforeCapture]' passed (0.013 seconds).
Test Case '-[HyperTests.ClipboardPrivacyLifecycleTests testGlobalPauseWritesNothingAndResumeDoesNotBackfillPausedContent]' started.
Test Case '-[HyperTests.ClipboardPrivacyLifecycleTests testGlobalPauseWritesNothingAndResumeDoesNotBackfillPausedContent]' passed (0.010 seconds).
Test Case '-[HyperTests.ClipboardPrivacyLifecycleTests testIgnoredCopySourceCannotLeakAcrossOneHundredImmediateAppSwitches]' started.
Test Case '-[HyperTests.ClipboardPrivacyLifecycleTests testIgnoredCopySourceCannotLeakAcrossOneHundredImmediateAppSwitches]' passed (0.011 seconds).
Test Case '-[HyperTests.ClipboardPrivacyLifecycleTests testIgnoreTextOnlyAndNoImagesRulesAreEnforcedAtCapture]' started.
Test Case '-[HyperTests.ClipboardPrivacyLifecycleTests testIgnoreTextOnlyAndNoImagesRulesAreEnforcedAtCapture]' passed (0.016 seconds).
Test Case '-[HyperTests.ClipboardPrivacyLifecycleTests testPendingSourceIsNotBorrowedByANewUnkeyedChange]' started.
Test Case '-[HyperTests.ClipboardPrivacyLifecycleTests testPendingSourceIsNotBorrowedByANewUnkeyedChange]' passed (0.002 seconds).
Test Case '-[HyperTests.ClipboardPrivacyLifecycleTests testPendingSourceRequiresExactNextChangeCountAndShortWindow]' started.
Test Case '-[HyperTests.ClipboardPrivacyLifecycleTests testPendingSourceRequiresExactNextChangeCountAndShortWindow]' passed (0.002 seconds).
Test Case '-[HyperTests.ClipboardPrivacyLifecycleTests testShutdownQueueAndStoreShareOneHardTimeoutBudget]' started.
Test Case '-[HyperTests.ClipboardPrivacyLifecycleTests testShutdownQueueAndStoreShareOneHardTimeoutBudget]' passed (0.037 seconds).
Test Case '-[HyperTests.ClipboardPrivacyLifecycleTests testShutdownReportsIncompleteDrainWithoutRetryingForever]' started.
Test Case '-[HyperTests.ClipboardPrivacyLifecycleTests testShutdownReportsIncompleteDrainWithoutRetryingForever]' passed (0.002 seconds).
Test Case '-[HyperTests.ClipboardPrivacyLifecycleTests testShutdownReportsSuccessfulBoundedStoreDrain]' started.
Test Case '-[HyperTests.ClipboardPrivacyLifecycleTests testShutdownReportsSuccessfulBoundedStoreDrain]' passed (0.002 seconds).
Test Case '-[HyperTests.ClipboardPrivacyLifecycleTests testShutdownUsesRealStoreDrainAndReturnsOnlyAfterIndexIsDurable]' started.
Test Case '-[HyperTests.ClipboardPrivacyLifecycleTests testShutdownUsesRealStoreDrainAndReturnsOnlyAfterIndexIsDurable]' passed (0.009 seconds).
Test Case '-[HyperTests.ClipboardPrivacyLifecycleTests testStaleAllowedAndIgnoredSourcesNeverCrossApplicationBoundaryForOneHundredRounds]' started.
Test Case '-[HyperTests.ClipboardPrivacyLifecycleTests testStaleAllowedAndIgnoredSourcesNeverCrossApplicationBoundaryForOneHundredRounds]' passed (0.020 seconds).
Test Case '-[HyperTests.ClipboardPrivacyLifecycleTests testUnknownPollingSourceIsStoredWithoutFalseAttributionWhenNoRulesExist]' started.
Test Case '-[HyperTests.ClipboardPrivacyLifecycleTests testUnknownPollingSourceIsStoredWithoutFalseAttributionWhenNoRulesExist]' passed (0.009 seconds).
Test Case '-[HyperTests.ClipboardPrivacyLifecycleTests testUnknownPollingSourceUsesMostRestrictiveConfiguredRule]' started.
Test Case '-[HyperTests.ClipboardPrivacyLifecycleTests testUnknownPollingSourceUsesMostRestrictiveConfiguredRule]' passed (0.003 seconds).
Test Suite 'ClipboardPrivacyLifecycleTests' passed at 2026-08-27 20:12:11.769.
	 Executed 13 tests, with 0 failures (0 unexpected) in 0.136 (0.137) seconds
Test Suite 'HyperPackageTests.xctest' passed at 2026-08-27 20:12:11.769.
	 Executed 13 tests, with 0 failures (0 unexpected) in 0.136 (0.137) seconds
Test Suite 'Selected tests' passed at 2026-08-27 20:12:11.769.
	 Executed 13 tests, with 0 failures (0 unexpected) in 0.136 (0.138) seconds
◇ Test run started.
↳ Testing Library Version: 1501
↳ Target Platform: arm64e-apple-macos14.0
✔ Test run with 0 tests in 0 suites passed after 0.001 seconds.

=== privacy iteration 37 ===
Test Suite 'Selected tests' started at 2026-08-27 20:12:12.209.
Test Suite 'HyperPackageTests.xctest' started at 2026-08-27 20:12:12.210.
Test Suite 'ClipboardPrivacyLifecycleTests' started at 2026-08-27 20:12:12.210.
Test Case '-[HyperTests.ClipboardPrivacyLifecycleTests testCopySourceSnapshotSurvivesSwitchingApplicationsBeforeCapture]' started.
Test Case '-[HyperTests.ClipboardPrivacyLifecycleTests testCopySourceSnapshotSurvivesSwitchingApplicationsBeforeCapture]' passed (0.013 seconds).
Test Case '-[HyperTests.ClipboardPrivacyLifecycleTests testGlobalPauseWritesNothingAndResumeDoesNotBackfillPausedContent]' started.
Test Case '-[HyperTests.ClipboardPrivacyLifecycleTests testGlobalPauseWritesNothingAndResumeDoesNotBackfillPausedContent]' passed (0.008 seconds).
Test Case '-[HyperTests.ClipboardPrivacyLifecycleTests testIgnoredCopySourceCannotLeakAcrossOneHundredImmediateAppSwitches]' started.
Test Case '-[HyperTests.ClipboardPrivacyLifecycleTests testIgnoredCopySourceCannotLeakAcrossOneHundredImmediateAppSwitches]' passed (0.011 seconds).
Test Case '-[HyperTests.ClipboardPrivacyLifecycleTests testIgnoreTextOnlyAndNoImagesRulesAreEnforcedAtCapture]' started.
Test Case '-[HyperTests.ClipboardPrivacyLifecycleTests testIgnoreTextOnlyAndNoImagesRulesAreEnforcedAtCapture]' passed (0.016 seconds).
Test Case '-[HyperTests.ClipboardPrivacyLifecycleTests testPendingSourceIsNotBorrowedByANewUnkeyedChange]' started.
Test Case '-[HyperTests.ClipboardPrivacyLifecycleTests testPendingSourceIsNotBorrowedByANewUnkeyedChange]' passed (0.002 seconds).
Test Case '-[HyperTests.ClipboardPrivacyLifecycleTests testPendingSourceRequiresExactNextChangeCountAndShortWindow]' started.
Test Case '-[HyperTests.ClipboardPrivacyLifecycleTests testPendingSourceRequiresExactNextChangeCountAndShortWindow]' passed (0.002 seconds).
Test Case '-[HyperTests.ClipboardPrivacyLifecycleTests testShutdownQueueAndStoreShareOneHardTimeoutBudget]' started.
Test Case '-[HyperTests.ClipboardPrivacyLifecycleTests testShutdownQueueAndStoreShareOneHardTimeoutBudget]' passed (0.033 seconds).
Test Case '-[HyperTests.ClipboardPrivacyLifecycleTests testShutdownReportsIncompleteDrainWithoutRetryingForever]' started.
Test Case '-[HyperTests.ClipboardPrivacyLifecycleTests testShutdownReportsIncompleteDrainWithoutRetryingForever]' passed (0.002 seconds).
Test Case '-[HyperTests.ClipboardPrivacyLifecycleTests testShutdownReportsSuccessfulBoundedStoreDrain]' started.
Test Case '-[HyperTests.ClipboardPrivacyLifecycleTests testShutdownReportsSuccessfulBoundedStoreDrain]' passed (0.002 seconds).
Test Case '-[HyperTests.ClipboardPrivacyLifecycleTests testShutdownUsesRealStoreDrainAndReturnsOnlyAfterIndexIsDurable]' started.
Test Case '-[HyperTests.ClipboardPrivacyLifecycleTests testShutdownUsesRealStoreDrainAndReturnsOnlyAfterIndexIsDurable]' passed (0.009 seconds).
Test Case '-[HyperTests.ClipboardPrivacyLifecycleTests testStaleAllowedAndIgnoredSourcesNeverCrossApplicationBoundaryForOneHundredRounds]' started.
Test Case '-[HyperTests.ClipboardPrivacyLifecycleTests testStaleAllowedAndIgnoredSourcesNeverCrossApplicationBoundaryForOneHundredRounds]' passed (0.020 seconds).
Test Case '-[HyperTests.ClipboardPrivacyLifecycleTests testUnknownPollingSourceIsStoredWithoutFalseAttributionWhenNoRulesExist]' started.
Test Case '-[HyperTests.ClipboardPrivacyLifecycleTests testUnknownPollingSourceIsStoredWithoutFalseAttributionWhenNoRulesExist]' passed (0.009 seconds).
Test Case '-[HyperTests.ClipboardPrivacyLifecycleTests testUnknownPollingSourceUsesMostRestrictiveConfiguredRule]' started.
Test Case '-[HyperTests.ClipboardPrivacyLifecycleTests testUnknownPollingSourceUsesMostRestrictiveConfiguredRule]' passed (0.003 seconds).
Test Suite 'ClipboardPrivacyLifecycleTests' passed at 2026-08-27 20:12:12.341.
	 Executed 13 tests, with 0 failures (0 unexpected) in 0.130 (0.131) seconds
Test Suite 'HyperPackageTests.xctest' passed at 2026-08-27 20:12:12.341.
	 Executed 13 tests, with 0 failures (0 unexpected) in 0.130 (0.131) seconds
Test Suite 'Selected tests' passed at 2026-08-27 20:12:12.341.
	 Executed 13 tests, with 0 failures (0 unexpected) in 0.130 (0.132) seconds
◇ Test run started.
↳ Testing Library Version: 1501
↳ Target Platform: arm64e-apple-macos14.0
✔ Test run with 0 tests in 0 suites passed after 0.001 seconds.

=== privacy iteration 38 ===
Test Suite 'Selected tests' started at 2026-08-27 20:12:12.810.
Test Suite 'HyperPackageTests.xctest' started at 2026-08-27 20:12:12.811.
Test Suite 'ClipboardPrivacyLifecycleTests' started at 2026-08-27 20:12:12.811.
Test Case '-[HyperTests.ClipboardPrivacyLifecycleTests testCopySourceSnapshotSurvivesSwitchingApplicationsBeforeCapture]' started.
Test Case '-[HyperTests.ClipboardPrivacyLifecycleTests testCopySourceSnapshotSurvivesSwitchingApplicationsBeforeCapture]' passed (0.013 seconds).
Test Case '-[HyperTests.ClipboardPrivacyLifecycleTests testGlobalPauseWritesNothingAndResumeDoesNotBackfillPausedContent]' started.
Test Case '-[HyperTests.ClipboardPrivacyLifecycleTests testGlobalPauseWritesNothingAndResumeDoesNotBackfillPausedContent]' passed (0.010 seconds).
Test Case '-[HyperTests.ClipboardPrivacyLifecycleTests testIgnoredCopySourceCannotLeakAcrossOneHundredImmediateAppSwitches]' started.
Test Case '-[HyperTests.ClipboardPrivacyLifecycleTests testIgnoredCopySourceCannotLeakAcrossOneHundredImmediateAppSwitches]' passed (0.011 seconds).
Test Case '-[HyperTests.ClipboardPrivacyLifecycleTests testIgnoreTextOnlyAndNoImagesRulesAreEnforcedAtCapture]' started.
Test Case '-[HyperTests.ClipboardPrivacyLifecycleTests testIgnoreTextOnlyAndNoImagesRulesAreEnforcedAtCapture]' passed (0.016 seconds).
Test Case '-[HyperTests.ClipboardPrivacyLifecycleTests testPendingSourceIsNotBorrowedByANewUnkeyedChange]' started.
Test Case '-[HyperTests.ClipboardPrivacyLifecycleTests testPendingSourceIsNotBorrowedByANewUnkeyedChange]' passed (0.002 seconds).
Test Case '-[HyperTests.ClipboardPrivacyLifecycleTests testPendingSourceRequiresExactNextChangeCountAndShortWindow]' started.
Test Case '-[HyperTests.ClipboardPrivacyLifecycleTests testPendingSourceRequiresExactNextChangeCountAndShortWindow]' passed (0.002 seconds).
Test Case '-[HyperTests.ClipboardPrivacyLifecycleTests testShutdownQueueAndStoreShareOneHardTimeoutBudget]' started.
Test Case '-[HyperTests.ClipboardPrivacyLifecycleTests testShutdownQueueAndStoreShareOneHardTimeoutBudget]' passed (0.034 seconds).
Test Case '-[HyperTests.ClipboardPrivacyLifecycleTests testShutdownReportsIncompleteDrainWithoutRetryingForever]' started.
Test Case '-[HyperTests.ClipboardPrivacyLifecycleTests testShutdownReportsIncompleteDrainWithoutRetryingForever]' passed (0.002 seconds).
Test Case '-[HyperTests.ClipboardPrivacyLifecycleTests testShutdownReportsSuccessfulBoundedStoreDrain]' started.
Test Case '-[HyperTests.ClipboardPrivacyLifecycleTests testShutdownReportsSuccessfulBoundedStoreDrain]' passed (0.002 seconds).
Test Case '-[HyperTests.ClipboardPrivacyLifecycleTests testShutdownUsesRealStoreDrainAndReturnsOnlyAfterIndexIsDurable]' started.
Test Case '-[HyperTests.ClipboardPrivacyLifecycleTests testShutdownUsesRealStoreDrainAndReturnsOnlyAfterIndexIsDurable]' passed (0.010 seconds).
Test Case '-[HyperTests.ClipboardPrivacyLifecycleTests testStaleAllowedAndIgnoredSourcesNeverCrossApplicationBoundaryForOneHundredRounds]' started.
Test Case '-[HyperTests.ClipboardPrivacyLifecycleTests testStaleAllowedAndIgnoredSourcesNeverCrossApplicationBoundaryForOneHundredRounds]' passed (0.020 seconds).
Test Case '-[HyperTests.ClipboardPrivacyLifecycleTests testUnknownPollingSourceIsStoredWithoutFalseAttributionWhenNoRulesExist]' started.
Test Case '-[HyperTests.ClipboardPrivacyLifecycleTests testUnknownPollingSourceIsStoredWithoutFalseAttributionWhenNoRulesExist]' passed (0.010 seconds).
Test Case '-[HyperTests.ClipboardPrivacyLifecycleTests testUnknownPollingSourceUsesMostRestrictiveConfiguredRule]' started.
Test Case '-[HyperTests.ClipboardPrivacyLifecycleTests testUnknownPollingSourceUsesMostRestrictiveConfiguredRule]' passed (0.003 seconds).
Test Suite 'ClipboardPrivacyLifecycleTests' passed at 2026-08-27 20:12:12.949.
	 Executed 13 tests, with 0 failures (0 unexpected) in 0.137 (0.138) seconds
Test Suite 'HyperPackageTests.xctest' passed at 2026-08-27 20:12:12.949.
	 Executed 13 tests, with 0 failures (0 unexpected) in 0.137 (0.138) seconds
Test Suite 'Selected tests' passed at 2026-08-27 20:12:12.949.
	 Executed 13 tests, with 0 failures (0 unexpected) in 0.137 (0.139) seconds
◇ Test run started.
↳ Testing Library Version: 1501
↳ Target Platform: arm64e-apple-macos14.0
✔ Test run with 0 tests in 0 suites passed after 0.001 seconds.

=== privacy iteration 39 ===
Test Suite 'Selected tests' started at 2026-08-27 20:12:13.406.
Test Suite 'HyperPackageTests.xctest' started at 2026-08-27 20:12:13.407.
Test Suite 'ClipboardPrivacyLifecycleTests' started at 2026-08-27 20:12:13.407.
Test Case '-[HyperTests.ClipboardPrivacyLifecycleTests testCopySourceSnapshotSurvivesSwitchingApplicationsBeforeCapture]' started.
Test Case '-[HyperTests.ClipboardPrivacyLifecycleTests testCopySourceSnapshotSurvivesSwitchingApplicationsBeforeCapture]' passed (0.014 seconds).
Test Case '-[HyperTests.ClipboardPrivacyLifecycleTests testGlobalPauseWritesNothingAndResumeDoesNotBackfillPausedContent]' started.
Test Case '-[HyperTests.ClipboardPrivacyLifecycleTests testGlobalPauseWritesNothingAndResumeDoesNotBackfillPausedContent]' passed (0.010 seconds).
Test Case '-[HyperTests.ClipboardPrivacyLifecycleTests testIgnoredCopySourceCannotLeakAcrossOneHundredImmediateAppSwitches]' started.
Test Case '-[HyperTests.ClipboardPrivacyLifecycleTests testIgnoredCopySourceCannotLeakAcrossOneHundredImmediateAppSwitches]' passed (0.011 seconds).
Test Case '-[HyperTests.ClipboardPrivacyLifecycleTests testIgnoreTextOnlyAndNoImagesRulesAreEnforcedAtCapture]' started.
Test Case '-[HyperTests.ClipboardPrivacyLifecycleTests testIgnoreTextOnlyAndNoImagesRulesAreEnforcedAtCapture]' passed (0.016 seconds).
Test Case '-[HyperTests.ClipboardPrivacyLifecycleTests testPendingSourceIsNotBorrowedByANewUnkeyedChange]' started.
Test Case '-[HyperTests.ClipboardPrivacyLifecycleTests testPendingSourceIsNotBorrowedByANewUnkeyedChange]' passed (0.002 seconds).
Test Case '-[HyperTests.ClipboardPrivacyLifecycleTests testPendingSourceRequiresExactNextChangeCountAndShortWindow]' started.
Test Case '-[HyperTests.ClipboardPrivacyLifecycleTests testPendingSourceRequiresExactNextChangeCountAndShortWindow]' passed (0.002 seconds).
Test Case '-[HyperTests.ClipboardPrivacyLifecycleTests testShutdownQueueAndStoreShareOneHardTimeoutBudget]' started.
Test Case '-[HyperTests.ClipboardPrivacyLifecycleTests testShutdownQueueAndStoreShareOneHardTimeoutBudget]' passed (0.037 seconds).
Test Case '-[HyperTests.ClipboardPrivacyLifecycleTests testShutdownReportsIncompleteDrainWithoutRetryingForever]' started.
Test Case '-[HyperTests.ClipboardPrivacyLifecycleTests testShutdownReportsIncompleteDrainWithoutRetryingForever]' passed (0.003 seconds).
Test Case '-[HyperTests.ClipboardPrivacyLifecycleTests testShutdownReportsSuccessfulBoundedStoreDrain]' started.
Test Case '-[HyperTests.ClipboardPrivacyLifecycleTests testShutdownReportsSuccessfulBoundedStoreDrain]' passed (0.002 seconds).
Test Case '-[HyperTests.ClipboardPrivacyLifecycleTests testShutdownUsesRealStoreDrainAndReturnsOnlyAfterIndexIsDurable]' started.
Test Case '-[HyperTests.ClipboardPrivacyLifecycleTests testShutdownUsesRealStoreDrainAndReturnsOnlyAfterIndexIsDurable]' passed (0.009 seconds).
Test Case '-[HyperTests.ClipboardPrivacyLifecycleTests testStaleAllowedAndIgnoredSourcesNeverCrossApplicationBoundaryForOneHundredRounds]' started.
Test Case '-[HyperTests.ClipboardPrivacyLifecycleTests testStaleAllowedAndIgnoredSourcesNeverCrossApplicationBoundaryForOneHundredRounds]' passed (0.021 seconds).
Test Case '-[HyperTests.ClipboardPrivacyLifecycleTests testUnknownPollingSourceIsStoredWithoutFalseAttributionWhenNoRulesExist]' started.
Test Case '-[HyperTests.ClipboardPrivacyLifecycleTests testUnknownPollingSourceIsStoredWithoutFalseAttributionWhenNoRulesExist]' passed (0.010 seconds).
Test Case '-[HyperTests.ClipboardPrivacyLifecycleTests testUnknownPollingSourceUsesMostRestrictiveConfiguredRule]' started.
Test Case '-[HyperTests.ClipboardPrivacyLifecycleTests testUnknownPollingSourceUsesMostRestrictiveConfiguredRule]' passed (0.003 seconds).
Test Suite 'ClipboardPrivacyLifecycleTests' passed at 2026-08-27 20:12:13.548.
	 Executed 13 tests, with 0 failures (0 unexpected) in 0.140 (0.142) seconds
Test Suite 'HyperPackageTests.xctest' passed at 2026-08-27 20:12:13.548.
	 Executed 13 tests, with 0 failures (0 unexpected) in 0.140 (0.142) seconds
Test Suite 'Selected tests' passed at 2026-08-27 20:12:13.548.
	 Executed 13 tests, with 0 failures (0 unexpected) in 0.140 (0.143) seconds
◇ Test run started.
↳ Testing Library Version: 1501
↳ Target Platform: arm64e-apple-macos14.0
✔ Test run with 0 tests in 0 suites passed after 0.001 seconds.

=== privacy iteration 40 ===
Test Suite 'Selected tests' started at 2026-08-27 20:12:14.036.
Test Suite 'HyperPackageTests.xctest' started at 2026-08-27 20:12:14.037.
Test Suite 'ClipboardPrivacyLifecycleTests' started at 2026-08-27 20:12:14.037.
Test Case '-[HyperTests.ClipboardPrivacyLifecycleTests testCopySourceSnapshotSurvivesSwitchingApplicationsBeforeCapture]' started.
Test Case '-[HyperTests.ClipboardPrivacyLifecycleTests testCopySourceSnapshotSurvivesSwitchingApplicationsBeforeCapture]' passed (0.014 seconds).
Test Case '-[HyperTests.ClipboardPrivacyLifecycleTests testGlobalPauseWritesNothingAndResumeDoesNotBackfillPausedContent]' started.
Test Case '-[HyperTests.ClipboardPrivacyLifecycleTests testGlobalPauseWritesNothingAndResumeDoesNotBackfillPausedContent]' passed (0.009 seconds).
Test Case '-[HyperTests.ClipboardPrivacyLifecycleTests testIgnoredCopySourceCannotLeakAcrossOneHundredImmediateAppSwitches]' started.
Test Case '-[HyperTests.ClipboardPrivacyLifecycleTests testIgnoredCopySourceCannotLeakAcrossOneHundredImmediateAppSwitches]' passed (0.011 seconds).
Test Case '-[HyperTests.ClipboardPrivacyLifecycleTests testIgnoreTextOnlyAndNoImagesRulesAreEnforcedAtCapture]' started.
Test Case '-[HyperTests.ClipboardPrivacyLifecycleTests testIgnoreTextOnlyAndNoImagesRulesAreEnforcedAtCapture]' passed (0.016 seconds).
Test Case '-[HyperTests.ClipboardPrivacyLifecycleTests testPendingSourceIsNotBorrowedByANewUnkeyedChange]' started.
Test Case '-[HyperTests.ClipboardPrivacyLifecycleTests testPendingSourceIsNotBorrowedByANewUnkeyedChange]' passed (0.002 seconds).
Test Case '-[HyperTests.ClipboardPrivacyLifecycleTests testPendingSourceRequiresExactNextChangeCountAndShortWindow]' started.
Test Case '-[HyperTests.ClipboardPrivacyLifecycleTests testPendingSourceRequiresExactNextChangeCountAndShortWindow]' passed (0.002 seconds).
Test Case '-[HyperTests.ClipboardPrivacyLifecycleTests testShutdownQueueAndStoreShareOneHardTimeoutBudget]' started.
Test Case '-[HyperTests.ClipboardPrivacyLifecycleTests testShutdownQueueAndStoreShareOneHardTimeoutBudget]' passed (0.035 seconds).
Test Case '-[HyperTests.ClipboardPrivacyLifecycleTests testShutdownReportsIncompleteDrainWithoutRetryingForever]' started.
Test Case '-[HyperTests.ClipboardPrivacyLifecycleTests testShutdownReportsIncompleteDrainWithoutRetryingForever]' passed (0.002 seconds).
Test Case '-[HyperTests.ClipboardPrivacyLifecycleTests testShutdownReportsSuccessfulBoundedStoreDrain]' started.
Test Case '-[HyperTests.ClipboardPrivacyLifecycleTests testShutdownReportsSuccessfulBoundedStoreDrain]' passed (0.002 seconds).
Test Case '-[HyperTests.ClipboardPrivacyLifecycleTests testShutdownUsesRealStoreDrainAndReturnsOnlyAfterIndexIsDurable]' started.
Test Case '-[HyperTests.ClipboardPrivacyLifecycleTests testShutdownUsesRealStoreDrainAndReturnsOnlyAfterIndexIsDurable]' passed (0.010 seconds).
Test Case '-[HyperTests.ClipboardPrivacyLifecycleTests testStaleAllowedAndIgnoredSourcesNeverCrossApplicationBoundaryForOneHundredRounds]' started.
Test Case '-[HyperTests.ClipboardPrivacyLifecycleTests testStaleAllowedAndIgnoredSourcesNeverCrossApplicationBoundaryForOneHundredRounds]' passed (0.020 seconds).
Test Case '-[HyperTests.ClipboardPrivacyLifecycleTests testUnknownPollingSourceIsStoredWithoutFalseAttributionWhenNoRulesExist]' started.
Test Case '-[HyperTests.ClipboardPrivacyLifecycleTests testUnknownPollingSourceIsStoredWithoutFalseAttributionWhenNoRulesExist]' passed (0.009 seconds).
Test Case '-[HyperTests.ClipboardPrivacyLifecycleTests testUnknownPollingSourceUsesMostRestrictiveConfiguredRule]' started.
Test Case '-[HyperTests.ClipboardPrivacyLifecycleTests testUnknownPollingSourceUsesMostRestrictiveConfiguredRule]' passed (0.003 seconds).
Test Suite 'ClipboardPrivacyLifecycleTests' passed at 2026-08-27 20:12:14.173.
	 Executed 13 tests, with 0 failures (0 unexpected) in 0.135 (0.136) seconds
Test Suite 'HyperPackageTests.xctest' passed at 2026-08-27 20:12:14.173.
	 Executed 13 tests, with 0 failures (0 unexpected) in 0.135 (0.136) seconds
Test Suite 'Selected tests' passed at 2026-08-27 20:12:14.173.
	 Executed 13 tests, with 0 failures (0 unexpected) in 0.135 (0.137) seconds
◇ Test run started.
↳ Testing Library Version: 1501
↳ Target Platform: arm64e-apple-macos14.0
✔ Test run with 0 tests in 0 suites passed after 0.001 seconds.

=== privacy iteration 41 ===
Test Suite 'Selected tests' started at 2026-08-27 20:12:14.657.
Test Suite 'HyperPackageTests.xctest' started at 2026-08-27 20:12:14.658.
Test Suite 'ClipboardPrivacyLifecycleTests' started at 2026-08-27 20:12:14.658.
Test Case '-[HyperTests.ClipboardPrivacyLifecycleTests testCopySourceSnapshotSurvivesSwitchingApplicationsBeforeCapture]' started.
Test Case '-[HyperTests.ClipboardPrivacyLifecycleTests testCopySourceSnapshotSurvivesSwitchingApplicationsBeforeCapture]' passed (0.014 seconds).
Test Case '-[HyperTests.ClipboardPrivacyLifecycleTests testGlobalPauseWritesNothingAndResumeDoesNotBackfillPausedContent]' started.
Test Case '-[HyperTests.ClipboardPrivacyLifecycleTests testGlobalPauseWritesNothingAndResumeDoesNotBackfillPausedContent]' passed (0.009 seconds).
Test Case '-[HyperTests.ClipboardPrivacyLifecycleTests testIgnoredCopySourceCannotLeakAcrossOneHundredImmediateAppSwitches]' started.
Test Case '-[HyperTests.ClipboardPrivacyLifecycleTests testIgnoredCopySourceCannotLeakAcrossOneHundredImmediateAppSwitches]' passed (0.012 seconds).
Test Case '-[HyperTests.ClipboardPrivacyLifecycleTests testIgnoreTextOnlyAndNoImagesRulesAreEnforcedAtCapture]' started.
Test Case '-[HyperTests.ClipboardPrivacyLifecycleTests testIgnoreTextOnlyAndNoImagesRulesAreEnforcedAtCapture]' passed (0.017 seconds).
Test Case '-[HyperTests.ClipboardPrivacyLifecycleTests testPendingSourceIsNotBorrowedByANewUnkeyedChange]' started.
Test Case '-[HyperTests.ClipboardPrivacyLifecycleTests testPendingSourceIsNotBorrowedByANewUnkeyedChange]' passed (0.002 seconds).
Test Case '-[HyperTests.ClipboardPrivacyLifecycleTests testPendingSourceRequiresExactNextChangeCountAndShortWindow]' started.
Test Case '-[HyperTests.ClipboardPrivacyLifecycleTests testPendingSourceRequiresExactNextChangeCountAndShortWindow]' passed (0.002 seconds).
Test Case '-[HyperTests.ClipboardPrivacyLifecycleTests testShutdownQueueAndStoreShareOneHardTimeoutBudget]' started.
Test Case '-[HyperTests.ClipboardPrivacyLifecycleTests testShutdownQueueAndStoreShareOneHardTimeoutBudget]' passed (0.038 seconds).
Test Case '-[HyperTests.ClipboardPrivacyLifecycleTests testShutdownReportsIncompleteDrainWithoutRetryingForever]' started.
Test Case '-[HyperTests.ClipboardPrivacyLifecycleTests testShutdownReportsIncompleteDrainWithoutRetryingForever]' passed (0.002 seconds).
Test Case '-[HyperTests.ClipboardPrivacyLifecycleTests testShutdownReportsSuccessfulBoundedStoreDrain]' started.
Test Case '-[HyperTests.ClipboardPrivacyLifecycleTests testShutdownReportsSuccessfulBoundedStoreDrain]' passed (0.002 seconds).
Test Case '-[HyperTests.ClipboardPrivacyLifecycleTests testShutdownUsesRealStoreDrainAndReturnsOnlyAfterIndexIsDurable]' started.
Test Case '-[HyperTests.ClipboardPrivacyLifecycleTests testShutdownUsesRealStoreDrainAndReturnsOnlyAfterIndexIsDurable]' passed (0.009 seconds).
Test Case '-[HyperTests.ClipboardPrivacyLifecycleTests testStaleAllowedAndIgnoredSourcesNeverCrossApplicationBoundaryForOneHundredRounds]' started.
Test Case '-[HyperTests.ClipboardPrivacyLifecycleTests testStaleAllowedAndIgnoredSourcesNeverCrossApplicationBoundaryForOneHundredRounds]' passed (0.023 seconds).
Test Case '-[HyperTests.ClipboardPrivacyLifecycleTests testUnknownPollingSourceIsStoredWithoutFalseAttributionWhenNoRulesExist]' started.
Test Case '-[HyperTests.ClipboardPrivacyLifecycleTests testUnknownPollingSourceIsStoredWithoutFalseAttributionWhenNoRulesExist]' passed (0.010 seconds).
Test Case '-[HyperTests.ClipboardPrivacyLifecycleTests testUnknownPollingSourceUsesMostRestrictiveConfiguredRule]' started.
Test Case '-[HyperTests.ClipboardPrivacyLifecycleTests testUnknownPollingSourceUsesMostRestrictiveConfiguredRule]' passed (0.003 seconds).
Test Suite 'ClipboardPrivacyLifecycleTests' passed at 2026-08-27 20:12:14.802.
	 Executed 13 tests, with 0 failures (0 unexpected) in 0.143 (0.144) seconds
Test Suite 'HyperPackageTests.xctest' passed at 2026-08-27 20:12:14.802.
	 Executed 13 tests, with 0 failures (0 unexpected) in 0.143 (0.144) seconds
Test Suite 'Selected tests' passed at 2026-08-27 20:12:14.802.
	 Executed 13 tests, with 0 failures (0 unexpected) in 0.143 (0.145) seconds
◇ Test run started.
↳ Testing Library Version: 1501
↳ Target Platform: arm64e-apple-macos14.0
✔ Test run with 0 tests in 0 suites passed after 0.001 seconds.

=== privacy iteration 42 ===
Test Suite 'Selected tests' started at 2026-08-27 20:12:15.292.
Test Suite 'HyperPackageTests.xctest' started at 2026-08-27 20:12:15.293.
Test Suite 'ClipboardPrivacyLifecycleTests' started at 2026-08-27 20:12:15.293.
Test Case '-[HyperTests.ClipboardPrivacyLifecycleTests testCopySourceSnapshotSurvivesSwitchingApplicationsBeforeCapture]' started.
Test Case '-[HyperTests.ClipboardPrivacyLifecycleTests testCopySourceSnapshotSurvivesSwitchingApplicationsBeforeCapture]' passed (0.012 seconds).
Test Case '-[HyperTests.ClipboardPrivacyLifecycleTests testGlobalPauseWritesNothingAndResumeDoesNotBackfillPausedContent]' started.
Test Case '-[HyperTests.ClipboardPrivacyLifecycleTests testGlobalPauseWritesNothingAndResumeDoesNotBackfillPausedContent]' passed (0.009 seconds).
Test Case '-[HyperTests.ClipboardPrivacyLifecycleTests testIgnoredCopySourceCannotLeakAcrossOneHundredImmediateAppSwitches]' started.
Test Case '-[HyperTests.ClipboardPrivacyLifecycleTests testIgnoredCopySourceCannotLeakAcrossOneHundredImmediateAppSwitches]' passed (0.010 seconds).
Test Case '-[HyperTests.ClipboardPrivacyLifecycleTests testIgnoreTextOnlyAndNoImagesRulesAreEnforcedAtCapture]' started.
Test Case '-[HyperTests.ClipboardPrivacyLifecycleTests testIgnoreTextOnlyAndNoImagesRulesAreEnforcedAtCapture]' passed (0.015 seconds).
Test Case '-[HyperTests.ClipboardPrivacyLifecycleTests testPendingSourceIsNotBorrowedByANewUnkeyedChange]' started.
Test Case '-[HyperTests.ClipboardPrivacyLifecycleTests testPendingSourceIsNotBorrowedByANewUnkeyedChange]' passed (0.002 seconds).
Test Case '-[HyperTests.ClipboardPrivacyLifecycleTests testPendingSourceRequiresExactNextChangeCountAndShortWindow]' started.
Test Case '-[HyperTests.ClipboardPrivacyLifecycleTests testPendingSourceRequiresExactNextChangeCountAndShortWindow]' passed (0.002 seconds).
Test Case '-[HyperTests.ClipboardPrivacyLifecycleTests testShutdownQueueAndStoreShareOneHardTimeoutBudget]' started.
Test Case '-[HyperTests.ClipboardPrivacyLifecycleTests testShutdownQueueAndStoreShareOneHardTimeoutBudget]' passed (0.037 seconds).
Test Case '-[HyperTests.ClipboardPrivacyLifecycleTests testShutdownReportsIncompleteDrainWithoutRetryingForever]' started.
Test Case '-[HyperTests.ClipboardPrivacyLifecycleTests testShutdownReportsIncompleteDrainWithoutRetryingForever]' passed (0.002 seconds).
Test Case '-[HyperTests.ClipboardPrivacyLifecycleTests testShutdownReportsSuccessfulBoundedStoreDrain]' started.
Test Case '-[HyperTests.ClipboardPrivacyLifecycleTests testShutdownReportsSuccessfulBoundedStoreDrain]' passed (0.002 seconds).
Test Case '-[HyperTests.ClipboardPrivacyLifecycleTests testShutdownUsesRealStoreDrainAndReturnsOnlyAfterIndexIsDurable]' started.
Test Case '-[HyperTests.ClipboardPrivacyLifecycleTests testShutdownUsesRealStoreDrainAndReturnsOnlyAfterIndexIsDurable]' passed (0.010 seconds).
Test Case '-[HyperTests.ClipboardPrivacyLifecycleTests testStaleAllowedAndIgnoredSourcesNeverCrossApplicationBoundaryForOneHundredRounds]' started.
Test Case '-[HyperTests.ClipboardPrivacyLifecycleTests testStaleAllowedAndIgnoredSourcesNeverCrossApplicationBoundaryForOneHundredRounds]' passed (0.023 seconds).
Test Case '-[HyperTests.ClipboardPrivacyLifecycleTests testUnknownPollingSourceIsStoredWithoutFalseAttributionWhenNoRulesExist]' started.
Test Case '-[HyperTests.ClipboardPrivacyLifecycleTests testUnknownPollingSourceIsStoredWithoutFalseAttributionWhenNoRulesExist]' passed (0.009 seconds).
Test Case '-[HyperTests.ClipboardPrivacyLifecycleTests testUnknownPollingSourceUsesMostRestrictiveConfiguredRule]' started.
Test Case '-[HyperTests.ClipboardPrivacyLifecycleTests testUnknownPollingSourceUsesMostRestrictiveConfiguredRule]' passed (0.003 seconds).
Test Suite 'ClipboardPrivacyLifecycleTests' passed at 2026-08-27 20:12:15.432.
	 Executed 13 tests, with 0 failures (0 unexpected) in 0.138 (0.139) seconds
Test Suite 'HyperPackageTests.xctest' passed at 2026-08-27 20:12:15.432.
	 Executed 13 tests, with 0 failures (0 unexpected) in 0.138 (0.139) seconds
Test Suite 'Selected tests' passed at 2026-08-27 20:12:15.432.
	 Executed 13 tests, with 0 failures (0 unexpected) in 0.138 (0.140) seconds
◇ Test run started.
↳ Testing Library Version: 1501
↳ Target Platform: arm64e-apple-macos14.0
✔ Test run with 0 tests in 0 suites passed after 0.001 seconds.

=== privacy iteration 43 ===
Test Suite 'Selected tests' started at 2026-08-27 20:12:15.898.
Test Suite 'HyperPackageTests.xctest' started at 2026-08-27 20:12:15.899.
Test Suite 'ClipboardPrivacyLifecycleTests' started at 2026-08-27 20:12:15.899.
Test Case '-[HyperTests.ClipboardPrivacyLifecycleTests testCopySourceSnapshotSurvivesSwitchingApplicationsBeforeCapture]' started.
Test Case '-[HyperTests.ClipboardPrivacyLifecycleTests testCopySourceSnapshotSurvivesSwitchingApplicationsBeforeCapture]' passed (0.013 seconds).
Test Case '-[HyperTests.ClipboardPrivacyLifecycleTests testGlobalPauseWritesNothingAndResumeDoesNotBackfillPausedContent]' started.
Test Case '-[HyperTests.ClipboardPrivacyLifecycleTests testGlobalPauseWritesNothingAndResumeDoesNotBackfillPausedContent]' passed (0.009 seconds).
Test Case '-[HyperTests.ClipboardPrivacyLifecycleTests testIgnoredCopySourceCannotLeakAcrossOneHundredImmediateAppSwitches]' started.
Test Case '-[HyperTests.ClipboardPrivacyLifecycleTests testIgnoredCopySourceCannotLeakAcrossOneHundredImmediateAppSwitches]' passed (0.010 seconds).
Test Case '-[HyperTests.ClipboardPrivacyLifecycleTests testIgnoreTextOnlyAndNoImagesRulesAreEnforcedAtCapture]' started.
Test Case '-[HyperTests.ClipboardPrivacyLifecycleTests testIgnoreTextOnlyAndNoImagesRulesAreEnforcedAtCapture]' passed (0.015 seconds).
Test Case '-[HyperTests.ClipboardPrivacyLifecycleTests testPendingSourceIsNotBorrowedByANewUnkeyedChange]' started.
Test Case '-[HyperTests.ClipboardPrivacyLifecycleTests testPendingSourceIsNotBorrowedByANewUnkeyedChange]' passed (0.002 seconds).
Test Case '-[HyperTests.ClipboardPrivacyLifecycleTests testPendingSourceRequiresExactNextChangeCountAndShortWindow]' started.
Test Case '-[HyperTests.ClipboardPrivacyLifecycleTests testPendingSourceRequiresExactNextChangeCountAndShortWindow]' passed (0.002 seconds).
Test Case '-[HyperTests.ClipboardPrivacyLifecycleTests testShutdownQueueAndStoreShareOneHardTimeoutBudget]' started.
Test Case '-[HyperTests.ClipboardPrivacyLifecycleTests testShutdownQueueAndStoreShareOneHardTimeoutBudget]' passed (0.037 seconds).
Test Case '-[HyperTests.ClipboardPrivacyLifecycleTests testShutdownReportsIncompleteDrainWithoutRetryingForever]' started.
Test Case '-[HyperTests.ClipboardPrivacyLifecycleTests testShutdownReportsIncompleteDrainWithoutRetryingForever]' passed (0.003 seconds).
Test Case '-[HyperTests.ClipboardPrivacyLifecycleTests testShutdownReportsSuccessfulBoundedStoreDrain]' started.
Test Case '-[HyperTests.ClipboardPrivacyLifecycleTests testShutdownReportsSuccessfulBoundedStoreDrain]' passed (0.002 seconds).
Test Case '-[HyperTests.ClipboardPrivacyLifecycleTests testShutdownUsesRealStoreDrainAndReturnsOnlyAfterIndexIsDurable]' started.
Test Case '-[HyperTests.ClipboardPrivacyLifecycleTests testShutdownUsesRealStoreDrainAndReturnsOnlyAfterIndexIsDurable]' passed (0.009 seconds).
Test Case '-[HyperTests.ClipboardPrivacyLifecycleTests testStaleAllowedAndIgnoredSourcesNeverCrossApplicationBoundaryForOneHundredRounds]' started.
Test Case '-[HyperTests.ClipboardPrivacyLifecycleTests testStaleAllowedAndIgnoredSourcesNeverCrossApplicationBoundaryForOneHundredRounds]' passed (0.019 seconds).
Test Case '-[HyperTests.ClipboardPrivacyLifecycleTests testUnknownPollingSourceIsStoredWithoutFalseAttributionWhenNoRulesExist]' started.
Test Case '-[HyperTests.ClipboardPrivacyLifecycleTests testUnknownPollingSourceIsStoredWithoutFalseAttributionWhenNoRulesExist]' passed (0.009 seconds).
Test Case '-[HyperTests.ClipboardPrivacyLifecycleTests testUnknownPollingSourceUsesMostRestrictiveConfiguredRule]' started.
Test Case '-[HyperTests.ClipboardPrivacyLifecycleTests testUnknownPollingSourceUsesMostRestrictiveConfiguredRule]' passed (0.003 seconds).
Test Suite 'ClipboardPrivacyLifecycleTests' passed at 2026-08-27 20:12:16.033.
	 Executed 13 tests, with 0 failures (0 unexpected) in 0.134 (0.135) seconds
Test Suite 'HyperPackageTests.xctest' passed at 2026-08-27 20:12:16.033.
	 Executed 13 tests, with 0 failures (0 unexpected) in 0.134 (0.135) seconds
Test Suite 'Selected tests' passed at 2026-08-27 20:12:16.033.
	 Executed 13 tests, with 0 failures (0 unexpected) in 0.134 (0.136) seconds
◇ Test run started.
↳ Testing Library Version: 1501
↳ Target Platform: arm64e-apple-macos14.0
✔ Test run with 0 tests in 0 suites passed after 0.001 seconds.

=== privacy iteration 44 ===
Test Suite 'Selected tests' started at 2026-08-27 20:12:16.515.
Test Suite 'HyperPackageTests.xctest' started at 2026-08-27 20:12:16.516.
Test Suite 'ClipboardPrivacyLifecycleTests' started at 2026-08-27 20:12:16.516.
Test Case '-[HyperTests.ClipboardPrivacyLifecycleTests testCopySourceSnapshotSurvivesSwitchingApplicationsBeforeCapture]' started.
Test Case '-[HyperTests.ClipboardPrivacyLifecycleTests testCopySourceSnapshotSurvivesSwitchingApplicationsBeforeCapture]' passed (0.013 seconds).
Test Case '-[HyperTests.ClipboardPrivacyLifecycleTests testGlobalPauseWritesNothingAndResumeDoesNotBackfillPausedContent]' started.
Test Case '-[HyperTests.ClipboardPrivacyLifecycleTests testGlobalPauseWritesNothingAndResumeDoesNotBackfillPausedContent]' passed (0.009 seconds).
Test Case '-[HyperTests.ClipboardPrivacyLifecycleTests testIgnoredCopySourceCannotLeakAcrossOneHundredImmediateAppSwitches]' started.
Test Case '-[HyperTests.ClipboardPrivacyLifecycleTests testIgnoredCopySourceCannotLeakAcrossOneHundredImmediateAppSwitches]' passed (0.010 seconds).
Test Case '-[HyperTests.ClipboardPrivacyLifecycleTests testIgnoreTextOnlyAndNoImagesRulesAreEnforcedAtCapture]' started.
Test Case '-[HyperTests.ClipboardPrivacyLifecycleTests testIgnoreTextOnlyAndNoImagesRulesAreEnforcedAtCapture]' passed (0.017 seconds).
Test Case '-[HyperTests.ClipboardPrivacyLifecycleTests testPendingSourceIsNotBorrowedByANewUnkeyedChange]' started.
Test Case '-[HyperTests.ClipboardPrivacyLifecycleTests testPendingSourceIsNotBorrowedByANewUnkeyedChange]' passed (0.002 seconds).
Test Case '-[HyperTests.ClipboardPrivacyLifecycleTests testPendingSourceRequiresExactNextChangeCountAndShortWindow]' started.
Test Case '-[HyperTests.ClipboardPrivacyLifecycleTests testPendingSourceRequiresExactNextChangeCountAndShortWindow]' passed (0.002 seconds).
Test Case '-[HyperTests.ClipboardPrivacyLifecycleTests testShutdownQueueAndStoreShareOneHardTimeoutBudget]' started.
Test Case '-[HyperTests.ClipboardPrivacyLifecycleTests testShutdownQueueAndStoreShareOneHardTimeoutBudget]' passed (0.038 seconds).
Test Case '-[HyperTests.ClipboardPrivacyLifecycleTests testShutdownReportsIncompleteDrainWithoutRetryingForever]' started.
Test Case '-[HyperTests.ClipboardPrivacyLifecycleTests testShutdownReportsIncompleteDrainWithoutRetryingForever]' passed (0.002 seconds).
Test Case '-[HyperTests.ClipboardPrivacyLifecycleTests testShutdownReportsSuccessfulBoundedStoreDrain]' started.
Test Case '-[HyperTests.ClipboardPrivacyLifecycleTests testShutdownReportsSuccessfulBoundedStoreDrain]' passed (0.002 seconds).
Test Case '-[HyperTests.ClipboardPrivacyLifecycleTests testShutdownUsesRealStoreDrainAndReturnsOnlyAfterIndexIsDurable]' started.
Test Case '-[HyperTests.ClipboardPrivacyLifecycleTests testShutdownUsesRealStoreDrainAndReturnsOnlyAfterIndexIsDurable]' passed (0.010 seconds).
Test Case '-[HyperTests.ClipboardPrivacyLifecycleTests testStaleAllowedAndIgnoredSourcesNeverCrossApplicationBoundaryForOneHundredRounds]' started.
Test Case '-[HyperTests.ClipboardPrivacyLifecycleTests testStaleAllowedAndIgnoredSourcesNeverCrossApplicationBoundaryForOneHundredRounds]' passed (0.020 seconds).
Test Case '-[HyperTests.ClipboardPrivacyLifecycleTests testUnknownPollingSourceIsStoredWithoutFalseAttributionWhenNoRulesExist]' started.
Test Case '-[HyperTests.ClipboardPrivacyLifecycleTests testUnknownPollingSourceIsStoredWithoutFalseAttributionWhenNoRulesExist]' passed (0.008 seconds).
Test Case '-[HyperTests.ClipboardPrivacyLifecycleTests testUnknownPollingSourceUsesMostRestrictiveConfiguredRule]' started.
Test Case '-[HyperTests.ClipboardPrivacyLifecycleTests testUnknownPollingSourceUsesMostRestrictiveConfiguredRule]' passed (0.003 seconds).
Test Suite 'ClipboardPrivacyLifecycleTests' passed at 2026-08-27 20:12:16.656.
	 Executed 13 tests, with 0 failures (0 unexpected) in 0.139 (0.140) seconds
Test Suite 'HyperPackageTests.xctest' passed at 2026-08-27 20:12:16.656.
	 Executed 13 tests, with 0 failures (0 unexpected) in 0.139 (0.140) seconds
Test Suite 'Selected tests' passed at 2026-08-27 20:12:16.656.
	 Executed 13 tests, with 0 failures (0 unexpected) in 0.139 (0.141) seconds
◇ Test run started.
↳ Testing Library Version: 1501
↳ Target Platform: arm64e-apple-macos14.0
✔ Test run with 0 tests in 0 suites passed after 0.001 seconds.

=== privacy iteration 45 ===
Test Suite 'Selected tests' started at 2026-08-27 20:12:17.130.
Test Suite 'HyperPackageTests.xctest' started at 2026-08-27 20:12:17.131.
Test Suite 'ClipboardPrivacyLifecycleTests' started at 2026-08-27 20:12:17.131.
Test Case '-[HyperTests.ClipboardPrivacyLifecycleTests testCopySourceSnapshotSurvivesSwitchingApplicationsBeforeCapture]' started.
Test Case '-[HyperTests.ClipboardPrivacyLifecycleTests testCopySourceSnapshotSurvivesSwitchingApplicationsBeforeCapture]' passed (0.014 seconds).
Test Case '-[HyperTests.ClipboardPrivacyLifecycleTests testGlobalPauseWritesNothingAndResumeDoesNotBackfillPausedContent]' started.
Test Case '-[HyperTests.ClipboardPrivacyLifecycleTests testGlobalPauseWritesNothingAndResumeDoesNotBackfillPausedContent]' passed (0.010 seconds).
Test Case '-[HyperTests.ClipboardPrivacyLifecycleTests testIgnoredCopySourceCannotLeakAcrossOneHundredImmediateAppSwitches]' started.
Test Case '-[HyperTests.ClipboardPrivacyLifecycleTests testIgnoredCopySourceCannotLeakAcrossOneHundredImmediateAppSwitches]' passed (0.011 seconds).
Test Case '-[HyperTests.ClipboardPrivacyLifecycleTests testIgnoreTextOnlyAndNoImagesRulesAreEnforcedAtCapture]' started.
Test Case '-[HyperTests.ClipboardPrivacyLifecycleTests testIgnoreTextOnlyAndNoImagesRulesAreEnforcedAtCapture]' passed (0.015 seconds).
Test Case '-[HyperTests.ClipboardPrivacyLifecycleTests testPendingSourceIsNotBorrowedByANewUnkeyedChange]' started.
Test Case '-[HyperTests.ClipboardPrivacyLifecycleTests testPendingSourceIsNotBorrowedByANewUnkeyedChange]' passed (0.002 seconds).
Test Case '-[HyperTests.ClipboardPrivacyLifecycleTests testPendingSourceRequiresExactNextChangeCountAndShortWindow]' started.
Test Case '-[HyperTests.ClipboardPrivacyLifecycleTests testPendingSourceRequiresExactNextChangeCountAndShortWindow]' passed (0.002 seconds).
Test Case '-[HyperTests.ClipboardPrivacyLifecycleTests testShutdownQueueAndStoreShareOneHardTimeoutBudget]' started.
Test Case '-[HyperTests.ClipboardPrivacyLifecycleTests testShutdownQueueAndStoreShareOneHardTimeoutBudget]' passed (0.038 seconds).
Test Case '-[HyperTests.ClipboardPrivacyLifecycleTests testShutdownReportsIncompleteDrainWithoutRetryingForever]' started.
Test Case '-[HyperTests.ClipboardPrivacyLifecycleTests testShutdownReportsIncompleteDrainWithoutRetryingForever]' passed (0.003 seconds).
Test Case '-[HyperTests.ClipboardPrivacyLifecycleTests testShutdownReportsSuccessfulBoundedStoreDrain]' started.
Test Case '-[HyperTests.ClipboardPrivacyLifecycleTests testShutdownReportsSuccessfulBoundedStoreDrain]' passed (0.003 seconds).
Test Case '-[HyperTests.ClipboardPrivacyLifecycleTests testShutdownUsesRealStoreDrainAndReturnsOnlyAfterIndexIsDurable]' started.
Test Case '-[HyperTests.ClipboardPrivacyLifecycleTests testShutdownUsesRealStoreDrainAndReturnsOnlyAfterIndexIsDurable]' passed (0.010 seconds).
Test Case '-[HyperTests.ClipboardPrivacyLifecycleTests testStaleAllowedAndIgnoredSourcesNeverCrossApplicationBoundaryForOneHundredRounds]' started.
Test Case '-[HyperTests.ClipboardPrivacyLifecycleTests testStaleAllowedAndIgnoredSourcesNeverCrossApplicationBoundaryForOneHundredRounds]' passed (0.020 seconds).
Test Case '-[HyperTests.ClipboardPrivacyLifecycleTests testUnknownPollingSourceIsStoredWithoutFalseAttributionWhenNoRulesExist]' started.
Test Case '-[HyperTests.ClipboardPrivacyLifecycleTests testUnknownPollingSourceIsStoredWithoutFalseAttributionWhenNoRulesExist]' passed (0.010 seconds).
Test Case '-[HyperTests.ClipboardPrivacyLifecycleTests testUnknownPollingSourceUsesMostRestrictiveConfiguredRule]' started.
Test Case '-[HyperTests.ClipboardPrivacyLifecycleTests testUnknownPollingSourceUsesMostRestrictiveConfiguredRule]' passed (0.003 seconds).
Test Suite 'ClipboardPrivacyLifecycleTests' passed at 2026-08-27 20:12:17.274.
	 Executed 13 tests, with 0 failures (0 unexpected) in 0.142 (0.143) seconds
Test Suite 'HyperPackageTests.xctest' passed at 2026-08-27 20:12:17.274.
	 Executed 13 tests, with 0 failures (0 unexpected) in 0.142 (0.143) seconds
Test Suite 'Selected tests' passed at 2026-08-27 20:12:17.274.
	 Executed 13 tests, with 0 failures (0 unexpected) in 0.142 (0.144) seconds
◇ Test run started.
↳ Testing Library Version: 1501
↳ Target Platform: arm64e-apple-macos14.0
✔ Test run with 0 tests in 0 suites passed after 0.001 seconds.

=== privacy iteration 46 ===
Test Suite 'Selected tests' started at 2026-08-27 20:12:17.776.
Test Suite 'HyperPackageTests.xctest' started at 2026-08-27 20:12:17.777.
Test Suite 'ClipboardPrivacyLifecycleTests' started at 2026-08-27 20:12:17.777.
Test Case '-[HyperTests.ClipboardPrivacyLifecycleTests testCopySourceSnapshotSurvivesSwitchingApplicationsBeforeCapture]' started.
Test Case '-[HyperTests.ClipboardPrivacyLifecycleTests testCopySourceSnapshotSurvivesSwitchingApplicationsBeforeCapture]' passed (0.014 seconds).
Test Case '-[HyperTests.ClipboardPrivacyLifecycleTests testGlobalPauseWritesNothingAndResumeDoesNotBackfillPausedContent]' started.
Test Case '-[HyperTests.ClipboardPrivacyLifecycleTests testGlobalPauseWritesNothingAndResumeDoesNotBackfillPausedContent]' passed (0.009 seconds).
Test Case '-[HyperTests.ClipboardPrivacyLifecycleTests testIgnoredCopySourceCannotLeakAcrossOneHundredImmediateAppSwitches]' started.
Test Case '-[HyperTests.ClipboardPrivacyLifecycleTests testIgnoredCopySourceCannotLeakAcrossOneHundredImmediateAppSwitches]' passed (0.012 seconds).
Test Case '-[HyperTests.ClipboardPrivacyLifecycleTests testIgnoreTextOnlyAndNoImagesRulesAreEnforcedAtCapture]' started.
Test Case '-[HyperTests.ClipboardPrivacyLifecycleTests testIgnoreTextOnlyAndNoImagesRulesAreEnforcedAtCapture]' passed (0.015 seconds).
Test Case '-[HyperTests.ClipboardPrivacyLifecycleTests testPendingSourceIsNotBorrowedByANewUnkeyedChange]' started.
Test Case '-[HyperTests.ClipboardPrivacyLifecycleTests testPendingSourceIsNotBorrowedByANewUnkeyedChange]' passed (0.002 seconds).
Test Case '-[HyperTests.ClipboardPrivacyLifecycleTests testPendingSourceRequiresExactNextChangeCountAndShortWindow]' started.
Test Case '-[HyperTests.ClipboardPrivacyLifecycleTests testPendingSourceRequiresExactNextChangeCountAndShortWindow]' passed (0.002 seconds).
Test Case '-[HyperTests.ClipboardPrivacyLifecycleTests testShutdownQueueAndStoreShareOneHardTimeoutBudget]' started.
Test Case '-[HyperTests.ClipboardPrivacyLifecycleTests testShutdownQueueAndStoreShareOneHardTimeoutBudget]' passed (0.037 seconds).
Test Case '-[HyperTests.ClipboardPrivacyLifecycleTests testShutdownReportsIncompleteDrainWithoutRetryingForever]' started.
Test Case '-[HyperTests.ClipboardPrivacyLifecycleTests testShutdownReportsIncompleteDrainWithoutRetryingForever]' passed (0.002 seconds).
Test Case '-[HyperTests.ClipboardPrivacyLifecycleTests testShutdownReportsSuccessfulBoundedStoreDrain]' started.
Test Case '-[HyperTests.ClipboardPrivacyLifecycleTests testShutdownReportsSuccessfulBoundedStoreDrain]' passed (0.002 seconds).
Test Case '-[HyperTests.ClipboardPrivacyLifecycleTests testShutdownUsesRealStoreDrainAndReturnsOnlyAfterIndexIsDurable]' started.
Test Case '-[HyperTests.ClipboardPrivacyLifecycleTests testShutdownUsesRealStoreDrainAndReturnsOnlyAfterIndexIsDurable]' passed (0.009 seconds).
Test Case '-[HyperTests.ClipboardPrivacyLifecycleTests testStaleAllowedAndIgnoredSourcesNeverCrossApplicationBoundaryForOneHundredRounds]' started.
Test Case '-[HyperTests.ClipboardPrivacyLifecycleTests testStaleAllowedAndIgnoredSourcesNeverCrossApplicationBoundaryForOneHundredRounds]' passed (0.020 seconds).
Test Case '-[HyperTests.ClipboardPrivacyLifecycleTests testUnknownPollingSourceIsStoredWithoutFalseAttributionWhenNoRulesExist]' started.
Test Case '-[HyperTests.ClipboardPrivacyLifecycleTests testUnknownPollingSourceIsStoredWithoutFalseAttributionWhenNoRulesExist]' passed (0.010 seconds).
Test Case '-[HyperTests.ClipboardPrivacyLifecycleTests testUnknownPollingSourceUsesMostRestrictiveConfiguredRule]' started.
Test Case '-[HyperTests.ClipboardPrivacyLifecycleTests testUnknownPollingSourceUsesMostRestrictiveConfiguredRule]' passed (0.003 seconds).
Test Suite 'ClipboardPrivacyLifecycleTests' passed at 2026-08-27 20:12:17.915.
	 Executed 13 tests, with 0 failures (0 unexpected) in 0.137 (0.138) seconds
Test Suite 'HyperPackageTests.xctest' passed at 2026-08-27 20:12:17.915.
	 Executed 13 tests, with 0 failures (0 unexpected) in 0.137 (0.139) seconds
Test Suite 'Selected tests' passed at 2026-08-27 20:12:17.915.
	 Executed 13 tests, with 0 failures (0 unexpected) in 0.137 (0.140) seconds
◇ Test run started.
↳ Testing Library Version: 1501
↳ Target Platform: arm64e-apple-macos14.0
✔ Test run with 0 tests in 0 suites passed after 0.001 seconds.

=== privacy iteration 47 ===
Test Suite 'Selected tests' started at 2026-08-27 20:12:18.396.
Test Suite 'HyperPackageTests.xctest' started at 2026-08-27 20:12:18.397.
Test Suite 'ClipboardPrivacyLifecycleTests' started at 2026-08-27 20:12:18.397.
Test Case '-[HyperTests.ClipboardPrivacyLifecycleTests testCopySourceSnapshotSurvivesSwitchingApplicationsBeforeCapture]' started.
Test Case '-[HyperTests.ClipboardPrivacyLifecycleTests testCopySourceSnapshotSurvivesSwitchingApplicationsBeforeCapture]' passed (0.014 seconds).
Test Case '-[HyperTests.ClipboardPrivacyLifecycleTests testGlobalPauseWritesNothingAndResumeDoesNotBackfillPausedContent]' started.
Test Case '-[HyperTests.ClipboardPrivacyLifecycleTests testGlobalPauseWritesNothingAndResumeDoesNotBackfillPausedContent]' passed (0.009 seconds).
Test Case '-[HyperTests.ClipboardPrivacyLifecycleTests testIgnoredCopySourceCannotLeakAcrossOneHundredImmediateAppSwitches]' started.
Test Case '-[HyperTests.ClipboardPrivacyLifecycleTests testIgnoredCopySourceCannotLeakAcrossOneHundredImmediateAppSwitches]' passed (0.012 seconds).
Test Case '-[HyperTests.ClipboardPrivacyLifecycleTests testIgnoreTextOnlyAndNoImagesRulesAreEnforcedAtCapture]' started.
Test Case '-[HyperTests.ClipboardPrivacyLifecycleTests testIgnoreTextOnlyAndNoImagesRulesAreEnforcedAtCapture]' passed (0.017 seconds).
Test Case '-[HyperTests.ClipboardPrivacyLifecycleTests testPendingSourceIsNotBorrowedByANewUnkeyedChange]' started.
Test Case '-[HyperTests.ClipboardPrivacyLifecycleTests testPendingSourceIsNotBorrowedByANewUnkeyedChange]' passed (0.002 seconds).
Test Case '-[HyperTests.ClipboardPrivacyLifecycleTests testPendingSourceRequiresExactNextChangeCountAndShortWindow]' started.
Test Case '-[HyperTests.ClipboardPrivacyLifecycleTests testPendingSourceRequiresExactNextChangeCountAndShortWindow]' passed (0.002 seconds).
Test Case '-[HyperTests.ClipboardPrivacyLifecycleTests testShutdownQueueAndStoreShareOneHardTimeoutBudget]' started.
Test Case '-[HyperTests.ClipboardPrivacyLifecycleTests testShutdownQueueAndStoreShareOneHardTimeoutBudget]' passed (0.035 seconds).
Test Case '-[HyperTests.ClipboardPrivacyLifecycleTests testShutdownReportsIncompleteDrainWithoutRetryingForever]' started.
Test Case '-[HyperTests.ClipboardPrivacyLifecycleTests testShutdownReportsIncompleteDrainWithoutRetryingForever]' passed (0.003 seconds).
Test Case '-[HyperTests.ClipboardPrivacyLifecycleTests testShutdownReportsSuccessfulBoundedStoreDrain]' started.
Test Case '-[HyperTests.ClipboardPrivacyLifecycleTests testShutdownReportsSuccessfulBoundedStoreDrain]' passed (0.002 seconds).
Test Case '-[HyperTests.ClipboardPrivacyLifecycleTests testShutdownUsesRealStoreDrainAndReturnsOnlyAfterIndexIsDurable]' started.
Test Case '-[HyperTests.ClipboardPrivacyLifecycleTests testShutdownUsesRealStoreDrainAndReturnsOnlyAfterIndexIsDurable]' passed (0.010 seconds).
Test Case '-[HyperTests.ClipboardPrivacyLifecycleTests testStaleAllowedAndIgnoredSourcesNeverCrossApplicationBoundaryForOneHundredRounds]' started.
Test Case '-[HyperTests.ClipboardPrivacyLifecycleTests testStaleAllowedAndIgnoredSourcesNeverCrossApplicationBoundaryForOneHundredRounds]' passed (0.018 seconds).
Test Case '-[HyperTests.ClipboardPrivacyLifecycleTests testUnknownPollingSourceIsStoredWithoutFalseAttributionWhenNoRulesExist]' started.
Test Case '-[HyperTests.ClipboardPrivacyLifecycleTests testUnknownPollingSourceIsStoredWithoutFalseAttributionWhenNoRulesExist]' passed (0.010 seconds).
Test Case '-[HyperTests.ClipboardPrivacyLifecycleTests testUnknownPollingSourceUsesMostRestrictiveConfiguredRule]' started.
Test Case '-[HyperTests.ClipboardPrivacyLifecycleTests testUnknownPollingSourceUsesMostRestrictiveConfiguredRule]' passed (0.003 seconds).
Test Suite 'ClipboardPrivacyLifecycleTests' passed at 2026-08-27 20:12:18.535.
	 Executed 13 tests, with 0 failures (0 unexpected) in 0.137 (0.138) seconds
Test Suite 'HyperPackageTests.xctest' passed at 2026-08-27 20:12:18.535.
	 Executed 13 tests, with 0 failures (0 unexpected) in 0.137 (0.138) seconds
Test Suite 'Selected tests' passed at 2026-08-27 20:12:18.535.
	 Executed 13 tests, with 0 failures (0 unexpected) in 0.137 (0.139) seconds
◇ Test run started.
↳ Testing Library Version: 1501
↳ Target Platform: arm64e-apple-macos14.0
✔ Test run with 0 tests in 0 suites passed after 0.001 seconds.

=== privacy iteration 48 ===
Test Suite 'Selected tests' started at 2026-08-27 20:12:19.025.
Test Suite 'HyperPackageTests.xctest' started at 2026-08-27 20:12:19.026.
Test Suite 'ClipboardPrivacyLifecycleTests' started at 2026-08-27 20:12:19.026.
Test Case '-[HyperTests.ClipboardPrivacyLifecycleTests testCopySourceSnapshotSurvivesSwitchingApplicationsBeforeCapture]' started.
Test Case '-[HyperTests.ClipboardPrivacyLifecycleTests testCopySourceSnapshotSurvivesSwitchingApplicationsBeforeCapture]' passed (0.014 seconds).
Test Case '-[HyperTests.ClipboardPrivacyLifecycleTests testGlobalPauseWritesNothingAndResumeDoesNotBackfillPausedContent]' started.
Test Case '-[HyperTests.ClipboardPrivacyLifecycleTests testGlobalPauseWritesNothingAndResumeDoesNotBackfillPausedContent]' passed (0.010 seconds).
Test Case '-[HyperTests.ClipboardPrivacyLifecycleTests testIgnoredCopySourceCannotLeakAcrossOneHundredImmediateAppSwitches]' started.
Test Case '-[HyperTests.ClipboardPrivacyLifecycleTests testIgnoredCopySourceCannotLeakAcrossOneHundredImmediateAppSwitches]' passed (0.012 seconds).
Test Case '-[HyperTests.ClipboardPrivacyLifecycleTests testIgnoreTextOnlyAndNoImagesRulesAreEnforcedAtCapture]' started.
Test Case '-[HyperTests.ClipboardPrivacyLifecycleTests testIgnoreTextOnlyAndNoImagesRulesAreEnforcedAtCapture]' passed (0.017 seconds).
Test Case '-[HyperTests.ClipboardPrivacyLifecycleTests testPendingSourceIsNotBorrowedByANewUnkeyedChange]' started.
Test Case '-[HyperTests.ClipboardPrivacyLifecycleTests testPendingSourceIsNotBorrowedByANewUnkeyedChange]' passed (0.002 seconds).
Test Case '-[HyperTests.ClipboardPrivacyLifecycleTests testPendingSourceRequiresExactNextChangeCountAndShortWindow]' started.
Test Case '-[HyperTests.ClipboardPrivacyLifecycleTests testPendingSourceRequiresExactNextChangeCountAndShortWindow]' passed (0.003 seconds).
Test Case '-[HyperTests.ClipboardPrivacyLifecycleTests testShutdownQueueAndStoreShareOneHardTimeoutBudget]' started.
Test Case '-[HyperTests.ClipboardPrivacyLifecycleTests testShutdownQueueAndStoreShareOneHardTimeoutBudget]' passed (0.038 seconds).
Test Case '-[HyperTests.ClipboardPrivacyLifecycleTests testShutdownReportsIncompleteDrainWithoutRetryingForever]' started.
Test Case '-[HyperTests.ClipboardPrivacyLifecycleTests testShutdownReportsIncompleteDrainWithoutRetryingForever]' passed (0.003 seconds).
Test Case '-[HyperTests.ClipboardPrivacyLifecycleTests testShutdownReportsSuccessfulBoundedStoreDrain]' started.
Test Case '-[HyperTests.ClipboardPrivacyLifecycleTests testShutdownReportsSuccessfulBoundedStoreDrain]' passed (0.002 seconds).
Test Case '-[HyperTests.ClipboardPrivacyLifecycleTests testShutdownUsesRealStoreDrainAndReturnsOnlyAfterIndexIsDurable]' started.
Test Case '-[HyperTests.ClipboardPrivacyLifecycleTests testShutdownUsesRealStoreDrainAndReturnsOnlyAfterIndexIsDurable]' passed (0.010 seconds).
Test Case '-[HyperTests.ClipboardPrivacyLifecycleTests testStaleAllowedAndIgnoredSourcesNeverCrossApplicationBoundaryForOneHundredRounds]' started.
Test Case '-[HyperTests.ClipboardPrivacyLifecycleTests testStaleAllowedAndIgnoredSourcesNeverCrossApplicationBoundaryForOneHundredRounds]' passed (0.017 seconds).
Test Case '-[HyperTests.ClipboardPrivacyLifecycleTests testUnknownPollingSourceIsStoredWithoutFalseAttributionWhenNoRulesExist]' started.
Test Case '-[HyperTests.ClipboardPrivacyLifecycleTests testUnknownPollingSourceIsStoredWithoutFalseAttributionWhenNoRulesExist]' passed (0.009 seconds).
Test Case '-[HyperTests.ClipboardPrivacyLifecycleTests testUnknownPollingSourceUsesMostRestrictiveConfiguredRule]' started.
Test Case '-[HyperTests.ClipboardPrivacyLifecycleTests testUnknownPollingSourceUsesMostRestrictiveConfiguredRule]' passed (0.003 seconds).
Test Suite 'ClipboardPrivacyLifecycleTests' passed at 2026-08-27 20:12:19.167.
	 Executed 13 tests, with 0 failures (0 unexpected) in 0.139 (0.140) seconds
Test Suite 'HyperPackageTests.xctest' passed at 2026-08-27 20:12:19.167.
	 Executed 13 tests, with 0 failures (0 unexpected) in 0.139 (0.140) seconds
Test Suite 'Selected tests' passed at 2026-08-27 20:12:19.167.
	 Executed 13 tests, with 0 failures (0 unexpected) in 0.139 (0.142) seconds
◇ Test run started.
↳ Testing Library Version: 1501
↳ Target Platform: arm64e-apple-macos14.0
✔ Test run with 0 tests in 0 suites passed after 0.001 seconds.

=== privacy iteration 49 ===
Test Suite 'Selected tests' started at 2026-08-27 20:12:19.662.
Test Suite 'HyperPackageTests.xctest' started at 2026-08-27 20:12:19.663.
Test Suite 'ClipboardPrivacyLifecycleTests' started at 2026-08-27 20:12:19.663.
Test Case '-[HyperTests.ClipboardPrivacyLifecycleTests testCopySourceSnapshotSurvivesSwitchingApplicationsBeforeCapture]' started.
Test Case '-[HyperTests.ClipboardPrivacyLifecycleTests testCopySourceSnapshotSurvivesSwitchingApplicationsBeforeCapture]' passed (0.015 seconds).
Test Case '-[HyperTests.ClipboardPrivacyLifecycleTests testGlobalPauseWritesNothingAndResumeDoesNotBackfillPausedContent]' started.
Test Case '-[HyperTests.ClipboardPrivacyLifecycleTests testGlobalPauseWritesNothingAndResumeDoesNotBackfillPausedContent]' passed (0.010 seconds).
Test Case '-[HyperTests.ClipboardPrivacyLifecycleTests testIgnoredCopySourceCannotLeakAcrossOneHundredImmediateAppSwitches]' started.
Test Case '-[HyperTests.ClipboardPrivacyLifecycleTests testIgnoredCopySourceCannotLeakAcrossOneHundredImmediateAppSwitches]' passed (0.018 seconds).
Test Case '-[HyperTests.ClipboardPrivacyLifecycleTests testIgnoreTextOnlyAndNoImagesRulesAreEnforcedAtCapture]' started.
Test Case '-[HyperTests.ClipboardPrivacyLifecycleTests testIgnoreTextOnlyAndNoImagesRulesAreEnforcedAtCapture]' passed (0.017 seconds).
Test Case '-[HyperTests.ClipboardPrivacyLifecycleTests testPendingSourceIsNotBorrowedByANewUnkeyedChange]' started.
Test Case '-[HyperTests.ClipboardPrivacyLifecycleTests testPendingSourceIsNotBorrowedByANewUnkeyedChange]' passed (0.002 seconds).
Test Case '-[HyperTests.ClipboardPrivacyLifecycleTests testPendingSourceRequiresExactNextChangeCountAndShortWindow]' started.
Test Case '-[HyperTests.ClipboardPrivacyLifecycleTests testPendingSourceRequiresExactNextChangeCountAndShortWindow]' passed (0.003 seconds).
Test Case '-[HyperTests.ClipboardPrivacyLifecycleTests testShutdownQueueAndStoreShareOneHardTimeoutBudget]' started.
Test Case '-[HyperTests.ClipboardPrivacyLifecycleTests testShutdownQueueAndStoreShareOneHardTimeoutBudget]' passed (0.038 seconds).
Test Case '-[HyperTests.ClipboardPrivacyLifecycleTests testShutdownReportsIncompleteDrainWithoutRetryingForever]' started.
Test Case '-[HyperTests.ClipboardPrivacyLifecycleTests testShutdownReportsIncompleteDrainWithoutRetryingForever]' passed (0.003 seconds).
Test Case '-[HyperTests.ClipboardPrivacyLifecycleTests testShutdownReportsSuccessfulBoundedStoreDrain]' started.
Test Case '-[HyperTests.ClipboardPrivacyLifecycleTests testShutdownReportsSuccessfulBoundedStoreDrain]' passed (0.003 seconds).
Test Case '-[HyperTests.ClipboardPrivacyLifecycleTests testShutdownUsesRealStoreDrainAndReturnsOnlyAfterIndexIsDurable]' started.
Test Case '-[HyperTests.ClipboardPrivacyLifecycleTests testShutdownUsesRealStoreDrainAndReturnsOnlyAfterIndexIsDurable]' passed (0.011 seconds).
Test Case '-[HyperTests.ClipboardPrivacyLifecycleTests testStaleAllowedAndIgnoredSourcesNeverCrossApplicationBoundaryForOneHundredRounds]' started.
Test Case '-[HyperTests.ClipboardPrivacyLifecycleTests testStaleAllowedAndIgnoredSourcesNeverCrossApplicationBoundaryForOneHundredRounds]' passed (0.026 seconds).
Test Case '-[HyperTests.ClipboardPrivacyLifecycleTests testUnknownPollingSourceIsStoredWithoutFalseAttributionWhenNoRulesExist]' started.
Test Case '-[HyperTests.ClipboardPrivacyLifecycleTests testUnknownPollingSourceIsStoredWithoutFalseAttributionWhenNoRulesExist]' passed (0.009 seconds).
Test Case '-[HyperTests.ClipboardPrivacyLifecycleTests testUnknownPollingSourceUsesMostRestrictiveConfiguredRule]' started.
Test Case '-[HyperTests.ClipboardPrivacyLifecycleTests testUnknownPollingSourceUsesMostRestrictiveConfiguredRule]' passed (0.003 seconds).
Test Suite 'ClipboardPrivacyLifecycleTests' passed at 2026-08-27 20:12:19.823.
	 Executed 13 tests, with 0 failures (0 unexpected) in 0.159 (0.160) seconds
Test Suite 'HyperPackageTests.xctest' passed at 2026-08-27 20:12:19.823.
	 Executed 13 tests, with 0 failures (0 unexpected) in 0.159 (0.160) seconds
Test Suite 'Selected tests' passed at 2026-08-27 20:12:19.823.
	 Executed 13 tests, with 0 failures (0 unexpected) in 0.159 (0.161) seconds
◇ Test run started.
↳ Testing Library Version: 1501
↳ Target Platform: arm64e-apple-macos14.0
✔ Test run with 0 tests in 0 suites passed after 0.001 seconds.

=== privacy iteration 50 ===
Test Suite 'Selected tests' started at 2026-08-27 20:12:20.333.
Test Suite 'HyperPackageTests.xctest' started at 2026-08-27 20:12:20.334.
Test Suite 'ClipboardPrivacyLifecycleTests' started at 2026-08-27 20:12:20.334.
Test Case '-[HyperTests.ClipboardPrivacyLifecycleTests testCopySourceSnapshotSurvivesSwitchingApplicationsBeforeCapture]' started.
Test Case '-[HyperTests.ClipboardPrivacyLifecycleTests testCopySourceSnapshotSurvivesSwitchingApplicationsBeforeCapture]' passed (0.015 seconds).
Test Case '-[HyperTests.ClipboardPrivacyLifecycleTests testGlobalPauseWritesNothingAndResumeDoesNotBackfillPausedContent]' started.
Test Case '-[HyperTests.ClipboardPrivacyLifecycleTests testGlobalPauseWritesNothingAndResumeDoesNotBackfillPausedContent]' passed (0.011 seconds).
Test Case '-[HyperTests.ClipboardPrivacyLifecycleTests testIgnoredCopySourceCannotLeakAcrossOneHundredImmediateAppSwitches]' started.
Test Case '-[HyperTests.ClipboardPrivacyLifecycleTests testIgnoredCopySourceCannotLeakAcrossOneHundredImmediateAppSwitches]' passed (0.012 seconds).
Test Case '-[HyperTests.ClipboardPrivacyLifecycleTests testIgnoreTextOnlyAndNoImagesRulesAreEnforcedAtCapture]' started.
Test Case '-[HyperTests.ClipboardPrivacyLifecycleTests testIgnoreTextOnlyAndNoImagesRulesAreEnforcedAtCapture]' passed (0.016 seconds).
Test Case '-[HyperTests.ClipboardPrivacyLifecycleTests testPendingSourceIsNotBorrowedByANewUnkeyedChange]' started.
Test Case '-[HyperTests.ClipboardPrivacyLifecycleTests testPendingSourceIsNotBorrowedByANewUnkeyedChange]' passed (0.003 seconds).
Test Case '-[HyperTests.ClipboardPrivacyLifecycleTests testPendingSourceRequiresExactNextChangeCountAndShortWindow]' started.
Test Case '-[HyperTests.ClipboardPrivacyLifecycleTests testPendingSourceRequiresExactNextChangeCountAndShortWindow]' passed (0.002 seconds).
Test Case '-[HyperTests.ClipboardPrivacyLifecycleTests testShutdownQueueAndStoreShareOneHardTimeoutBudget]' started.
Test Case '-[HyperTests.ClipboardPrivacyLifecycleTests testShutdownQueueAndStoreShareOneHardTimeoutBudget]' passed (0.034 seconds).
Test Case '-[HyperTests.ClipboardPrivacyLifecycleTests testShutdownReportsIncompleteDrainWithoutRetryingForever]' started.
Test Case '-[HyperTests.ClipboardPrivacyLifecycleTests testShutdownReportsIncompleteDrainWithoutRetryingForever]' passed (0.004 seconds).
Test Case '-[HyperTests.ClipboardPrivacyLifecycleTests testShutdownReportsSuccessfulBoundedStoreDrain]' started.
Test Case '-[HyperTests.ClipboardPrivacyLifecycleTests testShutdownReportsSuccessfulBoundedStoreDrain]' passed (0.003 seconds).
Test Case '-[HyperTests.ClipboardPrivacyLifecycleTests testShutdownUsesRealStoreDrainAndReturnsOnlyAfterIndexIsDurable]' started.
Test Case '-[HyperTests.ClipboardPrivacyLifecycleTests testShutdownUsesRealStoreDrainAndReturnsOnlyAfterIndexIsDurable]' passed (0.012 seconds).
Test Case '-[HyperTests.ClipboardPrivacyLifecycleTests testStaleAllowedAndIgnoredSourcesNeverCrossApplicationBoundaryForOneHundredRounds]' started.
Test Case '-[HyperTests.ClipboardPrivacyLifecycleTests testStaleAllowedAndIgnoredSourcesNeverCrossApplicationBoundaryForOneHundredRounds]' passed (0.028 seconds).
Test Case '-[HyperTests.ClipboardPrivacyLifecycleTests testUnknownPollingSourceIsStoredWithoutFalseAttributionWhenNoRulesExist]' started.
Test Case '-[HyperTests.ClipboardPrivacyLifecycleTests testUnknownPollingSourceIsStoredWithoutFalseAttributionWhenNoRulesExist]' passed (0.010 seconds).
Test Case '-[HyperTests.ClipboardPrivacyLifecycleTests testUnknownPollingSourceUsesMostRestrictiveConfiguredRule]' started.
Test Case '-[HyperTests.ClipboardPrivacyLifecycleTests testUnknownPollingSourceUsesMostRestrictiveConfiguredRule]' passed (0.004 seconds).
Test Suite 'ClipboardPrivacyLifecycleTests' passed at 2026-08-27 20:12:20.490.
	 Executed 13 tests, with 0 failures (0 unexpected) in 0.155 (0.156) seconds
Test Suite 'HyperPackageTests.xctest' passed at 2026-08-27 20:12:20.490.
	 Executed 13 tests, with 0 failures (0 unexpected) in 0.155 (0.156) seconds
Test Suite 'Selected tests' passed at 2026-08-27 20:12:20.490.
	 Executed 13 tests, with 0 failures (0 unexpected) in 0.155 (0.157) seconds
◇ Test run started.
↳ Testing Library Version: 1501
↳ Target Platform: arm64e-apple-macos14.0
✔ Test run with 0 tests in 0 suites passed after 0.001 seconds.
[0/1] Planning build
Building for debugging...
[0/6] Write sources
[2/6] Write swift-version--58304C5D6DBC2206.txt
[4/9] Emitting module Hyper
[5/9] Compiling Hyper ClipboardMonitor.swift
[6/9] Compiling Hyper ClipboardManager.swift
[7/14] Compiling Hyper HyperTap.swift
[8/14] Compiling Hyper SettingsModel.swift
[9/14] Compiling Hyper ClipboardPanel.swift
[10/14] Compiling Hyper AppDelegate.swift
[11/14] Compiling Hyper ClipboardPanelView.swift
[11/16] Write Objects.LinkFileList
[12/16] Linking Hyper
[13/16] Applying Hyper
[15/21] Compiling HyperTests ClipboardAsyncCaptureTests.swift
[16/21] Compiling HyperTests ClipboardPrivacyLifecycleTests.swift
[17/21] Emitting module HyperTests
[18/21] Compiling HyperTests ClipboardManagerPasteTests.swift
[19/21] Compiling HyperTests ClipboardPanelPastePresentationTests.swift
[19/21] Write Objects.LinkFileList
[20/21] Linking HyperPackageTests
Build complete! (3.62s)
Test Suite 'Selected tests' started at 2026-08-27 20:15:00.473.
Test Suite 'HyperPackageTests.xctest' started at 2026-08-27 20:15:00.474.
Test Suite 'ClipboardAsyncCaptureTests' started at 2026-08-27 20:15:00.474.
Test Case '-[HyperTests.ClipboardAsyncCaptureTests testManagerSchedulesSlowCaptureUnderFrameBudgetAndCommitsConsistently]' started.
Test Case '-[HyperTests.ClipboardAsyncCaptureTests testManagerSchedulesSlowCaptureUnderFrameBudgetAndCommitsConsistently]' passed (0.123 seconds).
Test Case '-[HyperTests.ClipboardAsyncCaptureTests testSlowProviderDoesNotBlockMainAndReportsHonestTimeout]' started.
/Users/indincys/hyper/Tests/HyperTests/ClipboardAsyncCaptureTests.swift:88: error: -[HyperTests.ClipboardAsyncCaptureTests testSlowProviderDoesNotBlockMainAndReportsHonestTimeout] : XCTAssertGreaterThanOrEqual failed: ("0.05487054167315364") is less than ("0.2")
Test Case '-[HyperTests.ClipboardAsyncCaptureTests testSlowProviderDoesNotBlockMainAndReportsHonestTimeout]' failed (0.150 seconds).
Test Case '-[HyperTests.ClipboardAsyncCaptureTests testTwentyTwoHundredAndFiveHundredMegabyteProvidersScheduleUnderFrameBudget]' started.
Test Case '-[HyperTests.ClipboardAsyncCaptureTests testTwentyTwoHundredAndFiveHundredMegabyteProvidersScheduleUnderFrameBudget]' passed (0.001 seconds).
Test Case '-[HyperTests.ClipboardAsyncCaptureTests testWorkerSubmissionIsFastAndBacklogCoalescesToOne]' started.
Test Case '-[HyperTests.ClipboardAsyncCaptureTests testWorkerSubmissionIsFastAndBacklogCoalescesToOne]' passed (0.000 seconds).
Test Suite 'ClipboardAsyncCaptureTests' failed at 2026-08-27 20:15:00.749.
	 Executed 4 tests, with 1 failure (0 unexpected) in 0.274 (0.275) seconds
Test Suite 'HyperPackageTests.xctest' failed at 2026-08-27 20:15:00.749.
	 Executed 4 tests, with 1 failure (0 unexpected) in 0.274 (0.275) seconds
Test Suite 'Selected tests' failed at 2026-08-27 20:15:00.749.
	 Executed 4 tests, with 1 failure (0 unexpected) in 0.274 (0.276) seconds
◇ Test run started.
↳ Testing Library Version: 1501
↳ Target Platform: arm64e-apple-macos14.0
✔ Test run with 0 tests in 0 suites passed after 0.001 seconds.
[0/1] Planning build
Building for debugging...
[0/6] Write sources
[2/6] Write swift-version--58304C5D6DBC2206.txt
[4/8] Compiling Hyper ClipboardManager.swift
[5/8] Emitting module Hyper
[6/12] Compiling Hyper AppDelegate.swift
[7/12] Compiling Hyper SettingsModel.swift
[8/12] Compiling Hyper HyperTap.swift
[9/12] Compiling Hyper ClipboardPanel.swift
[9/14] Write Objects.LinkFileList
[10/14] Linking Hyper
[11/14] Applying Hyper
[13/17] Compiling HyperTests ClipboardAsyncCaptureTests.swift
[14/17] Emitting module HyperTests
[15/17] Compiling HyperTests ClipStoreTests.swift
[15/17] Write Objects.LinkFileList
[16/17] Linking HyperPackageTests
Build complete! (3.39s)
Test Suite 'Selected tests' started at 2026-08-27 20:16:03.282.
Test Suite 'HyperPackageTests.xctest' started at 2026-08-27 20:16:03.283.
Test Suite 'ClipboardAsyncCaptureTests' started at 2026-08-27 20:16:03.283.
Test Case '-[HyperTests.ClipboardAsyncCaptureTests testHungProviderTimesOutAtDeadlineWithoutSpawningAndResumesLatest]' started.
Test Case '-[HyperTests.ClipboardAsyncCaptureTests testHungProviderTimesOutAtDeadlineWithoutSpawningAndResumesLatest]' passed (0.057 seconds).
Test Case '-[HyperTests.ClipboardAsyncCaptureTests testManagerSchedulesSlowCaptureUnderFrameBudgetAndCommitsConsistently]' started.
Test Case '-[HyperTests.ClipboardAsyncCaptureTests testManagerSchedulesSlowCaptureUnderFrameBudgetAndCommitsConsistently]' passed (0.123 seconds).
Test Case '-[HyperTests.ClipboardAsyncCaptureTests testSlowProviderDoesNotBlockMainAndReportsHonestTimeout]' started.
Test Case '-[HyperTests.ClipboardAsyncCaptureTests testSlowProviderDoesNotBlockMainAndReportsHonestTimeout]' passed (0.055 seconds).
Test Case '-[HyperTests.ClipboardAsyncCaptureTests testTwentyMegabyteProviderMaterialisesOffMainAndSchedulesUnderFrameBudget]' started.
Test Case '-[HyperTests.ClipboardAsyncCaptureTests testTwentyMegabyteProviderMaterialisesOffMainAndSchedulesUnderFrameBudget]' passed (0.001 seconds).
Test Case '-[HyperTests.ClipboardAsyncCaptureTests testTwoHundredAndFiveHundredMegabyteLogicalSizesStayBounded]' started.
Test Case '-[HyperTests.ClipboardAsyncCaptureTests testTwoHundredAndFiveHundredMegabyteLogicalSizesStayBounded]' passed (0.001 seconds).
Test Case '-[HyperTests.ClipboardAsyncCaptureTests testWorkerSubmissionIsFastAndBacklogCoalescesToOne]' started.
Test Case '-[HyperTests.ClipboardAsyncCaptureTests testWorkerSubmissionIsFastAndBacklogCoalescesToOne]' passed (0.001 seconds).
Test Suite 'ClipboardAsyncCaptureTests' passed at 2026-08-27 20:16:03.522.
	 Executed 6 tests, with 0 failures (0 unexpected) in 0.238 (0.239) seconds
Test Suite 'HyperPackageTests.xctest' passed at 2026-08-27 20:16:03.522.
	 Executed 6 tests, with 0 failures (0 unexpected) in 0.238 (0.239) seconds
Test Suite 'Selected tests' passed at 2026-08-27 20:16:03.522.
	 Executed 6 tests, with 0 failures (0 unexpected) in 0.238 (0.240) seconds
◇ Test run started.
↳ Testing Library Version: 1501
↳ Target Platform: arm64e-apple-macos14.0
✔ Test run with 0 tests in 0 suites passed after 0.001 seconds.
Building for debugging...
[0/6] Write sources
[2/6] Write swift-version--58304C5D6DBC2206.txt
[4/8] Emitting module Hyper
[5/8] Compiling Hyper ClipboardManager.swift
[6/13] Compiling Hyper HyperTap.swift
[7/13] Compiling Hyper ClipboardPanel.swift
[8/13] Compiling Hyper SettingsModel.swift
[9/13] Compiling Hyper AppDelegate.swift
[10/13] Compiling Hyper ClipboardPanelView.swift
[10/15] Write Objects.LinkFileList
[11/15] Linking Hyper
[12/15] Applying Hyper
[14/29] Compiling HyperTests UpdaterTests.swift
[15/29] Compiling HyperTests PasterTests.swift
[16/29] Compiling HyperTests PasteTransformTests.swift
[17/29] Compiling HyperTests KeysTests.swift
[18/29] Compiling HyperTests ConfigTests.swift
[19/29] Compiling HyperTests PasteQueueTests.swift
[20/29] Compiling HyperTests ClipboardAsyncCaptureTests.swift
/Users/indincys/hyper/Tests/HyperTests/ClipboardAsyncCaptureTests.swift:286:18: warning: weak variable 'weakManager' was never mutated; consider changing to 'let' constant [#WeakMutability]
284 |             captureWorker: captureWorker
285 |         )
286 |         weak var weakManager = manager
    |                  `- warning: weak variable 'weakManager' was never mutated; consider changing to 'let' constant [#WeakMutability]
287 |         manager?.apply(ClipboardSettings(), applicationEnabled: true)
288 |         pasteboard.clearContents()

[#WeakMutability]: <https://docs.swift.org/compiler/documentation/diagnostics/weak-mutability>
[21/29] Compiling HyperTests ClipboardPrivacyLifecycleTests.swift
[22/29] Compiling HyperTests ClipboardPanelPastePresentationTests.swift
[23/29] Compiling HyperTests ClipboardManagerPasteTests.swift
[24/29] Compiling HyperTests ClipStoreTests.swift
[25/29] Compiling HyperTests ClipSearchTests.swift
[26/29] Emitting module HyperTests
[27/29] Compiling HyperTests ClipCaptureTests.swift
[27/29] Write Objects.LinkFileList
[28/29] Linking HyperPackageTests
Build complete! (3.83s)
Test Suite 'Selected tests' started at 2026-08-27 20:17:10.749.
Test Suite 'HyperPackageTests.xctest' started at 2026-08-27 20:17:10.750.
Test Suite 'ClipboardAsyncCaptureTests' started at 2026-08-27 20:17:10.750.
Test Case '-[HyperTests.ClipboardAsyncCaptureTests testHungProviderTimesOutAtDeadlineWithoutSpawningAndResumesLatest]' started.
Test Case '-[HyperTests.ClipboardAsyncCaptureTests testHungProviderTimesOutAtDeadlineWithoutSpawningAndResumesLatest]' passed (0.162 seconds).
Test Case '-[HyperTests.ClipboardAsyncCaptureTests testManagerSchedulesSlowCaptureUnderFrameBudgetAndCommitsConsistently]' started.
Test Case '-[HyperTests.ClipboardAsyncCaptureTests testManagerSchedulesSlowCaptureUnderFrameBudgetAndCommitsConsistently]' passed (0.132 seconds).
Test Case '-[HyperTests.ClipboardAsyncCaptureTests testShutdownCancelsInflightResultAndManagerDeallocatesBeforeProviderReturns]' started.
Test Case '-[HyperTests.ClipboardAsyncCaptureTests testShutdownCancelsInflightResultAndManagerDeallocatesBeforeProviderReturns]' passed (0.121 seconds).
Test Case '-[HyperTests.ClipboardAsyncCaptureTests testSlowProviderDoesNotBlockMainAndReportsHonestTimeout]' started.
Test Case '-[HyperTests.ClipboardAsyncCaptureTests testSlowProviderDoesNotBlockMainAndReportsHonestTimeout]' passed (0.057 seconds).
Test Case '-[HyperTests.ClipboardAsyncCaptureTests testTwentyMegabyteProviderMaterialisesOffMainAndSchedulesUnderFrameBudget]' started.
Test Case '-[HyperTests.ClipboardAsyncCaptureTests testTwentyMegabyteProviderMaterialisesOffMainAndSchedulesUnderFrameBudget]' passed (0.003 seconds).
Test Case '-[HyperTests.ClipboardAsyncCaptureTests testTwoHundredAndFiveHundredMegabyteLogicalSizesStayBounded]' started.
Test Case '-[HyperTests.ClipboardAsyncCaptureTests testTwoHundredAndFiveHundredMegabyteLogicalSizesStayBounded]' passed (0.002 seconds).
Test Case '-[HyperTests.ClipboardAsyncCaptureTests testWorkerSubmissionIsFastAndBacklogCoalescesToOne]' started.
Test Case '-[HyperTests.ClipboardAsyncCaptureTests testWorkerSubmissionIsFastAndBacklogCoalescesToOne]' passed (0.001 seconds).
Test Suite 'ClipboardAsyncCaptureTests' passed at 2026-08-27 20:17:11.229.
	 Executed 7 tests, with 0 failures (0 unexpected) in 0.477 (0.479) seconds
Test Suite 'HyperPackageTests.xctest' passed at 2026-08-27 20:17:11.229.
	 Executed 7 tests, with 0 failures (0 unexpected) in 0.477 (0.479) seconds
Test Suite 'Selected tests' passed at 2026-08-27 20:17:11.229.
	 Executed 7 tests, with 0 failures (0 unexpected) in 0.477 (0.480) seconds
◇ Test run started.
↳ Testing Library Version: 1501
↳ Target Platform: arm64e-apple-macos14.0
✔ Test run with 0 tests in 0 suites passed after 0.001 seconds.
Building for debugging...
[0/4] Write swift-version--58304C5D6DBC2206.txt
Build complete! (0.09s)
Test Suite 'Selected tests' started at 2026-08-27 20:17:19.537.
Test Suite 'HyperPackageTests.xctest' started at 2026-08-27 20:17:19.538.
Test Suite 'ClipStoreTests' started at 2026-08-27 20:17:19.538.
Test Case '-[HyperTests.ClipStoreTests testALaunchWindowRecopyKeepsTheDiskRecordsIdentity]' started.
Test Case '-[HyperTests.ClipStoreTests testALaunchWindowRecopyKeepsTheDiskRecordsIdentity]' passed (0.008 seconds).
Test Case '-[HyperTests.ClipStoreTests testANewCaptureDuringTheLaunchWindowJoinsTheLoadedHistory]' started.
Test Case '-[HyperTests.ClipStoreTests testANewCaptureDuringTheLaunchWindowJoinsTheLoadedHistory]' passed (0.004 seconds).
Test Case '-[HyperTests.ClipStoreTests testASecondDeleteMakesTheFirstOnePermanent]' started.
Test Case '-[HyperTests.ClipStoreTests testASecondDeleteMakesTheFirstOnePermanent]' passed (0.004 seconds).
Test Case '-[HyperTests.ClipStoreTests testBoundedDrainCommitsPayloadAndMatchingIndexSnapshot]' started.
Test Case '-[HyperTests.ClipStoreTests testBoundedDrainCommitsPayloadAndMatchingIndexSnapshot]' passed (0.004 seconds).
Test Case '-[HyperTests.ClipStoreTests testClearAllTakesPinnedEntriesToo]' started.
Test Case '-[HyperTests.ClipStoreTests testClearAllTakesPinnedEntriesToo]' passed (0.004 seconds).
Test Case '-[HyperTests.ClipStoreTests testClearingTheHistoryCannotBeUndoneInto]' started.
Test Case '-[HyperTests.ClipStoreTests testClearingTheHistoryCannotBeUndoneInto]' passed (0.003 seconds).
Test Case '-[HyperTests.ClipStoreTests testClearUnpinnedKeepsWhatWasDeliberatelyKept]' started.
Test Case '-[HyperTests.ClipStoreTests testClearUnpinnedKeepsWhatWasDeliberatelyKept]' passed (0.004 seconds).
Test Case '-[HyperTests.ClipStoreTests testContentTagIsDerivedOnCaptureAndReReadOnEdit]' started.
Test Case '-[HyperTests.ClipStoreTests testContentTagIsDerivedOnCaptureAndReReadOnEdit]' passed (0.038 seconds).
Test Case '-[HyperTests.ClipStoreTests testCorruptIndexIsMovedAsideAndPayloadsSurvive]' started.
Test Case '-[HyperTests.ClipStoreTests testCorruptIndexIsMovedAsideAndPayloadsSurvive]' passed (0.005 seconds).
Test Case '-[HyperTests.ClipStoreTests testCorruptIndexRestoresBackupRebuildsPayloadsAndQuarantinesGarbage]' started.
Test Case '-[HyperTests.ClipStoreTests testCorruptIndexRestoresBackupRebuildsPayloadsAndQuarantinesGarbage]' passed (0.009 seconds).
Test Case '-[HyperTests.ClipStoreTests testDeleteRemovesTheRecordAndEveryFileBehindIt]' started.
Test Case '-[HyperTests.ClipStoreTests testDeleteRemovesTheRecordAndEveryFileBehindIt]' passed (0.004 seconds).
Test Case '-[HyperTests.ClipStoreTests testDeletingSomethingAbsentIsHarmless]' started.
Test Case '-[HyperTests.ClipStoreTests testDeletingSomethingAbsentIsHarmless]' passed (0.002 seconds).
Test Case '-[HyperTests.ClipStoreTests testEditedDigestStopsTheOldTextFromReviningTheRow]' started.
Test Case '-[HyperTests.ClipStoreTests testEditedDigestStopsTheOldTextFromReviningTheRow]' passed (0.003 seconds).
Test Case '-[HyperTests.ClipStoreTests testFlushingBeforeTheIndexLoadsLeavesTheHistoryOnDisk]' started.
Test Case '-[HyperTests.ClipStoreTests testFlushingBeforeTheIndexLoadsLeavesTheHistoryOnDisk]' passed (0.001 seconds).
Test Case '-[HyperTests.ClipStoreTests testGenerationAdvancesOnEveryChange]' started.
Test Case '-[HyperTests.ClipStoreTests testGenerationAdvancesOnEveryChange]' passed (0.002 seconds).
Test Case '-[HyperTests.ClipStoreTests testInsertWritesTheRecordItsPayloadAndItsSearchText]' started.
Test Case '-[HyperTests.ClipStoreTests testInsertWritesTheRecordItsPayloadAndItsSearchText]' passed (0.004 seconds).
Test Case '-[HyperTests.ClipStoreTests testMovePinnedRewritesTheBandAndLeavesTheRestAlone]' started.
Test Case '-[HyperTests.ClipStoreTests testMovePinnedRewritesTheBandAndLeavesTheRestAlone]' passed (0.003 seconds).
Test Case '-[HyperTests.ClipStoreTests testNewerBackupWinsOverDecodableStalePrimaryAndSparesItsPayload]' started.
Test Case '-[HyperTests.ClipStoreTests testNewerBackupWinsOverDecodableStalePrimaryAndSparesItsPayload]' passed (0.007 seconds).
Test Case '-[HyperTests.ClipStoreTests testOlderPinnedEntriesAreGivenRanksOnLoad]' started.
Test Case '-[HyperTests.ClipStoreTests testOlderPinnedEntriesAreGivenRanksOnLoad]' passed (0.003 seconds).
Test Case '-[HyperTests.ClipStoreTests testOversizedEntryKeepsItsMetadataButWritesNoPayload]' started.
Test Case '-[HyperTests.ClipStoreTests testOversizedEntryKeepsItsMetadataButWritesNoPayload]' passed (0.002 seconds).
Test Case '-[HyperTests.ClipStoreTests testPanelDeleteKeepsTheFilesUntilTheBatchIsCommitted]' started.
Test Case '-[HyperTests.ClipStoreTests testPanelDeleteKeepsTheFilesUntilTheBatchIsCommitted]' passed (0.005 seconds).
Test Case '-[HyperTests.ClipStoreTests testPayloadWriteFailureFailsDrainAndDoesNotCommitAShellRecord]' started.
Test Case '-[HyperTests.ClipStoreTests testPayloadWriteFailureFailsDrainAndDoesNotCommitAShellRecord]' passed (0.007 seconds).
Test Case '-[HyperTests.ClipStoreTests testPinningRanksTheBandInTheOrderRowsWerePinned]' started.
Test Case '-[HyperTests.ClipStoreTests testPinningRanksTheBandInTheOrderRowsWerePinned]' passed (0.003 seconds).
Test Case '-[HyperTests.ClipStoreTests testReconcileOrphansRemovesFilesWithNoRecord]' started.
Test Case '-[HyperTests.ClipStoreTests testReconcileOrphansRemovesFilesWithNoRecord]' passed (0.003 seconds).
Test Case '-[HyperTests.ClipStoreTests testReconcileOrphansSparesAPendingDeletionsFiles]' started.
Test Case '-[HyperTests.ClipStoreTests testReconcileOrphansSparesAPendingDeletionsFiles]' passed (0.005 seconds).
Test Case '-[HyperTests.ClipStoreTests testRecopyBumpsToTheTopInsteadOfDuplicating]' started.
Test Case '-[HyperTests.ClipStoreTests testRecopyBumpsToTheTopInsteadOfDuplicating]' passed (0.002 seconds).
Test Case '-[HyperTests.ClipStoreTests testRecopyPreservesPinnedStateAndSource]' started.
Test Case '-[HyperTests.ClipStoreTests testRecopyPreservesPinnedStateAndSource]' passed (0.002 seconds).
Test Case '-[HyperTests.ClipStoreTests testRecordsAreNotVisibleUntilTheIndexLoads]' started.
Test Case '-[HyperTests.ClipStoreTests testRecordsAreNotVisibleUntilTheIndexLoads]' passed (0.002 seconds).
Test Case '-[HyperTests.ClipStoreTests testRecoveryTombstonePreventsPendingDeletionFromBeingResurrected]' started.
Test Case '-[HyperTests.ClipStoreTests testRecoveryTombstonePreventsPendingDeletionFromBeingResurrected]' passed (0.006 seconds).
Test Case '-[HyperTests.ClipStoreTests testRecoveryWithoutBackupSynchronouslySolidifiesBothIndexes]' started.
Test Case '-[HyperTests.ClipStoreTests testRecoveryWithoutBackupSynchronouslySolidifiesBothIndexes]' passed (0.004 seconds).
Test Case '-[HyperTests.ClipStoreTests testRestartAfterUniqueIndexWasQuarantinedBeforeReplacementRecoversPayload]' started.
Test Case '-[HyperTests.ClipStoreTests testRestartAfterUniqueIndexWasQuarantinedBeforeReplacementRecoversPayload]' passed (0.004 seconds).
Test Case '-[HyperTests.ClipStoreTests testSearchFiltersByTermKindAndPin]' started.
Test Case '-[HyperTests.ClipStoreTests testSearchFiltersByTermKindAndPin]' passed (0.003 seconds).
Test Case '-[HyperTests.ClipStoreTests testSearchIndexIsBackfilledFromPayloadsInTheBackground]' started.
Test Case '-[HyperTests.ClipStoreTests testSearchIndexIsBackfilledFromPayloadsInTheBackground]' passed (0.003 seconds).
Test Case '-[HyperTests.ClipStoreTests testSearchSnapshotCarriesBothHalves]' started.
Test Case '-[HyperTests.ClipStoreTests testSearchSnapshotCarriesBothHalves]' passed (0.002 seconds).
Test Case '-[HyperTests.ClipStoreTests testSweepDoesNothingWhenNothingIsOverTheLimits]' started.
Test Case '-[HyperTests.ClipStoreTests testSweepDoesNothingWhenNothingIsOverTheLimits]' passed (0.002 seconds).
Test Case '-[HyperTests.ClipStoreTests testSweepEvictsByAgeAndExemptsPinned]' started.
Test Case '-[HyperTests.ClipStoreTests testSweepEvictsByAgeAndExemptsPinned]' passed (0.003 seconds).
Test Case '-[HyperTests.ClipStoreTests testSweepEvictsTheOldestOverTheCountCap]' started.
Test Case '-[HyperTests.ClipStoreTests testSweepEvictsTheOldestOverTheCountCap]' passed (0.003 seconds).
Test Case '-[HyperTests.ClipStoreTests testSweepReportsWhatItEvicted]' started.
Test Case '-[HyperTests.ClipStoreTests testSweepReportsWhatItEvicted]' passed (0.003 seconds).
Test Case '-[HyperTests.ClipStoreTests testTenThousandInsertThenImmediateEditsNeverLoseTheEditedPayload]' started.
Test Case '-[HyperTests.ClipStoreTests testTenThousandInsertThenImmediateEditsNeverLoseTheEditedPayload]' passed (23.769 seconds).
Test Case '-[HyperTests.ClipStoreTests testTimedOutDrainCannotLaterCommitItsCancelledSnapshot]' started.
Test Case '-[HyperTests.ClipStoreTests testTimedOutDrainCannotLaterCommitItsCancelledSnapshot]' passed (0.017 seconds).
Test Case '-[HyperTests.ClipStoreTests testTogglePinMovesTheRowAndBackAgain]' started.
Test Case '-[HyperTests.ClipStoreTests testTogglePinMovesTheRowAndBackAgain]' passed (0.002 seconds).
Test Case '-[HyperTests.ClipStoreTests testUndoPutsADeletedBatchBackInItsPlace]' started.
Test Case '-[HyperTests.ClipStoreTests testUndoPutsADeletedBatchBackInItsPlace]' passed (0.006 seconds).
Test Case '-[HyperTests.ClipStoreTests testUndoRenumbersTheBandRatherThanRestoringAClashingRank]' started.
Test Case '-[HyperTests.ClipStoreTests testUndoRenumbersTheBandRatherThanRestoringAClashingRank]' passed (0.007 seconds).
Test Case '-[HyperTests.ClipStoreTests testUpdateTextClearsTheOversizedFlag]' started.
Test Case '-[HyperTests.ClipStoreTests testUpdateTextClearsTheOversizedFlag]' passed (0.003 seconds).
Test Case '-[HyperTests.ClipStoreTests testUpdateTextOnAnUnknownIDDoesNothing]' started.
Test Case '-[HyperTests.ClipStoreTests testUpdateTextOnAnUnknownIDDoesNothing]' passed (0.002 seconds).
Test Case '-[HyperTests.ClipStoreTests testUpdateTextRefreshesEverythingDerivedFromThePayload]' started.
Test Case '-[HyperTests.ClipStoreTests testUpdateTextRefreshesEverythingDerivedFromThePayload]' passed (0.004 seconds).
Test Suite 'ClipStoreTests' passed at 2026-08-27 20:17:43.531.
	 Executed 46 tests, with 0 failures (0 unexpected) in 23.989 (23.993) seconds
Test Suite 'HyperPackageTests.xctest' passed at 2026-08-27 20:17:43.531.
	 Executed 46 tests, with 0 failures (0 unexpected) in 23.989 (23.993) seconds
Test Suite 'Selected tests' passed at 2026-08-27 20:17:43.531.
	 Executed 46 tests, with 0 failures (0 unexpected) in 23.989 (23.994) seconds
◇ Test run started.
↳ Testing Library Version: 1501
↳ Target Platform: arm64e-apple-macos14.0
✔ Test run with 0 tests in 0 suites passed after 0.001 seconds.
Building for debugging...
[0/4] Write swift-version--58304C5D6DBC2206.txt
Build complete! (0.09s)
Test Suite 'Selected tests' started at 2026-08-27 20:17:44.104.
Test Suite 'HyperPackageTests.xctest' started at 2026-08-27 20:17:44.105.
Test Suite 'ClipboardPrivacyLifecycleTests' started at 2026-08-27 20:17:44.105.
Test Case '-[HyperTests.ClipboardPrivacyLifecycleTests testCopySourceSnapshotSurvivesSwitchingApplicationsBeforeCapture]' started.
Test Case '-[HyperTests.ClipboardPrivacyLifecycleTests testCopySourceSnapshotSurvivesSwitchingApplicationsBeforeCapture]' passed (0.014 seconds).
Test Case '-[HyperTests.ClipboardPrivacyLifecycleTests testGlobalPauseWritesNothingAndResumeDoesNotBackfillPausedContent]' started.
Test Case '-[HyperTests.ClipboardPrivacyLifecycleTests testGlobalPauseWritesNothingAndResumeDoesNotBackfillPausedContent]' passed (0.009 seconds).
Test Case '-[HyperTests.ClipboardPrivacyLifecycleTests testIgnoredCopySourceCannotLeakAcrossOneHundredImmediateAppSwitches]' started.
Test Case '-[HyperTests.ClipboardPrivacyLifecycleTests testIgnoredCopySourceCannotLeakAcrossOneHundredImmediateAppSwitches]' passed (0.011 seconds).
Test Case '-[HyperTests.ClipboardPrivacyLifecycleTests testIgnoreTextOnlyAndNoImagesRulesAreEnforcedAtCapture]' started.
Test Case '-[HyperTests.ClipboardPrivacyLifecycleTests testIgnoreTextOnlyAndNoImagesRulesAreEnforcedAtCapture]' passed (0.016 seconds).
Test Case '-[HyperTests.ClipboardPrivacyLifecycleTests testPendingSourceIsNotBorrowedByANewUnkeyedChange]' started.
Test Case '-[HyperTests.ClipboardPrivacyLifecycleTests testPendingSourceIsNotBorrowedByANewUnkeyedChange]' passed (0.002 seconds).
Test Case '-[HyperTests.ClipboardPrivacyLifecycleTests testPendingSourceRequiresExactNextChangeCountAndShortWindow]' started.
Test Case '-[HyperTests.ClipboardPrivacyLifecycleTests testPendingSourceRequiresExactNextChangeCountAndShortWindow]' passed (0.002 seconds).
Test Case '-[HyperTests.ClipboardPrivacyLifecycleTests testShutdownInvalidatesDelayedMonitorChecksBeforeFixtureRelease]' started.
Test Case '-[HyperTests.ClipboardPrivacyLifecycleTests testShutdownInvalidatesDelayedMonitorChecksBeforeFixtureRelease]' passed (0.314 seconds).
Test Case '-[HyperTests.ClipboardPrivacyLifecycleTests testShutdownQueueAndStoreShareOneHardTimeoutBudget]' started.
Test Case '-[HyperTests.ClipboardPrivacyLifecycleTests testShutdownQueueAndStoreShareOneHardTimeoutBudget]' passed (0.041 seconds).
Test Case '-[HyperTests.ClipboardPrivacyLifecycleTests testShutdownReportsIncompleteDrainWithoutRetryingForever]' started.
Test Case '-[HyperTests.ClipboardPrivacyLifecycleTests testShutdownReportsIncompleteDrainWithoutRetryingForever]' passed (0.004 seconds).
Test Case '-[HyperTests.ClipboardPrivacyLifecycleTests testShutdownReportsSuccessfulBoundedStoreDrain]' started.
Test Case '-[HyperTests.ClipboardPrivacyLifecycleTests testShutdownReportsSuccessfulBoundedStoreDrain]' passed (0.003 seconds).
Test Case '-[HyperTests.ClipboardPrivacyLifecycleTests testShutdownUsesRealStoreDrainAndReturnsOnlyAfterIndexIsDurable]' started.
Test Case '-[HyperTests.ClipboardPrivacyLifecycleTests testShutdownUsesRealStoreDrainAndReturnsOnlyAfterIndexIsDurable]' passed (0.011 seconds).
Test Case '-[HyperTests.ClipboardPrivacyLifecycleTests testStaleAllowedAndIgnoredSourcesNeverCrossApplicationBoundaryForOneHundredRounds]' started.
Test Case '-[HyperTests.ClipboardPrivacyLifecycleTests testStaleAllowedAndIgnoredSourcesNeverCrossApplicationBoundaryForOneHundredRounds]' passed (0.021 seconds).
Test Case '-[HyperTests.ClipboardPrivacyLifecycleTests testUnknownPollingSourceIsStoredWithoutFalseAttributionWhenNoRulesExist]' started.
Test Case '-[HyperTests.ClipboardPrivacyLifecycleTests testUnknownPollingSourceIsStoredWithoutFalseAttributionWhenNoRulesExist]' passed (0.010 seconds).
Test Case '-[HyperTests.ClipboardPrivacyLifecycleTests testUnknownPollingSourceUsesMostRestrictiveConfiguredRule]' started.
Test Case '-[HyperTests.ClipboardPrivacyLifecycleTests testUnknownPollingSourceUsesMostRestrictiveConfiguredRule]' passed (0.003 seconds).
Test Suite 'ClipboardPrivacyLifecycleTests' passed at 2026-08-27 20:17:44.568.
	 Executed 14 tests, with 0 failures (0 unexpected) in 0.462 (0.463) seconds
Test Suite 'HyperPackageTests.xctest' passed at 2026-08-27 20:17:44.568.
	 Executed 14 tests, with 0 failures (0 unexpected) in 0.462 (0.463) seconds
Test Suite 'Selected tests' passed at 2026-08-27 20:17:44.568.
	 Executed 14 tests, with 0 failures (0 unexpected) in 0.462 (0.464) seconds
◇ Test run started.
↳ Testing Library Version: 1501
↳ Target Platform: arm64e-apple-macos14.0
✔ Test run with 0 tests in 0 suites passed after 0.001 seconds.

=== fixed privacy iteration 1 ===
[0/1] Planning build
Test Suite 'Selected tests' started at 2026-08-27 20:18:31.694.
Test Suite 'HyperPackageTests.xctest' started at 2026-08-27 20:18:31.695.
Test Suite 'ClipboardPrivacyLifecycleTests' started at 2026-08-27 20:18:31.695.
Test Case '-[HyperTests.ClipboardPrivacyLifecycleTests testCopySourceSnapshotSurvivesSwitchingApplicationsBeforeCapture]' started.
Test Case '-[HyperTests.ClipboardPrivacyLifecycleTests testCopySourceSnapshotSurvivesSwitchingApplicationsBeforeCapture]' passed (0.013 seconds).
Test Case '-[HyperTests.ClipboardPrivacyLifecycleTests testGlobalPauseWritesNothingAndResumeDoesNotBackfillPausedContent]' started.
Test Case '-[HyperTests.ClipboardPrivacyLifecycleTests testGlobalPauseWritesNothingAndResumeDoesNotBackfillPausedContent]' passed (0.010 seconds).
Test Case '-[HyperTests.ClipboardPrivacyLifecycleTests testIgnoredCopySourceCannotLeakAcrossOneHundredImmediateAppSwitches]' started.
Test Case '-[HyperTests.ClipboardPrivacyLifecycleTests testIgnoredCopySourceCannotLeakAcrossOneHundredImmediateAppSwitches]' passed (0.013 seconds).
Test Case '-[HyperTests.ClipboardPrivacyLifecycleTests testIgnoreTextOnlyAndNoImagesRulesAreEnforcedAtCapture]' started.
Test Case '-[HyperTests.ClipboardPrivacyLifecycleTests testIgnoreTextOnlyAndNoImagesRulesAreEnforcedAtCapture]' passed (0.017 seconds).
Test Case '-[HyperTests.ClipboardPrivacyLifecycleTests testPendingSourceIsNotBorrowedByANewUnkeyedChange]' started.
Test Case '-[HyperTests.ClipboardPrivacyLifecycleTests testPendingSourceIsNotBorrowedByANewUnkeyedChange]' passed (0.002 seconds).
Test Case '-[HyperTests.ClipboardPrivacyLifecycleTests testPendingSourceRequiresExactNextChangeCountAndShortWindow]' started.
Test Case '-[HyperTests.ClipboardPrivacyLifecycleTests testPendingSourceRequiresExactNextChangeCountAndShortWindow]' passed (0.002 seconds).
Test Case '-[HyperTests.ClipboardPrivacyLifecycleTests testShutdownInvalidatesDelayedMonitorChecksBeforeFixtureRelease]' started.
Test Case '-[HyperTests.ClipboardPrivacyLifecycleTests testShutdownInvalidatesDelayedMonitorChecksBeforeFixtureRelease]' passed (0.314 seconds).
Test Case '-[HyperTests.ClipboardPrivacyLifecycleTests testShutdownQueueAndStoreShareOneHardTimeoutBudget]' started.
Test Case '-[HyperTests.ClipboardPrivacyLifecycleTests testShutdownQueueAndStoreShareOneHardTimeoutBudget]' passed (0.041 seconds).
Test Case '-[HyperTests.ClipboardPrivacyLifecycleTests testShutdownReportsIncompleteDrainWithoutRetryingForever]' started.
Test Case '-[HyperTests.ClipboardPrivacyLifecycleTests testShutdownReportsIncompleteDrainWithoutRetryingForever]' passed (0.005 seconds).
Test Case '-[HyperTests.ClipboardPrivacyLifecycleTests testShutdownReportsSuccessfulBoundedStoreDrain]' started.
Test Case '-[HyperTests.ClipboardPrivacyLifecycleTests testShutdownReportsSuccessfulBoundedStoreDrain]' passed (0.003 seconds).
Test Case '-[HyperTests.ClipboardPrivacyLifecycleTests testShutdownUsesRealStoreDrainAndReturnsOnlyAfterIndexIsDurable]' started.
Test Case '-[HyperTests.ClipboardPrivacyLifecycleTests testShutdownUsesRealStoreDrainAndReturnsOnlyAfterIndexIsDurable]' passed (0.011 seconds).
Test Case '-[HyperTests.ClipboardPrivacyLifecycleTests testStaleAllowedAndIgnoredSourcesNeverCrossApplicationBoundaryForOneHundredRounds]' started.
Test Case '-[HyperTests.ClipboardPrivacyLifecycleTests testStaleAllowedAndIgnoredSourcesNeverCrossApplicationBoundaryForOneHundredRounds]' passed (0.022 seconds).
Test Case '-[HyperTests.ClipboardPrivacyLifecycleTests testUnknownPollingSourceIsStoredWithoutFalseAttributionWhenNoRulesExist]' started.
Test Case '-[HyperTests.ClipboardPrivacyLifecycleTests testUnknownPollingSourceIsStoredWithoutFalseAttributionWhenNoRulesExist]' passed (0.011 seconds).
Test Case '-[HyperTests.ClipboardPrivacyLifecycleTests testUnknownPollingSourceUsesMostRestrictiveConfiguredRule]' started.
Test Case '-[HyperTests.ClipboardPrivacyLifecycleTests testUnknownPollingSourceUsesMostRestrictiveConfiguredRule]' passed (0.004 seconds).
Test Suite 'ClipboardPrivacyLifecycleTests' passed at 2026-08-27 20:18:32.165.
	 Executed 14 tests, with 0 failures (0 unexpected) in 0.468 (0.470) seconds
Test Suite 'HyperPackageTests.xctest' passed at 2026-08-27 20:18:32.165.
	 Executed 14 tests, with 0 failures (0 unexpected) in 0.468 (0.470) seconds
Test Suite 'Selected tests' passed at 2026-08-27 20:18:32.165.
	 Executed 14 tests, with 0 failures (0 unexpected) in 0.468 (0.471) seconds
◇ Test run started.
↳ Testing Library Version: 1501
↳ Target Platform: arm64e-apple-macos14.0
✔ Test run with 0 tests in 0 suites passed after 0.001 seconds.

=== fixed privacy iteration 2 ===
Test Suite 'Selected tests' started at 2026-08-27 20:18:32.651.
Test Suite 'HyperPackageTests.xctest' started at 2026-08-27 20:18:32.653.
Test Suite 'ClipboardPrivacyLifecycleTests' started at 2026-08-27 20:18:32.653.
Test Case '-[HyperTests.ClipboardPrivacyLifecycleTests testCopySourceSnapshotSurvivesSwitchingApplicationsBeforeCapture]' started.
Test Case '-[HyperTests.ClipboardPrivacyLifecycleTests testCopySourceSnapshotSurvivesSwitchingApplicationsBeforeCapture]' passed (0.014 seconds).
Test Case '-[HyperTests.ClipboardPrivacyLifecycleTests testGlobalPauseWritesNothingAndResumeDoesNotBackfillPausedContent]' started.
Test Case '-[HyperTests.ClipboardPrivacyLifecycleTests testGlobalPauseWritesNothingAndResumeDoesNotBackfillPausedContent]' passed (0.009 seconds).
Test Case '-[HyperTests.ClipboardPrivacyLifecycleTests testIgnoredCopySourceCannotLeakAcrossOneHundredImmediateAppSwitches]' started.
Test Case '-[HyperTests.ClipboardPrivacyLifecycleTests testIgnoredCopySourceCannotLeakAcrossOneHundredImmediateAppSwitches]' passed (0.012 seconds).
Test Case '-[HyperTests.ClipboardPrivacyLifecycleTests testIgnoreTextOnlyAndNoImagesRulesAreEnforcedAtCapture]' started.
Test Case '-[HyperTests.ClipboardPrivacyLifecycleTests testIgnoreTextOnlyAndNoImagesRulesAreEnforcedAtCapture]' passed (0.017 seconds).
Test Case '-[HyperTests.ClipboardPrivacyLifecycleTests testPendingSourceIsNotBorrowedByANewUnkeyedChange]' started.
Test Case '-[HyperTests.ClipboardPrivacyLifecycleTests testPendingSourceIsNotBorrowedByANewUnkeyedChange]' passed (0.002 seconds).
Test Case '-[HyperTests.ClipboardPrivacyLifecycleTests testPendingSourceRequiresExactNextChangeCountAndShortWindow]' started.
Test Case '-[HyperTests.ClipboardPrivacyLifecycleTests testPendingSourceRequiresExactNextChangeCountAndShortWindow]' passed (0.002 seconds).
Test Case '-[HyperTests.ClipboardPrivacyLifecycleTests testShutdownInvalidatesDelayedMonitorChecksBeforeFixtureRelease]' started.
Test Case '-[HyperTests.ClipboardPrivacyLifecycleTests testShutdownInvalidatesDelayedMonitorChecksBeforeFixtureRelease]' passed (0.309 seconds).
Test Case '-[HyperTests.ClipboardPrivacyLifecycleTests testShutdownQueueAndStoreShareOneHardTimeoutBudget]' started.
Test Case '-[HyperTests.ClipboardPrivacyLifecycleTests testShutdownQueueAndStoreShareOneHardTimeoutBudget]' passed (0.040 seconds).
Test Case '-[HyperTests.ClipboardPrivacyLifecycleTests testShutdownReportsIncompleteDrainWithoutRetryingForever]' started.
Test Case '-[HyperTests.ClipboardPrivacyLifecycleTests testShutdownReportsIncompleteDrainWithoutRetryingForever]' passed (0.004 seconds).
Test Case '-[HyperTests.ClipboardPrivacyLifecycleTests testShutdownReportsSuccessfulBoundedStoreDrain]' started.
Test Case '-[HyperTests.ClipboardPrivacyLifecycleTests testShutdownReportsSuccessfulBoundedStoreDrain]' passed (0.006 seconds).
Test Case '-[HyperTests.ClipboardPrivacyLifecycleTests testShutdownUsesRealStoreDrainAndReturnsOnlyAfterIndexIsDurable]' started.
Test Case '-[HyperTests.ClipboardPrivacyLifecycleTests testShutdownUsesRealStoreDrainAndReturnsOnlyAfterIndexIsDurable]' passed (0.011 seconds).
Test Case '-[HyperTests.ClipboardPrivacyLifecycleTests testStaleAllowedAndIgnoredSourcesNeverCrossApplicationBoundaryForOneHundredRounds]' started.
Test Case '-[HyperTests.ClipboardPrivacyLifecycleTests testStaleAllowedAndIgnoredSourcesNeverCrossApplicationBoundaryForOneHundredRounds]' passed (0.023 seconds).
Test Case '-[HyperTests.ClipboardPrivacyLifecycleTests testUnknownPollingSourceIsStoredWithoutFalseAttributionWhenNoRulesExist]' started.
Test Case '-[HyperTests.ClipboardPrivacyLifecycleTests testUnknownPollingSourceIsStoredWithoutFalseAttributionWhenNoRulesExist]' passed (0.011 seconds).
Test Case '-[HyperTests.ClipboardPrivacyLifecycleTests testUnknownPollingSourceUsesMostRestrictiveConfiguredRule]' started.
Test Case '-[HyperTests.ClipboardPrivacyLifecycleTests testUnknownPollingSourceUsesMostRestrictiveConfiguredRule]' passed (0.004 seconds).
Test Suite 'ClipboardPrivacyLifecycleTests' passed at 2026-08-27 20:18:33.117.
	 Executed 14 tests, with 0 failures (0 unexpected) in 0.463 (0.464) seconds
Test Suite 'HyperPackageTests.xctest' passed at 2026-08-27 20:18:33.117.
	 Executed 14 tests, with 0 failures (0 unexpected) in 0.463 (0.464) seconds
Test Suite 'Selected tests' passed at 2026-08-27 20:18:33.117.
	 Executed 14 tests, with 0 failures (0 unexpected) in 0.463 (0.465) seconds
◇ Test run started.
↳ Testing Library Version: 1501
↳ Target Platform: arm64e-apple-macos14.0
✔ Test run with 0 tests in 0 suites passed after 0.001 seconds.

=== fixed privacy iteration 3 ===
Test Suite 'Selected tests' started at 2026-08-27 20:18:33.594.
Test Suite 'HyperPackageTests.xctest' started at 2026-08-27 20:18:33.595.
Test Suite 'ClipboardPrivacyLifecycleTests' started at 2026-08-27 20:18:33.595.
Test Case '-[HyperTests.ClipboardPrivacyLifecycleTests testCopySourceSnapshotSurvivesSwitchingApplicationsBeforeCapture]' started.
Test Case '-[HyperTests.ClipboardPrivacyLifecycleTests testCopySourceSnapshotSurvivesSwitchingApplicationsBeforeCapture]' passed (0.013 seconds).
Test Case '-[HyperTests.ClipboardPrivacyLifecycleTests testGlobalPauseWritesNothingAndResumeDoesNotBackfillPausedContent]' started.
Test Case '-[HyperTests.ClipboardPrivacyLifecycleTests testGlobalPauseWritesNothingAndResumeDoesNotBackfillPausedContent]' passed (0.010 seconds).
Test Case '-[HyperTests.ClipboardPrivacyLifecycleTests testIgnoredCopySourceCannotLeakAcrossOneHundredImmediateAppSwitches]' started.
Test Case '-[HyperTests.ClipboardPrivacyLifecycleTests testIgnoredCopySourceCannotLeakAcrossOneHundredImmediateAppSwitches]' passed (0.013 seconds).
Test Case '-[HyperTests.ClipboardPrivacyLifecycleTests testIgnoreTextOnlyAndNoImagesRulesAreEnforcedAtCapture]' started.
Test Case '-[HyperTests.ClipboardPrivacyLifecycleTests testIgnoreTextOnlyAndNoImagesRulesAreEnforcedAtCapture]' passed (0.017 seconds).
Test Case '-[HyperTests.ClipboardPrivacyLifecycleTests testPendingSourceIsNotBorrowedByANewUnkeyedChange]' started.
Test Case '-[HyperTests.ClipboardPrivacyLifecycleTests testPendingSourceIsNotBorrowedByANewUnkeyedChange]' passed (0.002 seconds).
Test Case '-[HyperTests.ClipboardPrivacyLifecycleTests testPendingSourceRequiresExactNextChangeCountAndShortWindow]' started.
Test Case '-[HyperTests.ClipboardPrivacyLifecycleTests testPendingSourceRequiresExactNextChangeCountAndShortWindow]' passed (0.002 seconds).
Test Case '-[HyperTests.ClipboardPrivacyLifecycleTests testShutdownInvalidatesDelayedMonitorChecksBeforeFixtureRelease]' started.
Test Case '-[HyperTests.ClipboardPrivacyLifecycleTests testShutdownInvalidatesDelayedMonitorChecksBeforeFixtureRelease]' passed (0.318 seconds).
Test Case '-[HyperTests.ClipboardPrivacyLifecycleTests testShutdownQueueAndStoreShareOneHardTimeoutBudget]' started.
Test Case '-[HyperTests.ClipboardPrivacyLifecycleTests testShutdownQueueAndStoreShareOneHardTimeoutBudget]' passed (0.034 seconds).
Test Case '-[HyperTests.ClipboardPrivacyLifecycleTests testShutdownReportsIncompleteDrainWithoutRetryingForever]' started.
Test Case '-[HyperTests.ClipboardPrivacyLifecycleTests testShutdownReportsIncompleteDrainWithoutRetryingForever]' passed (0.005 seconds).
Test Case '-[HyperTests.ClipboardPrivacyLifecycleTests testShutdownReportsSuccessfulBoundedStoreDrain]' started.
Test Case '-[HyperTests.ClipboardPrivacyLifecycleTests testShutdownReportsSuccessfulBoundedStoreDrain]' passed (0.006 seconds).
Test Case '-[HyperTests.ClipboardPrivacyLifecycleTests testShutdownUsesRealStoreDrainAndReturnsOnlyAfterIndexIsDurable]' started.
Test Case '-[HyperTests.ClipboardPrivacyLifecycleTests testShutdownUsesRealStoreDrainAndReturnsOnlyAfterIndexIsDurable]' passed (0.011 seconds).
Test Case '-[HyperTests.ClipboardPrivacyLifecycleTests testStaleAllowedAndIgnoredSourcesNeverCrossApplicationBoundaryForOneHundredRounds]' started.
Test Case '-[HyperTests.ClipboardPrivacyLifecycleTests testStaleAllowedAndIgnoredSourcesNeverCrossApplicationBoundaryForOneHundredRounds]' passed (0.022 seconds).
Test Case '-[HyperTests.ClipboardPrivacyLifecycleTests testUnknownPollingSourceIsStoredWithoutFalseAttributionWhenNoRulesExist]' started.
Test Case '-[HyperTests.ClipboardPrivacyLifecycleTests testUnknownPollingSourceIsStoredWithoutFalseAttributionWhenNoRulesExist]' passed (0.010 seconds).
Test Case '-[HyperTests.ClipboardPrivacyLifecycleTests testUnknownPollingSourceUsesMostRestrictiveConfiguredRule]' started.
Test Case '-[HyperTests.ClipboardPrivacyLifecycleTests testUnknownPollingSourceUsesMostRestrictiveConfiguredRule]' passed (0.003 seconds).
Test Suite 'ClipboardPrivacyLifecycleTests' passed at 2026-08-27 20:18:34.062.
	 Executed 14 tests, with 0 failures (0 unexpected) in 0.466 (0.467) seconds
Test Suite 'HyperPackageTests.xctest' passed at 2026-08-27 20:18:34.062.
	 Executed 14 tests, with 0 failures (0 unexpected) in 0.466 (0.467) seconds
Test Suite 'Selected tests' passed at 2026-08-27 20:18:34.062.
	 Executed 14 tests, with 0 failures (0 unexpected) in 0.466 (0.468) seconds
◇ Test run started.
↳ Testing Library Version: 1501
↳ Target Platform: arm64e-apple-macos14.0
✔ Test run with 0 tests in 0 suites passed after 0.001 seconds.

=== fixed privacy iteration 4 ===
Test Suite 'Selected tests' started at 2026-08-27 20:18:34.566.
Test Suite 'HyperPackageTests.xctest' started at 2026-08-27 20:18:34.567.
Test Suite 'ClipboardPrivacyLifecycleTests' started at 2026-08-27 20:18:34.567.
Test Case '-[HyperTests.ClipboardPrivacyLifecycleTests testCopySourceSnapshotSurvivesSwitchingApplicationsBeforeCapture]' started.
Test Case '-[HyperTests.ClipboardPrivacyLifecycleTests testCopySourceSnapshotSurvivesSwitchingApplicationsBeforeCapture]' passed (0.016 seconds).
Test Case '-[HyperTests.ClipboardPrivacyLifecycleTests testGlobalPauseWritesNothingAndResumeDoesNotBackfillPausedContent]' started.
Test Case '-[HyperTests.ClipboardPrivacyLifecycleTests testGlobalPauseWritesNothingAndResumeDoesNotBackfillPausedContent]' passed (0.010 seconds).
Test Case '-[HyperTests.ClipboardPrivacyLifecycleTests testIgnoredCopySourceCannotLeakAcrossOneHundredImmediateAppSwitches]' started.
Test Case '-[HyperTests.ClipboardPrivacyLifecycleTests testIgnoredCopySourceCannotLeakAcrossOneHundredImmediateAppSwitches]' passed (0.012 seconds).
Test Case '-[HyperTests.ClipboardPrivacyLifecycleTests testIgnoreTextOnlyAndNoImagesRulesAreEnforcedAtCapture]' started.
Test Case '-[HyperTests.ClipboardPrivacyLifecycleTests testIgnoreTextOnlyAndNoImagesRulesAreEnforcedAtCapture]' passed (0.018 seconds).
Test Case '-[HyperTests.ClipboardPrivacyLifecycleTests testPendingSourceIsNotBorrowedByANewUnkeyedChange]' started.
Test Case '-[HyperTests.ClipboardPrivacyLifecycleTests testPendingSourceIsNotBorrowedByANewUnkeyedChange]' passed (0.002 seconds).
Test Case '-[HyperTests.ClipboardPrivacyLifecycleTests testPendingSourceRequiresExactNextChangeCountAndShortWindow]' started.
Test Case '-[HyperTests.ClipboardPrivacyLifecycleTests testPendingSourceRequiresExactNextChangeCountAndShortWindow]' passed (0.002 seconds).
Test Case '-[HyperTests.ClipboardPrivacyLifecycleTests testShutdownInvalidatesDelayedMonitorChecksBeforeFixtureRelease]' started.
Test Case '-[HyperTests.ClipboardPrivacyLifecycleTests testShutdownInvalidatesDelayedMonitorChecksBeforeFixtureRelease]' passed (0.309 seconds).
Test Case '-[HyperTests.ClipboardPrivacyLifecycleTests testShutdownQueueAndStoreShareOneHardTimeoutBudget]' started.
Test Case '-[HyperTests.ClipboardPrivacyLifecycleTests testShutdownQueueAndStoreShareOneHardTimeoutBudget]' passed (0.034 seconds).
Test Case '-[HyperTests.ClipboardPrivacyLifecycleTests testShutdownReportsIncompleteDrainWithoutRetryingForever]' started.
Test Case '-[HyperTests.ClipboardPrivacyLifecycleTests testShutdownReportsIncompleteDrainWithoutRetryingForever]' passed (0.004 seconds).
Test Case '-[HyperTests.ClipboardPrivacyLifecycleTests testShutdownReportsSuccessfulBoundedStoreDrain]' started.
Test Case '-[HyperTests.ClipboardPrivacyLifecycleTests testShutdownReportsSuccessfulBoundedStoreDrain]' passed (0.003 seconds).
Test Case '-[HyperTests.ClipboardPrivacyLifecycleTests testShutdownUsesRealStoreDrainAndReturnsOnlyAfterIndexIsDurable]' started.
Test Case '-[HyperTests.ClipboardPrivacyLifecycleTests testShutdownUsesRealStoreDrainAndReturnsOnlyAfterIndexIsDurable]' passed (0.010 seconds).
Test Case '-[HyperTests.ClipboardPrivacyLifecycleTests testStaleAllowedAndIgnoredSourcesNeverCrossApplicationBoundaryForOneHundredRounds]' started.
Test Case '-[HyperTests.ClipboardPrivacyLifecycleTests testStaleAllowedAndIgnoredSourcesNeverCrossApplicationBoundaryForOneHundredRounds]' passed (0.020 seconds).
Test Case '-[HyperTests.ClipboardPrivacyLifecycleTests testUnknownPollingSourceIsStoredWithoutFalseAttributionWhenNoRulesExist]' started.
Test Case '-[HyperTests.ClipboardPrivacyLifecycleTests testUnknownPollingSourceIsStoredWithoutFalseAttributionWhenNoRulesExist]' passed (0.010 seconds).
Test Case '-[HyperTests.ClipboardPrivacyLifecycleTests testUnknownPollingSourceUsesMostRestrictiveConfiguredRule]' started.
Test Case '-[HyperTests.ClipboardPrivacyLifecycleTests testUnknownPollingSourceUsesMostRestrictiveConfiguredRule]' passed (0.004 seconds).
Test Suite 'ClipboardPrivacyLifecycleTests' passed at 2026-08-27 20:18:35.022.
	 Executed 14 tests, with 0 failures (0 unexpected) in 0.454 (0.455) seconds
Test Suite 'HyperPackageTests.xctest' passed at 2026-08-27 20:18:35.022.
	 Executed 14 tests, with 0 failures (0 unexpected) in 0.454 (0.455) seconds
Test Suite 'Selected tests' passed at 2026-08-27 20:18:35.022.
	 Executed 14 tests, with 0 failures (0 unexpected) in 0.454 (0.456) seconds
◇ Test run started.
↳ Testing Library Version: 1501
↳ Target Platform: arm64e-apple-macos14.0
✔ Test run with 0 tests in 0 suites passed after 0.001 seconds.

=== fixed privacy iteration 5 ===
Test Suite 'Selected tests' started at 2026-08-27 20:18:35.523.
Test Suite 'HyperPackageTests.xctest' started at 2026-08-27 20:18:35.524.
Test Suite 'ClipboardPrivacyLifecycleTests' started at 2026-08-27 20:18:35.524.
Test Case '-[HyperTests.ClipboardPrivacyLifecycleTests testCopySourceSnapshotSurvivesSwitchingApplicationsBeforeCapture]' started.
Test Case '-[HyperTests.ClipboardPrivacyLifecycleTests testCopySourceSnapshotSurvivesSwitchingApplicationsBeforeCapture]' passed (0.015 seconds).
Test Case '-[HyperTests.ClipboardPrivacyLifecycleTests testGlobalPauseWritesNothingAndResumeDoesNotBackfillPausedContent]' started.
Test Case '-[HyperTests.ClipboardPrivacyLifecycleTests testGlobalPauseWritesNothingAndResumeDoesNotBackfillPausedContent]' passed (0.010 seconds).
Test Case '-[HyperTests.ClipboardPrivacyLifecycleTests testIgnoredCopySourceCannotLeakAcrossOneHundredImmediateAppSwitches]' started.
Test Case '-[HyperTests.ClipboardPrivacyLifecycleTests testIgnoredCopySourceCannotLeakAcrossOneHundredImmediateAppSwitches]' passed (0.012 seconds).
Test Case '-[HyperTests.ClipboardPrivacyLifecycleTests testIgnoreTextOnlyAndNoImagesRulesAreEnforcedAtCapture]' started.
Test Case '-[HyperTests.ClipboardPrivacyLifecycleTests testIgnoreTextOnlyAndNoImagesRulesAreEnforcedAtCapture]' passed (0.017 seconds).
Test Case '-[HyperTests.ClipboardPrivacyLifecycleTests testPendingSourceIsNotBorrowedByANewUnkeyedChange]' started.
Test Case '-[HyperTests.ClipboardPrivacyLifecycleTests testPendingSourceIsNotBorrowedByANewUnkeyedChange]' passed (0.003 seconds).
Test Case '-[HyperTests.ClipboardPrivacyLifecycleTests testPendingSourceRequiresExactNextChangeCountAndShortWindow]' started.
Test Case '-[HyperTests.ClipboardPrivacyLifecycleTests testPendingSourceRequiresExactNextChangeCountAndShortWindow]' passed (0.002 seconds).
Test Case '-[HyperTests.ClipboardPrivacyLifecycleTests testShutdownInvalidatesDelayedMonitorChecksBeforeFixtureRelease]' started.
Test Case '-[HyperTests.ClipboardPrivacyLifecycleTests testShutdownInvalidatesDelayedMonitorChecksBeforeFixtureRelease]' passed (0.311 seconds).
Test Case '-[HyperTests.ClipboardPrivacyLifecycleTests testShutdownQueueAndStoreShareOneHardTimeoutBudget]' started.
Test Case '-[HyperTests.ClipboardPrivacyLifecycleTests testShutdownQueueAndStoreShareOneHardTimeoutBudget]' passed (0.037 seconds).
Test Case '-[HyperTests.ClipboardPrivacyLifecycleTests testShutdownReportsIncompleteDrainWithoutRetryingForever]' started.
Test Case '-[HyperTests.ClipboardPrivacyLifecycleTests testShutdownReportsIncompleteDrainWithoutRetryingForever]' passed (0.003 seconds).
Test Case '-[HyperTests.ClipboardPrivacyLifecycleTests testShutdownReportsSuccessfulBoundedStoreDrain]' started.
Test Case '-[HyperTests.ClipboardPrivacyLifecycleTests testShutdownReportsSuccessfulBoundedStoreDrain]' passed (0.003 seconds).
Test Case '-[HyperTests.ClipboardPrivacyLifecycleTests testShutdownUsesRealStoreDrainAndReturnsOnlyAfterIndexIsDurable]' started.
Test Case '-[HyperTests.ClipboardPrivacyLifecycleTests testShutdownUsesRealStoreDrainAndReturnsOnlyAfterIndexIsDurable]' passed (0.010 seconds).
Test Case '-[HyperTests.ClipboardPrivacyLifecycleTests testStaleAllowedAndIgnoredSourcesNeverCrossApplicationBoundaryForOneHundredRounds]' started.
Test Case '-[HyperTests.ClipboardPrivacyLifecycleTests testStaleAllowedAndIgnoredSourcesNeverCrossApplicationBoundaryForOneHundredRounds]' passed (0.020 seconds).
Test Case '-[HyperTests.ClipboardPrivacyLifecycleTests testUnknownPollingSourceIsStoredWithoutFalseAttributionWhenNoRulesExist]' started.
Test Case '-[HyperTests.ClipboardPrivacyLifecycleTests testUnknownPollingSourceIsStoredWithoutFalseAttributionWhenNoRulesExist]' passed (0.010 seconds).
Test Case '-[HyperTests.ClipboardPrivacyLifecycleTests testUnknownPollingSourceUsesMostRestrictiveConfiguredRule]' started.
Test Case '-[HyperTests.ClipboardPrivacyLifecycleTests testUnknownPollingSourceUsesMostRestrictiveConfiguredRule]' passed (0.003 seconds).
Test Suite 'ClipboardPrivacyLifecycleTests' passed at 2026-08-27 20:18:35.981.
	 Executed 14 tests, with 0 failures (0 unexpected) in 0.456 (0.458) seconds
Test Suite 'HyperPackageTests.xctest' passed at 2026-08-27 20:18:35.981.
	 Executed 14 tests, with 0 failures (0 unexpected) in 0.456 (0.458) seconds
Test Suite 'Selected tests' passed at 2026-08-27 20:18:35.981.
	 Executed 14 tests, with 0 failures (0 unexpected) in 0.456 (0.459) seconds
◇ Test run started.
↳ Testing Library Version: 1501
↳ Target Platform: arm64e-apple-macos14.0
✔ Test run with 0 tests in 0 suites passed after 0.001 seconds.

=== fixed privacy iteration 6 ===
Test Suite 'Selected tests' started at 2026-08-27 20:18:36.482.
Test Suite 'HyperPackageTests.xctest' started at 2026-08-27 20:18:36.483.
Test Suite 'ClipboardPrivacyLifecycleTests' started at 2026-08-27 20:18:36.483.
Test Case '-[HyperTests.ClipboardPrivacyLifecycleTests testCopySourceSnapshotSurvivesSwitchingApplicationsBeforeCapture]' started.
Test Case '-[HyperTests.ClipboardPrivacyLifecycleTests testCopySourceSnapshotSurvivesSwitchingApplicationsBeforeCapture]' passed (0.015 seconds).
Test Case '-[HyperTests.ClipboardPrivacyLifecycleTests testGlobalPauseWritesNothingAndResumeDoesNotBackfillPausedContent]' started.
Test Case '-[HyperTests.ClipboardPrivacyLifecycleTests testGlobalPauseWritesNothingAndResumeDoesNotBackfillPausedContent]' passed (0.010 seconds).
Test Case '-[HyperTests.ClipboardPrivacyLifecycleTests testIgnoredCopySourceCannotLeakAcrossOneHundredImmediateAppSwitches]' started.
Test Case '-[HyperTests.ClipboardPrivacyLifecycleTests testIgnoredCopySourceCannotLeakAcrossOneHundredImmediateAppSwitches]' passed (0.013 seconds).
Test Case '-[HyperTests.ClipboardPrivacyLifecycleTests testIgnoreTextOnlyAndNoImagesRulesAreEnforcedAtCapture]' started.
Test Case '-[HyperTests.ClipboardPrivacyLifecycleTests testIgnoreTextOnlyAndNoImagesRulesAreEnforcedAtCapture]' passed (0.016 seconds).
Test Case '-[HyperTests.ClipboardPrivacyLifecycleTests testPendingSourceIsNotBorrowedByANewUnkeyedChange]' started.
Test Case '-[HyperTests.ClipboardPrivacyLifecycleTests testPendingSourceIsNotBorrowedByANewUnkeyedChange]' passed (0.002 seconds).
Test Case '-[HyperTests.ClipboardPrivacyLifecycleTests testPendingSourceRequiresExactNextChangeCountAndShortWindow]' started.
Test Case '-[HyperTests.ClipboardPrivacyLifecycleTests testPendingSourceRequiresExactNextChangeCountAndShortWindow]' passed (0.002 seconds).
Test Case '-[HyperTests.ClipboardPrivacyLifecycleTests testShutdownInvalidatesDelayedMonitorChecksBeforeFixtureRelease]' started.
Test Case '-[HyperTests.ClipboardPrivacyLifecycleTests testShutdownInvalidatesDelayedMonitorChecksBeforeFixtureRelease]' passed (0.309 seconds).
Test Case '-[HyperTests.ClipboardPrivacyLifecycleTests testShutdownQueueAndStoreShareOneHardTimeoutBudget]' started.
Test Case '-[HyperTests.ClipboardPrivacyLifecycleTests testShutdownQueueAndStoreShareOneHardTimeoutBudget]' passed (0.040 seconds).
Test Case '-[HyperTests.ClipboardPrivacyLifecycleTests testShutdownReportsIncompleteDrainWithoutRetryingForever]' started.
Test Case '-[HyperTests.ClipboardPrivacyLifecycleTests testShutdownReportsIncompleteDrainWithoutRetryingForever]' passed (0.003 seconds).
Test Case '-[HyperTests.ClipboardPrivacyLifecycleTests testShutdownReportsSuccessfulBoundedStoreDrain]' started.
Test Case '-[HyperTests.ClipboardPrivacyLifecycleTests testShutdownReportsSuccessfulBoundedStoreDrain]' passed (0.003 seconds).
Test Case '-[HyperTests.ClipboardPrivacyLifecycleTests testShutdownUsesRealStoreDrainAndReturnsOnlyAfterIndexIsDurable]' started.
Test Case '-[HyperTests.ClipboardPrivacyLifecycleTests testShutdownUsesRealStoreDrainAndReturnsOnlyAfterIndexIsDurable]' passed (0.010 seconds).
Test Case '-[HyperTests.ClipboardPrivacyLifecycleTests testStaleAllowedAndIgnoredSourcesNeverCrossApplicationBoundaryForOneHundredRounds]' started.
Test Case '-[HyperTests.ClipboardPrivacyLifecycleTests testStaleAllowedAndIgnoredSourcesNeverCrossApplicationBoundaryForOneHundredRounds]' passed (0.020 seconds).
Test Case '-[HyperTests.ClipboardPrivacyLifecycleTests testUnknownPollingSourceIsStoredWithoutFalseAttributionWhenNoRulesExist]' started.
Test Case '-[HyperTests.ClipboardPrivacyLifecycleTests testUnknownPollingSourceIsStoredWithoutFalseAttributionWhenNoRulesExist]' passed (0.009 seconds).
Test Case '-[HyperTests.ClipboardPrivacyLifecycleTests testUnknownPollingSourceUsesMostRestrictiveConfiguredRule]' started.
Test Case '-[HyperTests.ClipboardPrivacyLifecycleTests testUnknownPollingSourceUsesMostRestrictiveConfiguredRule]' passed (0.003 seconds).
Test Suite 'ClipboardPrivacyLifecycleTests' passed at 2026-08-27 20:18:36.942.
	 Executed 14 tests, with 0 failures (0 unexpected) in 0.457 (0.459) seconds
Test Suite 'HyperPackageTests.xctest' passed at 2026-08-27 20:18:36.942.
	 Executed 14 tests, with 0 failures (0 unexpected) in 0.457 (0.459) seconds
Test Suite 'Selected tests' passed at 2026-08-27 20:18:36.942.
	 Executed 14 tests, with 0 failures (0 unexpected) in 0.457 (0.460) seconds
◇ Test run started.
↳ Testing Library Version: 1501
↳ Target Platform: arm64e-apple-macos14.0
✔ Test run with 0 tests in 0 suites passed after 0.001 seconds.

=== fixed privacy iteration 7 ===
Test Suite 'Selected tests' started at 2026-08-27 20:18:37.429.
Test Suite 'HyperPackageTests.xctest' started at 2026-08-27 20:18:37.430.
Test Suite 'ClipboardPrivacyLifecycleTests' started at 2026-08-27 20:18:37.430.
Test Case '-[HyperTests.ClipboardPrivacyLifecycleTests testCopySourceSnapshotSurvivesSwitchingApplicationsBeforeCapture]' started.
Test Case '-[HyperTests.ClipboardPrivacyLifecycleTests testCopySourceSnapshotSurvivesSwitchingApplicationsBeforeCapture]' passed (0.013 seconds).
Test Case '-[HyperTests.ClipboardPrivacyLifecycleTests testGlobalPauseWritesNothingAndResumeDoesNotBackfillPausedContent]' started.
Test Case '-[HyperTests.ClipboardPrivacyLifecycleTests testGlobalPauseWritesNothingAndResumeDoesNotBackfillPausedContent]' passed (0.009 seconds).
Test Case '-[HyperTests.ClipboardPrivacyLifecycleTests testIgnoredCopySourceCannotLeakAcrossOneHundredImmediateAppSwitches]' started.
Test Case '-[HyperTests.ClipboardPrivacyLifecycleTests testIgnoredCopySourceCannotLeakAcrossOneHundredImmediateAppSwitches]' passed (0.012 seconds).
Test Case '-[HyperTests.ClipboardPrivacyLifecycleTests testIgnoreTextOnlyAndNoImagesRulesAreEnforcedAtCapture]' started.
Test Case '-[HyperTests.ClipboardPrivacyLifecycleTests testIgnoreTextOnlyAndNoImagesRulesAreEnforcedAtCapture]' passed (0.016 seconds).
Test Case '-[HyperTests.ClipboardPrivacyLifecycleTests testPendingSourceIsNotBorrowedByANewUnkeyedChange]' started.
Test Case '-[HyperTests.ClipboardPrivacyLifecycleTests testPendingSourceIsNotBorrowedByANewUnkeyedChange]' passed (0.002 seconds).
Test Case '-[HyperTests.ClipboardPrivacyLifecycleTests testPendingSourceRequiresExactNextChangeCountAndShortWindow]' started.
Test Case '-[HyperTests.ClipboardPrivacyLifecycleTests testPendingSourceRequiresExactNextChangeCountAndShortWindow]' passed (0.002 seconds).
Test Case '-[HyperTests.ClipboardPrivacyLifecycleTests testShutdownInvalidatesDelayedMonitorChecksBeforeFixtureRelease]' started.
Test Case '-[HyperTests.ClipboardPrivacyLifecycleTests testShutdownInvalidatesDelayedMonitorChecksBeforeFixtureRelease]' passed (0.307 seconds).
Test Case '-[HyperTests.ClipboardPrivacyLifecycleTests testShutdownQueueAndStoreShareOneHardTimeoutBudget]' started.
Test Case '-[HyperTests.ClipboardPrivacyLifecycleTests testShutdownQueueAndStoreShareOneHardTimeoutBudget]' passed (0.037 seconds).
Test Case '-[HyperTests.ClipboardPrivacyLifecycleTests testShutdownReportsIncompleteDrainWithoutRetryingForever]' started.
Test Case '-[HyperTests.ClipboardPrivacyLifecycleTests testShutdownReportsIncompleteDrainWithoutRetryingForever]' passed (0.003 seconds).
Test Case '-[HyperTests.ClipboardPrivacyLifecycleTests testShutdownReportsSuccessfulBoundedStoreDrain]' started.
Test Case '-[HyperTests.ClipboardPrivacyLifecycleTests testShutdownReportsSuccessfulBoundedStoreDrain]' passed (0.003 seconds).
Test Case '-[HyperTests.ClipboardPrivacyLifecycleTests testShutdownUsesRealStoreDrainAndReturnsOnlyAfterIndexIsDurable]' started.
Test Case '-[HyperTests.ClipboardPrivacyLifecycleTests testShutdownUsesRealStoreDrainAndReturnsOnlyAfterIndexIsDurable]' passed (0.012 seconds).
Test Case '-[HyperTests.ClipboardPrivacyLifecycleTests testStaleAllowedAndIgnoredSourcesNeverCrossApplicationBoundaryForOneHundredRounds]' started.
Test Case '-[HyperTests.ClipboardPrivacyLifecycleTests testStaleAllowedAndIgnoredSourcesNeverCrossApplicationBoundaryForOneHundredRounds]' passed (0.021 seconds).
Test Case '-[HyperTests.ClipboardPrivacyLifecycleTests testUnknownPollingSourceIsStoredWithoutFalseAttributionWhenNoRulesExist]' started.
Test Case '-[HyperTests.ClipboardPrivacyLifecycleTests testUnknownPollingSourceIsStoredWithoutFalseAttributionWhenNoRulesExist]' passed (0.010 seconds).
Test Case '-[HyperTests.ClipboardPrivacyLifecycleTests testUnknownPollingSourceUsesMostRestrictiveConfiguredRule]' started.
Test Case '-[HyperTests.ClipboardPrivacyLifecycleTests testUnknownPollingSourceUsesMostRestrictiveConfiguredRule]' passed (0.003 seconds).
Test Suite 'ClipboardPrivacyLifecycleTests' passed at 2026-08-27 20:18:37.884.
	 Executed 14 tests, with 0 failures (0 unexpected) in 0.452 (0.454) seconds
Test Suite 'HyperPackageTests.xctest' passed at 2026-08-27 20:18:37.884.
	 Executed 14 tests, with 0 failures (0 unexpected) in 0.452 (0.454) seconds
Test Suite 'Selected tests' passed at 2026-08-27 20:18:37.884.
	 Executed 14 tests, with 0 failures (0 unexpected) in 0.452 (0.455) seconds
◇ Test run started.
↳ Testing Library Version: 1501
↳ Target Platform: arm64e-apple-macos14.0
✔ Test run with 0 tests in 0 suites passed after 0.001 seconds.

=== fixed privacy iteration 8 ===
Test Suite 'Selected tests' started at 2026-08-27 20:18:38.373.
Test Suite 'HyperPackageTests.xctest' started at 2026-08-27 20:18:38.374.
Test Suite 'ClipboardPrivacyLifecycleTests' started at 2026-08-27 20:18:38.374.
Test Case '-[HyperTests.ClipboardPrivacyLifecycleTests testCopySourceSnapshotSurvivesSwitchingApplicationsBeforeCapture]' started.
Test Case '-[HyperTests.ClipboardPrivacyLifecycleTests testCopySourceSnapshotSurvivesSwitchingApplicationsBeforeCapture]' passed (0.014 seconds).
Test Case '-[HyperTests.ClipboardPrivacyLifecycleTests testGlobalPauseWritesNothingAndResumeDoesNotBackfillPausedContent]' started.
Test Case '-[HyperTests.ClipboardPrivacyLifecycleTests testGlobalPauseWritesNothingAndResumeDoesNotBackfillPausedContent]' passed (0.009 seconds).
Test Case '-[HyperTests.ClipboardPrivacyLifecycleTests testIgnoredCopySourceCannotLeakAcrossOneHundredImmediateAppSwitches]' started.
Test Case '-[HyperTests.ClipboardPrivacyLifecycleTests testIgnoredCopySourceCannotLeakAcrossOneHundredImmediateAppSwitches]' passed (0.011 seconds).
Test Case '-[HyperTests.ClipboardPrivacyLifecycleTests testIgnoreTextOnlyAndNoImagesRulesAreEnforcedAtCapture]' started.
Test Case '-[HyperTests.ClipboardPrivacyLifecycleTests testIgnoreTextOnlyAndNoImagesRulesAreEnforcedAtCapture]' passed (0.017 seconds).
Test Case '-[HyperTests.ClipboardPrivacyLifecycleTests testPendingSourceIsNotBorrowedByANewUnkeyedChange]' started.
Test Case '-[HyperTests.ClipboardPrivacyLifecycleTests testPendingSourceIsNotBorrowedByANewUnkeyedChange]' passed (0.002 seconds).
Test Case '-[HyperTests.ClipboardPrivacyLifecycleTests testPendingSourceRequiresExactNextChangeCountAndShortWindow]' started.
Test Case '-[HyperTests.ClipboardPrivacyLifecycleTests testPendingSourceRequiresExactNextChangeCountAndShortWindow]' passed (0.002 seconds).
Test Case '-[HyperTests.ClipboardPrivacyLifecycleTests testShutdownInvalidatesDelayedMonitorChecksBeforeFixtureRelease]' started.
Test Case '-[HyperTests.ClipboardPrivacyLifecycleTests testShutdownInvalidatesDelayedMonitorChecksBeforeFixtureRelease]' passed (0.309 seconds).
Test Case '-[HyperTests.ClipboardPrivacyLifecycleTests testShutdownQueueAndStoreShareOneHardTimeoutBudget]' started.
Test Case '-[HyperTests.ClipboardPrivacyLifecycleTests testShutdownQueueAndStoreShareOneHardTimeoutBudget]' passed (0.039 seconds).
Test Case '-[HyperTests.ClipboardPrivacyLifecycleTests testShutdownReportsIncompleteDrainWithoutRetryingForever]' started.
Test Case '-[HyperTests.ClipboardPrivacyLifecycleTests testShutdownReportsIncompleteDrainWithoutRetryingForever]' passed (0.003 seconds).
Test Case '-[HyperTests.ClipboardPrivacyLifecycleTests testShutdownReportsSuccessfulBoundedStoreDrain]' started.
Test Case '-[HyperTests.ClipboardPrivacyLifecycleTests testShutdownReportsSuccessfulBoundedStoreDrain]' passed (0.003 seconds).
Test Case '-[HyperTests.ClipboardPrivacyLifecycleTests testShutdownUsesRealStoreDrainAndReturnsOnlyAfterIndexIsDurable]' started.
Test Case '-[HyperTests.ClipboardPrivacyLifecycleTests testShutdownUsesRealStoreDrainAndReturnsOnlyAfterIndexIsDurable]' passed (0.011 seconds).
Test Case '-[HyperTests.ClipboardPrivacyLifecycleTests testStaleAllowedAndIgnoredSourcesNeverCrossApplicationBoundaryForOneHundredRounds]' started.
Test Case '-[HyperTests.ClipboardPrivacyLifecycleTests testStaleAllowedAndIgnoredSourcesNeverCrossApplicationBoundaryForOneHundredRounds]' passed (0.023 seconds).
Test Case '-[HyperTests.ClipboardPrivacyLifecycleTests testUnknownPollingSourceIsStoredWithoutFalseAttributionWhenNoRulesExist]' started.
Test Case '-[HyperTests.ClipboardPrivacyLifecycleTests testUnknownPollingSourceIsStoredWithoutFalseAttributionWhenNoRulesExist]' passed (0.011 seconds).
Test Case '-[HyperTests.ClipboardPrivacyLifecycleTests testUnknownPollingSourceUsesMostRestrictiveConfiguredRule]' started.
Test Case '-[HyperTests.ClipboardPrivacyLifecycleTests testUnknownPollingSourceUsesMostRestrictiveConfiguredRule]' passed (0.004 seconds).
Test Suite 'ClipboardPrivacyLifecycleTests' passed at 2026-08-27 20:18:38.832.
	 Executed 14 tests, with 0 failures (0 unexpected) in 0.457 (0.458) seconds
Test Suite 'HyperPackageTests.xctest' passed at 2026-08-27 20:18:38.832.
	 Executed 14 tests, with 0 failures (0 unexpected) in 0.457 (0.458) seconds
Test Suite 'Selected tests' passed at 2026-08-27 20:18:38.832.
	 Executed 14 tests, with 0 failures (0 unexpected) in 0.457 (0.459) seconds
◇ Test run started.
↳ Testing Library Version: 1501
↳ Target Platform: arm64e-apple-macos14.0
✔ Test run with 0 tests in 0 suites passed after 0.001 seconds.

=== fixed privacy iteration 9 ===
Test Suite 'Selected tests' started at 2026-08-27 20:18:39.323.
Test Suite 'HyperPackageTests.xctest' started at 2026-08-27 20:18:39.324.
Test Suite 'ClipboardPrivacyLifecycleTests' started at 2026-08-27 20:18:39.324.
Test Case '-[HyperTests.ClipboardPrivacyLifecycleTests testCopySourceSnapshotSurvivesSwitchingApplicationsBeforeCapture]' started.
Test Case '-[HyperTests.ClipboardPrivacyLifecycleTests testCopySourceSnapshotSurvivesSwitchingApplicationsBeforeCapture]' passed (0.015 seconds).
Test Case '-[HyperTests.ClipboardPrivacyLifecycleTests testGlobalPauseWritesNothingAndResumeDoesNotBackfillPausedContent]' started.
Test Case '-[HyperTests.ClipboardPrivacyLifecycleTests testGlobalPauseWritesNothingAndResumeDoesNotBackfillPausedContent]' passed (0.009 seconds).
Test Case '-[HyperTests.ClipboardPrivacyLifecycleTests testIgnoredCopySourceCannotLeakAcrossOneHundredImmediateAppSwitches]' started.
Test Case '-[HyperTests.ClipboardPrivacyLifecycleTests testIgnoredCopySourceCannotLeakAcrossOneHundredImmediateAppSwitches]' passed (0.011 seconds).
Test Case '-[HyperTests.ClipboardPrivacyLifecycleTests testIgnoreTextOnlyAndNoImagesRulesAreEnforcedAtCapture]' started.
Test Case '-[HyperTests.ClipboardPrivacyLifecycleTests testIgnoreTextOnlyAndNoImagesRulesAreEnforcedAtCapture]' passed (0.016 seconds).
Test Case '-[HyperTests.ClipboardPrivacyLifecycleTests testPendingSourceIsNotBorrowedByANewUnkeyedChange]' started.
Test Case '-[HyperTests.ClipboardPrivacyLifecycleTests testPendingSourceIsNotBorrowedByANewUnkeyedChange]' passed (0.002 seconds).
Test Case '-[HyperTests.ClipboardPrivacyLifecycleTests testPendingSourceRequiresExactNextChangeCountAndShortWindow]' started.
Test Case '-[HyperTests.ClipboardPrivacyLifecycleTests testPendingSourceRequiresExactNextChangeCountAndShortWindow]' passed (0.002 seconds).
Test Case '-[HyperTests.ClipboardPrivacyLifecycleTests testShutdownInvalidatesDelayedMonitorChecksBeforeFixtureRelease]' started.
Test Case '-[HyperTests.ClipboardPrivacyLifecycleTests testShutdownInvalidatesDelayedMonitorChecksBeforeFixtureRelease]' passed (0.308 seconds).
Test Case '-[HyperTests.ClipboardPrivacyLifecycleTests testShutdownQueueAndStoreShareOneHardTimeoutBudget]' started.
Test Case '-[HyperTests.ClipboardPrivacyLifecycleTests testShutdownQueueAndStoreShareOneHardTimeoutBudget]' passed (0.039 seconds).
Test Case '-[HyperTests.ClipboardPrivacyLifecycleTests testShutdownReportsIncompleteDrainWithoutRetryingForever]' started.
Test Case '-[HyperTests.ClipboardPrivacyLifecycleTests testShutdownReportsIncompleteDrainWithoutRetryingForever]' passed (0.004 seconds).
Test Case '-[HyperTests.ClipboardPrivacyLifecycleTests testShutdownReportsSuccessfulBoundedStoreDrain]' started.
Test Case '-[HyperTests.ClipboardPrivacyLifecycleTests testShutdownReportsSuccessfulBoundedStoreDrain]' passed (0.003 seconds).
Test Case '-[HyperTests.ClipboardPrivacyLifecycleTests testShutdownUsesRealStoreDrainAndReturnsOnlyAfterIndexIsDurable]' started.
Test Case '-[HyperTests.ClipboardPrivacyLifecycleTests testShutdownUsesRealStoreDrainAndReturnsOnlyAfterIndexIsDurable]' passed (0.011 seconds).
Test Case '-[HyperTests.ClipboardPrivacyLifecycleTests testStaleAllowedAndIgnoredSourcesNeverCrossApplicationBoundaryForOneHundredRounds]' started.
Test Case '-[HyperTests.ClipboardPrivacyLifecycleTests testStaleAllowedAndIgnoredSourcesNeverCrossApplicationBoundaryForOneHundredRounds]' passed (0.024 seconds).
Test Case '-[HyperTests.ClipboardPrivacyLifecycleTests testUnknownPollingSourceIsStoredWithoutFalseAttributionWhenNoRulesExist]' started.
Test Case '-[HyperTests.ClipboardPrivacyLifecycleTests testUnknownPollingSourceIsStoredWithoutFalseAttributionWhenNoRulesExist]' passed (0.011 seconds).
Test Case '-[HyperTests.ClipboardPrivacyLifecycleTests testUnknownPollingSourceUsesMostRestrictiveConfiguredRule]' started.
Test Case '-[HyperTests.ClipboardPrivacyLifecycleTests testUnknownPollingSourceUsesMostRestrictiveConfiguredRule]' passed (0.004 seconds).
Test Suite 'ClipboardPrivacyLifecycleTests' passed at 2026-08-27 20:18:39.784.
	 Executed 14 tests, with 0 failures (0 unexpected) in 0.459 (0.460) seconds
Test Suite 'HyperPackageTests.xctest' passed at 2026-08-27 20:18:39.784.
	 Executed 14 tests, with 0 failures (0 unexpected) in 0.459 (0.460) seconds
Test Suite 'Selected tests' passed at 2026-08-27 20:18:39.784.
	 Executed 14 tests, with 0 failures (0 unexpected) in 0.459 (0.461) seconds
◇ Test run started.
↳ Testing Library Version: 1501
↳ Target Platform: arm64e-apple-macos14.0
✔ Test run with 0 tests in 0 suites passed after 0.001 seconds.

=== fixed privacy iteration 10 ===
Test Suite 'Selected tests' started at 2026-08-27 20:18:40.294.
Test Suite 'HyperPackageTests.xctest' started at 2026-08-27 20:18:40.295.
Test Suite 'ClipboardPrivacyLifecycleTests' started at 2026-08-27 20:18:40.295.
Test Case '-[HyperTests.ClipboardPrivacyLifecycleTests testCopySourceSnapshotSurvivesSwitchingApplicationsBeforeCapture]' started.
Test Case '-[HyperTests.ClipboardPrivacyLifecycleTests testCopySourceSnapshotSurvivesSwitchingApplicationsBeforeCapture]' passed (0.014 seconds).
Test Case '-[HyperTests.ClipboardPrivacyLifecycleTests testGlobalPauseWritesNothingAndResumeDoesNotBackfillPausedContent]' started.
Test Case '-[HyperTests.ClipboardPrivacyLifecycleTests testGlobalPauseWritesNothingAndResumeDoesNotBackfillPausedContent]' passed (0.010 seconds).
Test Case '-[HyperTests.ClipboardPrivacyLifecycleTests testIgnoredCopySourceCannotLeakAcrossOneHundredImmediateAppSwitches]' started.
Test Case '-[HyperTests.ClipboardPrivacyLifecycleTests testIgnoredCopySourceCannotLeakAcrossOneHundredImmediateAppSwitches]' passed (0.012 seconds).
Test Case '-[HyperTests.ClipboardPrivacyLifecycleTests testIgnoreTextOnlyAndNoImagesRulesAreEnforcedAtCapture]' started.
Test Case '-[HyperTests.ClipboardPrivacyLifecycleTests testIgnoreTextOnlyAndNoImagesRulesAreEnforcedAtCapture]' passed (0.017 seconds).
Test Case '-[HyperTests.ClipboardPrivacyLifecycleTests testPendingSourceIsNotBorrowedByANewUnkeyedChange]' started.
Test Case '-[HyperTests.ClipboardPrivacyLifecycleTests testPendingSourceIsNotBorrowedByANewUnkeyedChange]' passed (0.002 seconds).
Test Case '-[HyperTests.ClipboardPrivacyLifecycleTests testPendingSourceRequiresExactNextChangeCountAndShortWindow]' started.
Test Case '-[HyperTests.ClipboardPrivacyLifecycleTests testPendingSourceRequiresExactNextChangeCountAndShortWindow]' passed (0.002 seconds).
Test Case '-[HyperTests.ClipboardPrivacyLifecycleTests testShutdownInvalidatesDelayedMonitorChecksBeforeFixtureRelease]' started.
Test Case '-[HyperTests.ClipboardPrivacyLifecycleTests testShutdownInvalidatesDelayedMonitorChecksBeforeFixtureRelease]' passed (0.309 seconds).
Test Case '-[HyperTests.ClipboardPrivacyLifecycleTests testShutdownQueueAndStoreShareOneHardTimeoutBudget]' started.
Test Case '-[HyperTests.ClipboardPrivacyLifecycleTests testShutdownQueueAndStoreShareOneHardTimeoutBudget]' passed (0.035 seconds).
Test Case '-[HyperTests.ClipboardPrivacyLifecycleTests testShutdownReportsIncompleteDrainWithoutRetryingForever]' started.
Test Case '-[HyperTests.ClipboardPrivacyLifecycleTests testShutdownReportsIncompleteDrainWithoutRetryingForever]' passed (0.003 seconds).
Test Case '-[HyperTests.ClipboardPrivacyLifecycleTests testShutdownReportsSuccessfulBoundedStoreDrain]' started.
Test Case '-[HyperTests.ClipboardPrivacyLifecycleTests testShutdownReportsSuccessfulBoundedStoreDrain]' passed (0.003 seconds).
Test Case '-[HyperTests.ClipboardPrivacyLifecycleTests testShutdownUsesRealStoreDrainAndReturnsOnlyAfterIndexIsDurable]' started.
Test Case '-[HyperTests.ClipboardPrivacyLifecycleTests testShutdownUsesRealStoreDrainAndReturnsOnlyAfterIndexIsDurable]' passed (0.011 seconds).
Test Case '-[HyperTests.ClipboardPrivacyLifecycleTests testStaleAllowedAndIgnoredSourcesNeverCrossApplicationBoundaryForOneHundredRounds]' started.
Test Case '-[HyperTests.ClipboardPrivacyLifecycleTests testStaleAllowedAndIgnoredSourcesNeverCrossApplicationBoundaryForOneHundredRounds]' passed (0.020 seconds).
Test Case '-[HyperTests.ClipboardPrivacyLifecycleTests testUnknownPollingSourceIsStoredWithoutFalseAttributionWhenNoRulesExist]' started.
Test Case '-[HyperTests.ClipboardPrivacyLifecycleTests testUnknownPollingSourceIsStoredWithoutFalseAttributionWhenNoRulesExist]' passed (0.010 seconds).
Test Case '-[HyperTests.ClipboardPrivacyLifecycleTests testUnknownPollingSourceUsesMostRestrictiveConfiguredRule]' started.
Test Case '-[HyperTests.ClipboardPrivacyLifecycleTests testUnknownPollingSourceUsesMostRestrictiveConfiguredRule]' passed (0.003 seconds).
Test Suite 'ClipboardPrivacyLifecycleTests' passed at 2026-08-27 20:18:40.747.
	 Executed 14 tests, with 0 failures (0 unexpected) in 0.451 (0.452) seconds
Test Suite 'HyperPackageTests.xctest' passed at 2026-08-27 20:18:40.747.
	 Executed 14 tests, with 0 failures (0 unexpected) in 0.451 (0.452) seconds
Test Suite 'Selected tests' passed at 2026-08-27 20:18:40.747.
	 Executed 14 tests, with 0 failures (0 unexpected) in 0.451 (0.453) seconds
◇ Test run started.
↳ Testing Library Version: 1501
↳ Target Platform: arm64e-apple-macos14.0
✔ Test run with 0 tests in 0 suites passed after 0.001 seconds.

=== fixed privacy iteration 11 ===
Test Suite 'Selected tests' started at 2026-08-27 20:18:41.248.
Test Suite 'HyperPackageTests.xctest' started at 2026-08-27 20:18:41.249.
Test Suite 'ClipboardPrivacyLifecycleTests' started at 2026-08-27 20:18:41.249.
Test Case '-[HyperTests.ClipboardPrivacyLifecycleTests testCopySourceSnapshotSurvivesSwitchingApplicationsBeforeCapture]' started.
Test Case '-[HyperTests.ClipboardPrivacyLifecycleTests testCopySourceSnapshotSurvivesSwitchingApplicationsBeforeCapture]' passed (0.014 seconds).
Test Case '-[HyperTests.ClipboardPrivacyLifecycleTests testGlobalPauseWritesNothingAndResumeDoesNotBackfillPausedContent]' started.
Test Case '-[HyperTests.ClipboardPrivacyLifecycleTests testGlobalPauseWritesNothingAndResumeDoesNotBackfillPausedContent]' passed (0.010 seconds).
Test Case '-[HyperTests.ClipboardPrivacyLifecycleTests testIgnoredCopySourceCannotLeakAcrossOneHundredImmediateAppSwitches]' started.
Test Case '-[HyperTests.ClipboardPrivacyLifecycleTests testIgnoredCopySourceCannotLeakAcrossOneHundredImmediateAppSwitches]' passed (0.013 seconds).
Test Case '-[HyperTests.ClipboardPrivacyLifecycleTests testIgnoreTextOnlyAndNoImagesRulesAreEnforcedAtCapture]' started.
Test Case '-[HyperTests.ClipboardPrivacyLifecycleTests testIgnoreTextOnlyAndNoImagesRulesAreEnforcedAtCapture]' passed (0.015 seconds).
Test Case '-[HyperTests.ClipboardPrivacyLifecycleTests testPendingSourceIsNotBorrowedByANewUnkeyedChange]' started.
Test Case '-[HyperTests.ClipboardPrivacyLifecycleTests testPendingSourceIsNotBorrowedByANewUnkeyedChange]' passed (0.002 seconds).
Test Case '-[HyperTests.ClipboardPrivacyLifecycleTests testPendingSourceRequiresExactNextChangeCountAndShortWindow]' started.
Test Case '-[HyperTests.ClipboardPrivacyLifecycleTests testPendingSourceRequiresExactNextChangeCountAndShortWindow]' passed (0.002 seconds).
Test Case '-[HyperTests.ClipboardPrivacyLifecycleTests testShutdownInvalidatesDelayedMonitorChecksBeforeFixtureRelease]' started.
Test Case '-[HyperTests.ClipboardPrivacyLifecycleTests testShutdownInvalidatesDelayedMonitorChecksBeforeFixtureRelease]' passed (0.307 seconds).
Test Case '-[HyperTests.ClipboardPrivacyLifecycleTests testShutdownQueueAndStoreShareOneHardTimeoutBudget]' started.
Test Case '-[HyperTests.ClipboardPrivacyLifecycleTests testShutdownQueueAndStoreShareOneHardTimeoutBudget]' passed (0.039 seconds).
Test Case '-[HyperTests.ClipboardPrivacyLifecycleTests testShutdownReportsIncompleteDrainWithoutRetryingForever]' started.
Test Case '-[HyperTests.ClipboardPrivacyLifecycleTests testShutdownReportsIncompleteDrainWithoutRetryingForever]' passed (0.003 seconds).
Test Case '-[HyperTests.ClipboardPrivacyLifecycleTests testShutdownReportsSuccessfulBoundedStoreDrain]' started.
Test Case '-[HyperTests.ClipboardPrivacyLifecycleTests testShutdownReportsSuccessfulBoundedStoreDrain]' passed (0.002 seconds).
Test Case '-[HyperTests.ClipboardPrivacyLifecycleTests testShutdownUsesRealStoreDrainAndReturnsOnlyAfterIndexIsDurable]' started.
Test Case '-[HyperTests.ClipboardPrivacyLifecycleTests testShutdownUsesRealStoreDrainAndReturnsOnlyAfterIndexIsDurable]' passed (0.010 seconds).
Test Case '-[HyperTests.ClipboardPrivacyLifecycleTests testStaleAllowedAndIgnoredSourcesNeverCrossApplicationBoundaryForOneHundredRounds]' started.
Test Case '-[HyperTests.ClipboardPrivacyLifecycleTests testStaleAllowedAndIgnoredSourcesNeverCrossApplicationBoundaryForOneHundredRounds]' passed (0.020 seconds).
Test Case '-[HyperTests.ClipboardPrivacyLifecycleTests testUnknownPollingSourceIsStoredWithoutFalseAttributionWhenNoRulesExist]' started.
Test Case '-[HyperTests.ClipboardPrivacyLifecycleTests testUnknownPollingSourceIsStoredWithoutFalseAttributionWhenNoRulesExist]' passed (0.010 seconds).
Test Case '-[HyperTests.ClipboardPrivacyLifecycleTests testUnknownPollingSourceUsesMostRestrictiveConfiguredRule]' started.
Test Case '-[HyperTests.ClipboardPrivacyLifecycleTests testUnknownPollingSourceUsesMostRestrictiveConfiguredRule]' passed (0.003 seconds).
Test Suite 'ClipboardPrivacyLifecycleTests' passed at 2026-08-27 20:18:41.701.
	 Executed 14 tests, with 0 failures (0 unexpected) in 0.451 (0.452) seconds
Test Suite 'HyperPackageTests.xctest' passed at 2026-08-27 20:18:41.701.
	 Executed 14 tests, with 0 failures (0 unexpected) in 0.451 (0.452) seconds
Test Suite 'Selected tests' passed at 2026-08-27 20:18:41.701.
	 Executed 14 tests, with 0 failures (0 unexpected) in 0.451 (0.453) seconds
◇ Test run started.
↳ Testing Library Version: 1501
↳ Target Platform: arm64e-apple-macos14.0
✔ Test run with 0 tests in 0 suites passed after 0.001 seconds.

=== fixed privacy iteration 12 ===
Test Suite 'Selected tests' started at 2026-08-27 20:18:42.205.
Test Suite 'HyperPackageTests.xctest' started at 2026-08-27 20:18:42.206.
Test Suite 'ClipboardPrivacyLifecycleTests' started at 2026-08-27 20:18:42.206.
Test Case '-[HyperTests.ClipboardPrivacyLifecycleTests testCopySourceSnapshotSurvivesSwitchingApplicationsBeforeCapture]' started.
Test Case '-[HyperTests.ClipboardPrivacyLifecycleTests testCopySourceSnapshotSurvivesSwitchingApplicationsBeforeCapture]' passed (0.015 seconds).
Test Case '-[HyperTests.ClipboardPrivacyLifecycleTests testGlobalPauseWritesNothingAndResumeDoesNotBackfillPausedContent]' started.
Test Case '-[HyperTests.ClipboardPrivacyLifecycleTests testGlobalPauseWritesNothingAndResumeDoesNotBackfillPausedContent]' passed (0.011 seconds).
Test Case '-[HyperTests.ClipboardPrivacyLifecycleTests testIgnoredCopySourceCannotLeakAcrossOneHundredImmediateAppSwitches]' started.
Test Case '-[HyperTests.ClipboardPrivacyLifecycleTests testIgnoredCopySourceCannotLeakAcrossOneHundredImmediateAppSwitches]' passed (0.014 seconds).
Test Case '-[HyperTests.ClipboardPrivacyLifecycleTests testIgnoreTextOnlyAndNoImagesRulesAreEnforcedAtCapture]' started.
Test Case '-[HyperTests.ClipboardPrivacyLifecycleTests testIgnoreTextOnlyAndNoImagesRulesAreEnforcedAtCapture]' passed (0.019 seconds).
Test Case '-[HyperTests.ClipboardPrivacyLifecycleTests testPendingSourceIsNotBorrowedByANewUnkeyedChange]' started.
Test Case '-[HyperTests.ClipboardPrivacyLifecycleTests testPendingSourceIsNotBorrowedByANewUnkeyedChange]' passed (0.003 seconds).
Test Case '-[HyperTests.ClipboardPrivacyLifecycleTests testPendingSourceRequiresExactNextChangeCountAndShortWindow]' started.
Test Case '-[HyperTests.ClipboardPrivacyLifecycleTests testPendingSourceRequiresExactNextChangeCountAndShortWindow]' passed (0.003 seconds).
Test Case '-[HyperTests.ClipboardPrivacyLifecycleTests testShutdownInvalidatesDelayedMonitorChecksBeforeFixtureRelease]' started.
Test Case '-[HyperTests.ClipboardPrivacyLifecycleTests testShutdownInvalidatesDelayedMonitorChecksBeforeFixtureRelease]' passed (0.309 seconds).
Test Case '-[HyperTests.ClipboardPrivacyLifecycleTests testShutdownQueueAndStoreShareOneHardTimeoutBudget]' started.
Test Case '-[HyperTests.ClipboardPrivacyLifecycleTests testShutdownQueueAndStoreShareOneHardTimeoutBudget]' passed (0.035 seconds).
Test Case '-[HyperTests.ClipboardPrivacyLifecycleTests testShutdownReportsIncompleteDrainWithoutRetryingForever]' started.
Test Case '-[HyperTests.ClipboardPrivacyLifecycleTests testShutdownReportsIncompleteDrainWithoutRetryingForever]' passed (0.003 seconds).
Test Case '-[HyperTests.ClipboardPrivacyLifecycleTests testShutdownReportsSuccessfulBoundedStoreDrain]' started.
Test Case '-[HyperTests.ClipboardPrivacyLifecycleTests testShutdownReportsSuccessfulBoundedStoreDrain]' passed (0.003 seconds).
Test Case '-[HyperTests.ClipboardPrivacyLifecycleTests testShutdownUsesRealStoreDrainAndReturnsOnlyAfterIndexIsDurable]' started.
Test Case '-[HyperTests.ClipboardPrivacyLifecycleTests testShutdownUsesRealStoreDrainAndReturnsOnlyAfterIndexIsDurable]' passed (0.010 seconds).
Test Case '-[HyperTests.ClipboardPrivacyLifecycleTests testStaleAllowedAndIgnoredSourcesNeverCrossApplicationBoundaryForOneHundredRounds]' started.
Test Case '-[HyperTests.ClipboardPrivacyLifecycleTests testStaleAllowedAndIgnoredSourcesNeverCrossApplicationBoundaryForOneHundredRounds]' passed (0.021 seconds).
Test Case '-[HyperTests.ClipboardPrivacyLifecycleTests testUnknownPollingSourceIsStoredWithoutFalseAttributionWhenNoRulesExist]' started.
Test Case '-[HyperTests.ClipboardPrivacyLifecycleTests testUnknownPollingSourceIsStoredWithoutFalseAttributionWhenNoRulesExist]' passed (0.011 seconds).
Test Case '-[HyperTests.ClipboardPrivacyLifecycleTests testUnknownPollingSourceUsesMostRestrictiveConfiguredRule]' started.
Test Case '-[HyperTests.ClipboardPrivacyLifecycleTests testUnknownPollingSourceUsesMostRestrictiveConfiguredRule]' passed (0.003 seconds).
Test Suite 'ClipboardPrivacyLifecycleTests' passed at 2026-08-27 20:18:42.667.
	 Executed 14 tests, with 0 failures (0 unexpected) in 0.459 (0.461) seconds
Test Suite 'HyperPackageTests.xctest' passed at 2026-08-27 20:18:42.667.
	 Executed 14 tests, with 0 failures (0 unexpected) in 0.459 (0.461) seconds
Test Suite 'Selected tests' passed at 2026-08-27 20:18:42.667.
	 Executed 14 tests, with 0 failures (0 unexpected) in 0.459 (0.462) seconds
◇ Test run started.
↳ Testing Library Version: 1501
↳ Target Platform: arm64e-apple-macos14.0
✔ Test run with 0 tests in 0 suites passed after 0.001 seconds.

=== fixed privacy iteration 13 ===
Test Suite 'Selected tests' started at 2026-08-27 20:18:43.182.
Test Suite 'HyperPackageTests.xctest' started at 2026-08-27 20:18:43.183.
Test Suite 'ClipboardPrivacyLifecycleTests' started at 2026-08-27 20:18:43.183.
Test Case '-[HyperTests.ClipboardPrivacyLifecycleTests testCopySourceSnapshotSurvivesSwitchingApplicationsBeforeCapture]' started.
Test Case '-[HyperTests.ClipboardPrivacyLifecycleTests testCopySourceSnapshotSurvivesSwitchingApplicationsBeforeCapture]' passed (0.015 seconds).
Test Case '-[HyperTests.ClipboardPrivacyLifecycleTests testGlobalPauseWritesNothingAndResumeDoesNotBackfillPausedContent]' started.
Test Case '-[HyperTests.ClipboardPrivacyLifecycleTests testGlobalPauseWritesNothingAndResumeDoesNotBackfillPausedContent]' passed (0.010 seconds).
Test Case '-[HyperTests.ClipboardPrivacyLifecycleTests testIgnoredCopySourceCannotLeakAcrossOneHundredImmediateAppSwitches]' started.
Test Case '-[HyperTests.ClipboardPrivacyLifecycleTests testIgnoredCopySourceCannotLeakAcrossOneHundredImmediateAppSwitches]' passed (0.014 seconds).
Test Case '-[HyperTests.ClipboardPrivacyLifecycleTests testIgnoreTextOnlyAndNoImagesRulesAreEnforcedAtCapture]' started.
Test Case '-[HyperTests.ClipboardPrivacyLifecycleTests testIgnoreTextOnlyAndNoImagesRulesAreEnforcedAtCapture]' passed (0.017 seconds).
Test Case '-[HyperTests.ClipboardPrivacyLifecycleTests testPendingSourceIsNotBorrowedByANewUnkeyedChange]' started.
Test Case '-[HyperTests.ClipboardPrivacyLifecycleTests testPendingSourceIsNotBorrowedByANewUnkeyedChange]' passed (0.003 seconds).
Test Case '-[HyperTests.ClipboardPrivacyLifecycleTests testPendingSourceRequiresExactNextChangeCountAndShortWindow]' started.
Test Case '-[HyperTests.ClipboardPrivacyLifecycleTests testPendingSourceRequiresExactNextChangeCountAndShortWindow]' passed (0.002 seconds).
Test Case '-[HyperTests.ClipboardPrivacyLifecycleTests testShutdownInvalidatesDelayedMonitorChecksBeforeFixtureRelease]' started.
Test Case '-[HyperTests.ClipboardPrivacyLifecycleTests testShutdownInvalidatesDelayedMonitorChecksBeforeFixtureRelease]' passed (0.308 seconds).
Test Case '-[HyperTests.ClipboardPrivacyLifecycleTests testShutdownQueueAndStoreShareOneHardTimeoutBudget]' started.
Test Case '-[HyperTests.ClipboardPrivacyLifecycleTests testShutdownQueueAndStoreShareOneHardTimeoutBudget]' passed (0.040 seconds).
Test Case '-[HyperTests.ClipboardPrivacyLifecycleTests testShutdownReportsIncompleteDrainWithoutRetryingForever]' started.
Test Case '-[HyperTests.ClipboardPrivacyLifecycleTests testShutdownReportsIncompleteDrainWithoutRetryingForever]' passed (0.003 seconds).
Test Case '-[HyperTests.ClipboardPrivacyLifecycleTests testShutdownReportsSuccessfulBoundedStoreDrain]' started.
Test Case '-[HyperTests.ClipboardPrivacyLifecycleTests testShutdownReportsSuccessfulBoundedStoreDrain]' passed (0.004 seconds).
Test Case '-[HyperTests.ClipboardPrivacyLifecycleTests testShutdownUsesRealStoreDrainAndReturnsOnlyAfterIndexIsDurable]' started.
Test Case '-[HyperTests.ClipboardPrivacyLifecycleTests testShutdownUsesRealStoreDrainAndReturnsOnlyAfterIndexIsDurable]' passed (0.011 seconds).
Test Case '-[HyperTests.ClipboardPrivacyLifecycleTests testStaleAllowedAndIgnoredSourcesNeverCrossApplicationBoundaryForOneHundredRounds]' started.
Test Case '-[HyperTests.ClipboardPrivacyLifecycleTests testStaleAllowedAndIgnoredSourcesNeverCrossApplicationBoundaryForOneHundredRounds]' passed (0.021 seconds).
Test Case '-[HyperTests.ClipboardPrivacyLifecycleTests testUnknownPollingSourceIsStoredWithoutFalseAttributionWhenNoRulesExist]' started.
Test Case '-[HyperTests.ClipboardPrivacyLifecycleTests testUnknownPollingSourceIsStoredWithoutFalseAttributionWhenNoRulesExist]' passed (0.011 seconds).
Test Case '-[HyperTests.ClipboardPrivacyLifecycleTests testUnknownPollingSourceUsesMostRestrictiveConfiguredRule]' started.
Test Case '-[HyperTests.ClipboardPrivacyLifecycleTests testUnknownPollingSourceUsesMostRestrictiveConfiguredRule]' passed (0.003 seconds).
Test Suite 'ClipboardPrivacyLifecycleTests' passed at 2026-08-27 20:18:43.644.
	 Executed 14 tests, with 0 failures (0 unexpected) in 0.460 (0.461) seconds
Test Suite 'HyperPackageTests.xctest' passed at 2026-08-27 20:18:43.644.
	 Executed 14 tests, with 0 failures (0 unexpected) in 0.460 (0.461) seconds
Test Suite 'Selected tests' passed at 2026-08-27 20:18:43.644.
	 Executed 14 tests, with 0 failures (0 unexpected) in 0.460 (0.463) seconds
◇ Test run started.
↳ Testing Library Version: 1501
↳ Target Platform: arm64e-apple-macos14.0
✔ Test run with 0 tests in 0 suites passed after 0.001 seconds.

=== fixed privacy iteration 14 ===
Test Suite 'Selected tests' started at 2026-08-27 20:18:44.164.
Test Suite 'HyperPackageTests.xctest' started at 2026-08-27 20:18:44.165.
Test Suite 'ClipboardPrivacyLifecycleTests' started at 2026-08-27 20:18:44.165.
Test Case '-[HyperTests.ClipboardPrivacyLifecycleTests testCopySourceSnapshotSurvivesSwitchingApplicationsBeforeCapture]' started.
Test Case '-[HyperTests.ClipboardPrivacyLifecycleTests testCopySourceSnapshotSurvivesSwitchingApplicationsBeforeCapture]' passed (0.017 seconds).
Test Case '-[HyperTests.ClipboardPrivacyLifecycleTests testGlobalPauseWritesNothingAndResumeDoesNotBackfillPausedContent]' started.
Test Case '-[HyperTests.ClipboardPrivacyLifecycleTests testGlobalPauseWritesNothingAndResumeDoesNotBackfillPausedContent]' passed (0.011 seconds).
Test Case '-[HyperTests.ClipboardPrivacyLifecycleTests testIgnoredCopySourceCannotLeakAcrossOneHundredImmediateAppSwitches]' started.
Test Case '-[HyperTests.ClipboardPrivacyLifecycleTests testIgnoredCopySourceCannotLeakAcrossOneHundredImmediateAppSwitches]' passed (0.013 seconds).
Test Case '-[HyperTests.ClipboardPrivacyLifecycleTests testIgnoreTextOnlyAndNoImagesRulesAreEnforcedAtCapture]' started.
Test Case '-[HyperTests.ClipboardPrivacyLifecycleTests testIgnoreTextOnlyAndNoImagesRulesAreEnforcedAtCapture]' passed (0.017 seconds).
Test Case '-[HyperTests.ClipboardPrivacyLifecycleTests testPendingSourceIsNotBorrowedByANewUnkeyedChange]' started.
Test Case '-[HyperTests.ClipboardPrivacyLifecycleTests testPendingSourceIsNotBorrowedByANewUnkeyedChange]' passed (0.002 seconds).
Test Case '-[HyperTests.ClipboardPrivacyLifecycleTests testPendingSourceRequiresExactNextChangeCountAndShortWindow]' started.
Test Case '-[HyperTests.ClipboardPrivacyLifecycleTests testPendingSourceRequiresExactNextChangeCountAndShortWindow]' passed (0.002 seconds).
Test Case '-[HyperTests.ClipboardPrivacyLifecycleTests testShutdownInvalidatesDelayedMonitorChecksBeforeFixtureRelease]' started.
Test Case '-[HyperTests.ClipboardPrivacyLifecycleTests testShutdownInvalidatesDelayedMonitorChecksBeforeFixtureRelease]' passed (0.309 seconds).
Test Case '-[HyperTests.ClipboardPrivacyLifecycleTests testShutdownQueueAndStoreShareOneHardTimeoutBudget]' started.
Test Case '-[HyperTests.ClipboardPrivacyLifecycleTests testShutdownQueueAndStoreShareOneHardTimeoutBudget]' passed (0.036 seconds).
Test Case '-[HyperTests.ClipboardPrivacyLifecycleTests testShutdownReportsIncompleteDrainWithoutRetryingForever]' started.
Test Case '-[HyperTests.ClipboardPrivacyLifecycleTests testShutdownReportsIncompleteDrainWithoutRetryingForever]' passed (0.003 seconds).
Test Case '-[HyperTests.ClipboardPrivacyLifecycleTests testShutdownReportsSuccessfulBoundedStoreDrain]' started.
Test Case '-[HyperTests.ClipboardPrivacyLifecycleTests testShutdownReportsSuccessfulBoundedStoreDrain]' passed (0.002 seconds).
Test Case '-[HyperTests.ClipboardPrivacyLifecycleTests testShutdownUsesRealStoreDrainAndReturnsOnlyAfterIndexIsDurable]' started.
Test Case '-[HyperTests.ClipboardPrivacyLifecycleTests testShutdownUsesRealStoreDrainAndReturnsOnlyAfterIndexIsDurable]' passed (0.010 seconds).
Test Case '-[HyperTests.ClipboardPrivacyLifecycleTests testStaleAllowedAndIgnoredSourcesNeverCrossApplicationBoundaryForOneHundredRounds]' started.
Test Case '-[HyperTests.ClipboardPrivacyLifecycleTests testStaleAllowedAndIgnoredSourcesNeverCrossApplicationBoundaryForOneHundredRounds]' passed (0.019 seconds).
Test Case '-[HyperTests.ClipboardPrivacyLifecycleTests testUnknownPollingSourceIsStoredWithoutFalseAttributionWhenNoRulesExist]' started.
Test Case '-[HyperTests.ClipboardPrivacyLifecycleTests testUnknownPollingSourceIsStoredWithoutFalseAttributionWhenNoRulesExist]' passed (0.010 seconds).
Test Case '-[HyperTests.ClipboardPrivacyLifecycleTests testUnknownPollingSourceUsesMostRestrictiveConfiguredRule]' started.
Test Case '-[HyperTests.ClipboardPrivacyLifecycleTests testUnknownPollingSourceUsesMostRestrictiveConfiguredRule]' passed (0.003 seconds).
Test Suite 'ClipboardPrivacyLifecycleTests' passed at 2026-08-27 20:18:44.618.
	 Executed 14 tests, with 0 failures (0 unexpected) in 0.453 (0.454) seconds
Test Suite 'HyperPackageTests.xctest' passed at 2026-08-27 20:18:44.619.
	 Executed 14 tests, with 0 failures (0 unexpected) in 0.453 (0.454) seconds
Test Suite 'Selected tests' passed at 2026-08-27 20:18:44.619.
	 Executed 14 tests, with 0 failures (0 unexpected) in 0.453 (0.455) seconds
◇ Test run started.
↳ Testing Library Version: 1501
↳ Target Platform: arm64e-apple-macos14.0
✔ Test run with 0 tests in 0 suites passed after 0.001 seconds.

=== fixed privacy iteration 15 ===
Test Suite 'Selected tests' started at 2026-08-27 20:18:45.125.
Test Suite 'HyperPackageTests.xctest' started at 2026-08-27 20:18:45.126.
Test Suite 'ClipboardPrivacyLifecycleTests' started at 2026-08-27 20:18:45.126.
Test Case '-[HyperTests.ClipboardPrivacyLifecycleTests testCopySourceSnapshotSurvivesSwitchingApplicationsBeforeCapture]' started.
Test Case '-[HyperTests.ClipboardPrivacyLifecycleTests testCopySourceSnapshotSurvivesSwitchingApplicationsBeforeCapture]' passed (0.015 seconds).
Test Case '-[HyperTests.ClipboardPrivacyLifecycleTests testGlobalPauseWritesNothingAndResumeDoesNotBackfillPausedContent]' started.
Test Case '-[HyperTests.ClipboardPrivacyLifecycleTests testGlobalPauseWritesNothingAndResumeDoesNotBackfillPausedContent]' passed (0.010 seconds).
Test Case '-[HyperTests.ClipboardPrivacyLifecycleTests testIgnoredCopySourceCannotLeakAcrossOneHundredImmediateAppSwitches]' started.
Test Case '-[HyperTests.ClipboardPrivacyLifecycleTests testIgnoredCopySourceCannotLeakAcrossOneHundredImmediateAppSwitches]' passed (0.012 seconds).
Test Case '-[HyperTests.ClipboardPrivacyLifecycleTests testIgnoreTextOnlyAndNoImagesRulesAreEnforcedAtCapture]' started.
Test Case '-[HyperTests.ClipboardPrivacyLifecycleTests testIgnoreTextOnlyAndNoImagesRulesAreEnforcedAtCapture]' passed (0.017 seconds).
Test Case '-[HyperTests.ClipboardPrivacyLifecycleTests testPendingSourceIsNotBorrowedByANewUnkeyedChange]' started.
Test Case '-[HyperTests.ClipboardPrivacyLifecycleTests testPendingSourceIsNotBorrowedByANewUnkeyedChange]' passed (0.002 seconds).
Test Case '-[HyperTests.ClipboardPrivacyLifecycleTests testPendingSourceRequiresExactNextChangeCountAndShortWindow]' started.
Test Case '-[HyperTests.ClipboardPrivacyLifecycleTests testPendingSourceRequiresExactNextChangeCountAndShortWindow]' passed (0.002 seconds).
Test Case '-[HyperTests.ClipboardPrivacyLifecycleTests testShutdownInvalidatesDelayedMonitorChecksBeforeFixtureRelease]' started.
Test Case '-[HyperTests.ClipboardPrivacyLifecycleTests testShutdownInvalidatesDelayedMonitorChecksBeforeFixtureRelease]' passed (0.308 seconds).
Test Case '-[HyperTests.ClipboardPrivacyLifecycleTests testShutdownQueueAndStoreShareOneHardTimeoutBudget]' started.
Test Case '-[HyperTests.ClipboardPrivacyLifecycleTests testShutdownQueueAndStoreShareOneHardTimeoutBudget]' passed (0.036 seconds).
Test Case '-[HyperTests.ClipboardPrivacyLifecycleTests testShutdownReportsIncompleteDrainWithoutRetryingForever]' started.
Test Case '-[HyperTests.ClipboardPrivacyLifecycleTests testShutdownReportsIncompleteDrainWithoutRetryingForever]' passed (0.003 seconds).
Test Case '-[HyperTests.ClipboardPrivacyLifecycleTests testShutdownReportsSuccessfulBoundedStoreDrain]' started.
Test Case '-[HyperTests.ClipboardPrivacyLifecycleTests testShutdownReportsSuccessfulBoundedStoreDrain]' passed (0.003 seconds).
Test Case '-[HyperTests.ClipboardPrivacyLifecycleTests testShutdownUsesRealStoreDrainAndReturnsOnlyAfterIndexIsDurable]' started.
Test Case '-[HyperTests.ClipboardPrivacyLifecycleTests testShutdownUsesRealStoreDrainAndReturnsOnlyAfterIndexIsDurable]' passed (0.010 seconds).
Test Case '-[HyperTests.ClipboardPrivacyLifecycleTests testStaleAllowedAndIgnoredSourcesNeverCrossApplicationBoundaryForOneHundredRounds]' started.
Test Case '-[HyperTests.ClipboardPrivacyLifecycleTests testStaleAllowedAndIgnoredSourcesNeverCrossApplicationBoundaryForOneHundredRounds]' passed (0.020 seconds).
Test Case '-[HyperTests.ClipboardPrivacyLifecycleTests testUnknownPollingSourceIsStoredWithoutFalseAttributionWhenNoRulesExist]' started.
Test Case '-[HyperTests.ClipboardPrivacyLifecycleTests testUnknownPollingSourceIsStoredWithoutFalseAttributionWhenNoRulesExist]' passed (0.009 seconds).
Test Case '-[HyperTests.ClipboardPrivacyLifecycleTests testUnknownPollingSourceUsesMostRestrictiveConfiguredRule]' started.
Test Case '-[HyperTests.ClipboardPrivacyLifecycleTests testUnknownPollingSourceUsesMostRestrictiveConfiguredRule]' passed (0.003 seconds).
Test Suite 'ClipboardPrivacyLifecycleTests' passed at 2026-08-27 20:18:45.578.
	 Executed 14 tests, with 0 failures (0 unexpected) in 0.450 (0.451) seconds
Test Suite 'HyperPackageTests.xctest' passed at 2026-08-27 20:18:45.578.
	 Executed 14 tests, with 0 failures (0 unexpected) in 0.450 (0.451) seconds
Test Suite 'Selected tests' passed at 2026-08-27 20:18:45.578.
	 Executed 14 tests, with 0 failures (0 unexpected) in 0.450 (0.452) seconds
◇ Test run started.
↳ Testing Library Version: 1501
↳ Target Platform: arm64e-apple-macos14.0
✔ Test run with 0 tests in 0 suites passed after 0.001 seconds.

=== fixed privacy iteration 16 ===
Test Suite 'Selected tests' started at 2026-08-27 20:18:46.080.
Test Suite 'HyperPackageTests.xctest' started at 2026-08-27 20:18:46.082.
Test Suite 'ClipboardPrivacyLifecycleTests' started at 2026-08-27 20:18:46.082.
Test Case '-[HyperTests.ClipboardPrivacyLifecycleTests testCopySourceSnapshotSurvivesSwitchingApplicationsBeforeCapture]' started.
Test Case '-[HyperTests.ClipboardPrivacyLifecycleTests testCopySourceSnapshotSurvivesSwitchingApplicationsBeforeCapture]' passed (0.015 seconds).
Test Case '-[HyperTests.ClipboardPrivacyLifecycleTests testGlobalPauseWritesNothingAndResumeDoesNotBackfillPausedContent]' started.
Test Case '-[HyperTests.ClipboardPrivacyLifecycleTests testGlobalPauseWritesNothingAndResumeDoesNotBackfillPausedContent]' passed (0.011 seconds).
Test Case '-[HyperTests.ClipboardPrivacyLifecycleTests testIgnoredCopySourceCannotLeakAcrossOneHundredImmediateAppSwitches]' started.
Test Case '-[HyperTests.ClipboardPrivacyLifecycleTests testIgnoredCopySourceCannotLeakAcrossOneHundredImmediateAppSwitches]' passed (0.012 seconds).
Test Case '-[HyperTests.ClipboardPrivacyLifecycleTests testIgnoreTextOnlyAndNoImagesRulesAreEnforcedAtCapture]' started.
Test Case '-[HyperTests.ClipboardPrivacyLifecycleTests testIgnoreTextOnlyAndNoImagesRulesAreEnforcedAtCapture]' passed (0.016 seconds).
Test Case '-[HyperTests.ClipboardPrivacyLifecycleTests testPendingSourceIsNotBorrowedByANewUnkeyedChange]' started.
Test Case '-[HyperTests.ClipboardPrivacyLifecycleTests testPendingSourceIsNotBorrowedByANewUnkeyedChange]' passed (0.002 seconds).
Test Case '-[HyperTests.ClipboardPrivacyLifecycleTests testPendingSourceRequiresExactNextChangeCountAndShortWindow]' started.
Test Case '-[HyperTests.ClipboardPrivacyLifecycleTests testPendingSourceRequiresExactNextChangeCountAndShortWindow]' passed (0.003 seconds).
Test Case '-[HyperTests.ClipboardPrivacyLifecycleTests testShutdownInvalidatesDelayedMonitorChecksBeforeFixtureRelease]' started.
Test Case '-[HyperTests.ClipboardPrivacyLifecycleTests testShutdownInvalidatesDelayedMonitorChecksBeforeFixtureRelease]' passed (0.308 seconds).
Test Case '-[HyperTests.ClipboardPrivacyLifecycleTests testShutdownQueueAndStoreShareOneHardTimeoutBudget]' started.
Test Case '-[HyperTests.ClipboardPrivacyLifecycleTests testShutdownQueueAndStoreShareOneHardTimeoutBudget]' passed (0.038 seconds).
Test Case '-[HyperTests.ClipboardPrivacyLifecycleTests testShutdownReportsIncompleteDrainWithoutRetryingForever]' started.
Test Case '-[HyperTests.ClipboardPrivacyLifecycleTests testShutdownReportsIncompleteDrainWithoutRetryingForever]' passed (0.003 seconds).
Test Case '-[HyperTests.ClipboardPrivacyLifecycleTests testShutdownReportsSuccessfulBoundedStoreDrain]' started.
Test Case '-[HyperTests.ClipboardPrivacyLifecycleTests testShutdownReportsSuccessfulBoundedStoreDrain]' passed (0.003 seconds).
Test Case '-[HyperTests.ClipboardPrivacyLifecycleTests testShutdownUsesRealStoreDrainAndReturnsOnlyAfterIndexIsDurable]' started.
Test Case '-[HyperTests.ClipboardPrivacyLifecycleTests testShutdownUsesRealStoreDrainAndReturnsOnlyAfterIndexIsDurable]' passed (0.009 seconds).
Test Case '-[HyperTests.ClipboardPrivacyLifecycleTests testStaleAllowedAndIgnoredSourcesNeverCrossApplicationBoundaryForOneHundredRounds]' started.
Test Case '-[HyperTests.ClipboardPrivacyLifecycleTests testStaleAllowedAndIgnoredSourcesNeverCrossApplicationBoundaryForOneHundredRounds]' passed (0.021 seconds).
Test Case '-[HyperTests.ClipboardPrivacyLifecycleTests testUnknownPollingSourceIsStoredWithoutFalseAttributionWhenNoRulesExist]' started.
Test Case '-[HyperTests.ClipboardPrivacyLifecycleTests testUnknownPollingSourceIsStoredWithoutFalseAttributionWhenNoRulesExist]' passed (0.010 seconds).
Test Case '-[HyperTests.ClipboardPrivacyLifecycleTests testUnknownPollingSourceUsesMostRestrictiveConfiguredRule]' started.
Test Case '-[HyperTests.ClipboardPrivacyLifecycleTests testUnknownPollingSourceUsesMostRestrictiveConfiguredRule]' passed (0.003 seconds).
Test Suite 'ClipboardPrivacyLifecycleTests' passed at 2026-08-27 20:18:46.537.
	 Executed 14 tests, with 0 failures (0 unexpected) in 0.454 (0.456) seconds
Test Suite 'HyperPackageTests.xctest' passed at 2026-08-27 20:18:46.537.
	 Executed 14 tests, with 0 failures (0 unexpected) in 0.454 (0.456) seconds
Test Suite 'Selected tests' passed at 2026-08-27 20:18:46.537.
	 Executed 14 tests, with 0 failures (0 unexpected) in 0.454 (0.457) seconds
◇ Test run started.
↳ Testing Library Version: 1501
↳ Target Platform: arm64e-apple-macos14.0
✔ Test run with 0 tests in 0 suites passed after 0.001 seconds.

=== fixed privacy iteration 17 ===
Test Suite 'Selected tests' started at 2026-08-27 20:18:47.031.
Test Suite 'HyperPackageTests.xctest' started at 2026-08-27 20:18:47.033.
Test Suite 'ClipboardPrivacyLifecycleTests' started at 2026-08-27 20:18:47.033.
Test Case '-[HyperTests.ClipboardPrivacyLifecycleTests testCopySourceSnapshotSurvivesSwitchingApplicationsBeforeCapture]' started.
Test Case '-[HyperTests.ClipboardPrivacyLifecycleTests testCopySourceSnapshotSurvivesSwitchingApplicationsBeforeCapture]' passed (0.015 seconds).
Test Case '-[HyperTests.ClipboardPrivacyLifecycleTests testGlobalPauseWritesNothingAndResumeDoesNotBackfillPausedContent]' started.
Test Case '-[HyperTests.ClipboardPrivacyLifecycleTests testGlobalPauseWritesNothingAndResumeDoesNotBackfillPausedContent]' passed (0.010 seconds).
Test Case '-[HyperTests.ClipboardPrivacyLifecycleTests testIgnoredCopySourceCannotLeakAcrossOneHundredImmediateAppSwitches]' started.
Test Case '-[HyperTests.ClipboardPrivacyLifecycleTests testIgnoredCopySourceCannotLeakAcrossOneHundredImmediateAppSwitches]' passed (0.013 seconds).
Test Case '-[HyperTests.ClipboardPrivacyLifecycleTests testIgnoreTextOnlyAndNoImagesRulesAreEnforcedAtCapture]' started.
Test Case '-[HyperTests.ClipboardPrivacyLifecycleTests testIgnoreTextOnlyAndNoImagesRulesAreEnforcedAtCapture]' passed (0.018 seconds).
Test Case '-[HyperTests.ClipboardPrivacyLifecycleTests testPendingSourceIsNotBorrowedByANewUnkeyedChange]' started.
Test Case '-[HyperTests.ClipboardPrivacyLifecycleTests testPendingSourceIsNotBorrowedByANewUnkeyedChange]' passed (0.003 seconds).
Test Case '-[HyperTests.ClipboardPrivacyLifecycleTests testPendingSourceRequiresExactNextChangeCountAndShortWindow]' started.
Test Case '-[HyperTests.ClipboardPrivacyLifecycleTests testPendingSourceRequiresExactNextChangeCountAndShortWindow]' passed (0.003 seconds).
Test Case '-[HyperTests.ClipboardPrivacyLifecycleTests testShutdownInvalidatesDelayedMonitorChecksBeforeFixtureRelease]' started.
Test Case '-[HyperTests.ClipboardPrivacyLifecycleTests testShutdownInvalidatesDelayedMonitorChecksBeforeFixtureRelease]' passed (0.308 seconds).
Test Case '-[HyperTests.ClipboardPrivacyLifecycleTests testShutdownQueueAndStoreShareOneHardTimeoutBudget]' started.
Test Case '-[HyperTests.ClipboardPrivacyLifecycleTests testShutdownQueueAndStoreShareOneHardTimeoutBudget]' passed (0.039 seconds).
Test Case '-[HyperTests.ClipboardPrivacyLifecycleTests testShutdownReportsIncompleteDrainWithoutRetryingForever]' started.
Test Case '-[HyperTests.ClipboardPrivacyLifecycleTests testShutdownReportsIncompleteDrainWithoutRetryingForever]' passed (0.003 seconds).
Test Case '-[HyperTests.ClipboardPrivacyLifecycleTests testShutdownReportsSuccessfulBoundedStoreDrain]' started.
Test Case '-[HyperTests.ClipboardPrivacyLifecycleTests testShutdownReportsSuccessfulBoundedStoreDrain]' passed (0.003 seconds).
Test Case '-[HyperTests.ClipboardPrivacyLifecycleTests testShutdownUsesRealStoreDrainAndReturnsOnlyAfterIndexIsDurable]' started.
Test Case '-[HyperTests.ClipboardPrivacyLifecycleTests testShutdownUsesRealStoreDrainAndReturnsOnlyAfterIndexIsDurable]' passed (0.009 seconds).
Test Case '-[HyperTests.ClipboardPrivacyLifecycleTests testStaleAllowedAndIgnoredSourcesNeverCrossApplicationBoundaryForOneHundredRounds]' started.
Test Case '-[HyperTests.ClipboardPrivacyLifecycleTests testStaleAllowedAndIgnoredSourcesNeverCrossApplicationBoundaryForOneHundredRounds]' passed (0.018 seconds).
Test Case '-[HyperTests.ClipboardPrivacyLifecycleTests testUnknownPollingSourceIsStoredWithoutFalseAttributionWhenNoRulesExist]' started.
Test Case '-[HyperTests.ClipboardPrivacyLifecycleTests testUnknownPollingSourceIsStoredWithoutFalseAttributionWhenNoRulesExist]' passed (0.009 seconds).
Test Case '-[HyperTests.ClipboardPrivacyLifecycleTests testUnknownPollingSourceUsesMostRestrictiveConfiguredRule]' started.
Test Case '-[HyperTests.ClipboardPrivacyLifecycleTests testUnknownPollingSourceUsesMostRestrictiveConfiguredRule]' passed (0.004 seconds).
Test Suite 'ClipboardPrivacyLifecycleTests' passed at 2026-08-27 20:18:47.488.
	 Executed 14 tests, with 0 failures (0 unexpected) in 0.454 (0.456) seconds
Test Suite 'HyperPackageTests.xctest' passed at 2026-08-27 20:18:47.488.
	 Executed 14 tests, with 0 failures (0 unexpected) in 0.454 (0.456) seconds
Test Suite 'Selected tests' passed at 2026-08-27 20:18:47.488.
	 Executed 14 tests, with 0 failures (0 unexpected) in 0.454 (0.457) seconds
◇ Test run started.
↳ Testing Library Version: 1501
↳ Target Platform: arm64e-apple-macos14.0
✔ Test run with 0 tests in 0 suites passed after 0.001 seconds.

=== fixed privacy iteration 18 ===
Test Suite 'Selected tests' started at 2026-08-27 20:18:47.990.
Test Suite 'HyperPackageTests.xctest' started at 2026-08-27 20:18:47.991.
Test Suite 'ClipboardPrivacyLifecycleTests' started at 2026-08-27 20:18:47.991.
Test Case '-[HyperTests.ClipboardPrivacyLifecycleTests testCopySourceSnapshotSurvivesSwitchingApplicationsBeforeCapture]' started.
Test Case '-[HyperTests.ClipboardPrivacyLifecycleTests testCopySourceSnapshotSurvivesSwitchingApplicationsBeforeCapture]' passed (0.015 seconds).
Test Case '-[HyperTests.ClipboardPrivacyLifecycleTests testGlobalPauseWritesNothingAndResumeDoesNotBackfillPausedContent]' started.
Test Case '-[HyperTests.ClipboardPrivacyLifecycleTests testGlobalPauseWritesNothingAndResumeDoesNotBackfillPausedContent]' passed (0.011 seconds).
Test Case '-[HyperTests.ClipboardPrivacyLifecycleTests testIgnoredCopySourceCannotLeakAcrossOneHundredImmediateAppSwitches]' started.
Test Case '-[HyperTests.ClipboardPrivacyLifecycleTests testIgnoredCopySourceCannotLeakAcrossOneHundredImmediateAppSwitches]' passed (0.012 seconds).
Test Case '-[HyperTests.ClipboardPrivacyLifecycleTests testIgnoreTextOnlyAndNoImagesRulesAreEnforcedAtCapture]' started.
Test Case '-[HyperTests.ClipboardPrivacyLifecycleTests testIgnoreTextOnlyAndNoImagesRulesAreEnforcedAtCapture]' passed (0.016 seconds).
Test Case '-[HyperTests.ClipboardPrivacyLifecycleTests testPendingSourceIsNotBorrowedByANewUnkeyedChange]' started.
Test Case '-[HyperTests.ClipboardPrivacyLifecycleTests testPendingSourceIsNotBorrowedByANewUnkeyedChange]' passed (0.003 seconds).
Test Case '-[HyperTests.ClipboardPrivacyLifecycleTests testPendingSourceRequiresExactNextChangeCountAndShortWindow]' started.
Test Case '-[HyperTests.ClipboardPrivacyLifecycleTests testPendingSourceRequiresExactNextChangeCountAndShortWindow]' passed (0.002 seconds).
Test Case '-[HyperTests.ClipboardPrivacyLifecycleTests testShutdownInvalidatesDelayedMonitorChecksBeforeFixtureRelease]' started.
Test Case '-[HyperTests.ClipboardPrivacyLifecycleTests testShutdownInvalidatesDelayedMonitorChecksBeforeFixtureRelease]' passed (0.308 seconds).
Test Case '-[HyperTests.ClipboardPrivacyLifecycleTests testShutdownQueueAndStoreShareOneHardTimeoutBudget]' started.
Test Case '-[HyperTests.ClipboardPrivacyLifecycleTests testShutdownQueueAndStoreShareOneHardTimeoutBudget]' passed (0.036 seconds).
Test Case '-[HyperTests.ClipboardPrivacyLifecycleTests testShutdownReportsIncompleteDrainWithoutRetryingForever]' started.
Test Case '-[HyperTests.ClipboardPrivacyLifecycleTests testShutdownReportsIncompleteDrainWithoutRetryingForever]' passed (0.003 seconds).
Test Case '-[HyperTests.ClipboardPrivacyLifecycleTests testShutdownReportsSuccessfulBoundedStoreDrain]' started.
Test Case '-[HyperTests.ClipboardPrivacyLifecycleTests testShutdownReportsSuccessfulBoundedStoreDrain]' passed (0.003 seconds).
Test Case '-[HyperTests.ClipboardPrivacyLifecycleTests testShutdownUsesRealStoreDrainAndReturnsOnlyAfterIndexIsDurable]' started.
Test Case '-[HyperTests.ClipboardPrivacyLifecycleTests testShutdownUsesRealStoreDrainAndReturnsOnlyAfterIndexIsDurable]' passed (0.011 seconds).
Test Case '-[HyperTests.ClipboardPrivacyLifecycleTests testStaleAllowedAndIgnoredSourcesNeverCrossApplicationBoundaryForOneHundredRounds]' started.
Test Case '-[HyperTests.ClipboardPrivacyLifecycleTests testStaleAllowedAndIgnoredSourcesNeverCrossApplicationBoundaryForOneHundredRounds]' passed (0.019 seconds).
Test Case '-[HyperTests.ClipboardPrivacyLifecycleTests testUnknownPollingSourceIsStoredWithoutFalseAttributionWhenNoRulesExist]' started.
Test Case '-[HyperTests.ClipboardPrivacyLifecycleTests testUnknownPollingSourceIsStoredWithoutFalseAttributionWhenNoRulesExist]' passed (0.010 seconds).
Test Case '-[HyperTests.ClipboardPrivacyLifecycleTests testUnknownPollingSourceUsesMostRestrictiveConfiguredRule]' started.
Test Case '-[HyperTests.ClipboardPrivacyLifecycleTests testUnknownPollingSourceUsesMostRestrictiveConfiguredRule]' passed (0.004 seconds).
Test Suite 'ClipboardPrivacyLifecycleTests' passed at 2026-08-27 20:18:48.445.
	 Executed 14 tests, with 0 failures (0 unexpected) in 0.452 (0.454) seconds
Test Suite 'HyperPackageTests.xctest' passed at 2026-08-27 20:18:48.445.
	 Executed 14 tests, with 0 failures (0 unexpected) in 0.452 (0.454) seconds
Test Suite 'Selected tests' passed at 2026-08-27 20:18:48.445.
	 Executed 14 tests, with 0 failures (0 unexpected) in 0.452 (0.455) seconds
◇ Test run started.
↳ Testing Library Version: 1501
↳ Target Platform: arm64e-apple-macos14.0
✔ Test run with 0 tests in 0 suites passed after 0.001 seconds.

=== fixed privacy iteration 19 ===
Test Suite 'Selected tests' started at 2026-08-27 20:18:48.951.
Test Suite 'HyperPackageTests.xctest' started at 2026-08-27 20:18:48.953.
Test Suite 'ClipboardPrivacyLifecycleTests' started at 2026-08-27 20:18:48.953.
Test Case '-[HyperTests.ClipboardPrivacyLifecycleTests testCopySourceSnapshotSurvivesSwitchingApplicationsBeforeCapture]' started.
Test Case '-[HyperTests.ClipboardPrivacyLifecycleTests testCopySourceSnapshotSurvivesSwitchingApplicationsBeforeCapture]' passed (0.014 seconds).
Test Case '-[HyperTests.ClipboardPrivacyLifecycleTests testGlobalPauseWritesNothingAndResumeDoesNotBackfillPausedContent]' started.
Test Case '-[HyperTests.ClipboardPrivacyLifecycleTests testGlobalPauseWritesNothingAndResumeDoesNotBackfillPausedContent]' passed (0.011 seconds).
Test Case '-[HyperTests.ClipboardPrivacyLifecycleTests testIgnoredCopySourceCannotLeakAcrossOneHundredImmediateAppSwitches]' started.
Test Case '-[HyperTests.ClipboardPrivacyLifecycleTests testIgnoredCopySourceCannotLeakAcrossOneHundredImmediateAppSwitches]' passed (0.012 seconds).
Test Case '-[HyperTests.ClipboardPrivacyLifecycleTests testIgnoreTextOnlyAndNoImagesRulesAreEnforcedAtCapture]' started.
Test Case '-[HyperTests.ClipboardPrivacyLifecycleTests testIgnoreTextOnlyAndNoImagesRulesAreEnforcedAtCapture]' passed (0.017 seconds).
Test Case '-[HyperTests.ClipboardPrivacyLifecycleTests testPendingSourceIsNotBorrowedByANewUnkeyedChange]' started.
Test Case '-[HyperTests.ClipboardPrivacyLifecycleTests testPendingSourceIsNotBorrowedByANewUnkeyedChange]' passed (0.002 seconds).
Test Case '-[HyperTests.ClipboardPrivacyLifecycleTests testPendingSourceRequiresExactNextChangeCountAndShortWindow]' started.
Test Case '-[HyperTests.ClipboardPrivacyLifecycleTests testPendingSourceRequiresExactNextChangeCountAndShortWindow]' passed (0.002 seconds).
Test Case '-[HyperTests.ClipboardPrivacyLifecycleTests testShutdownInvalidatesDelayedMonitorChecksBeforeFixtureRelease]' started.
Test Case '-[HyperTests.ClipboardPrivacyLifecycleTests testShutdownInvalidatesDelayedMonitorChecksBeforeFixtureRelease]' passed (0.307 seconds).
Test Case '-[HyperTests.ClipboardPrivacyLifecycleTests testShutdownQueueAndStoreShareOneHardTimeoutBudget]' started.
Test Case '-[HyperTests.ClipboardPrivacyLifecycleTests testShutdownQueueAndStoreShareOneHardTimeoutBudget]' passed (0.039 seconds).
Test Case '-[HyperTests.ClipboardPrivacyLifecycleTests testShutdownReportsIncompleteDrainWithoutRetryingForever]' started.
Test Case '-[HyperTests.ClipboardPrivacyLifecycleTests testShutdownReportsIncompleteDrainWithoutRetryingForever]' passed (0.004 seconds).
Test Case '-[HyperTests.ClipboardPrivacyLifecycleTests testShutdownReportsSuccessfulBoundedStoreDrain]' started.
Test Case '-[HyperTests.ClipboardPrivacyLifecycleTests testShutdownReportsSuccessfulBoundedStoreDrain]' passed (0.004 seconds).
Test Case '-[HyperTests.ClipboardPrivacyLifecycleTests testShutdownUsesRealStoreDrainAndReturnsOnlyAfterIndexIsDurable]' started.
Test Case '-[HyperTests.ClipboardPrivacyLifecycleTests testShutdownUsesRealStoreDrainAndReturnsOnlyAfterIndexIsDurable]' passed (0.011 seconds).
Test Case '-[HyperTests.ClipboardPrivacyLifecycleTests testStaleAllowedAndIgnoredSourcesNeverCrossApplicationBoundaryForOneHundredRounds]' started.
Test Case '-[HyperTests.ClipboardPrivacyLifecycleTests testStaleAllowedAndIgnoredSourcesNeverCrossApplicationBoundaryForOneHundredRounds]' passed (0.022 seconds).
Test Case '-[HyperTests.ClipboardPrivacyLifecycleTests testUnknownPollingSourceIsStoredWithoutFalseAttributionWhenNoRulesExist]' started.
Test Case '-[HyperTests.ClipboardPrivacyLifecycleTests testUnknownPollingSourceIsStoredWithoutFalseAttributionWhenNoRulesExist]' passed (0.010 seconds).
Test Case '-[HyperTests.ClipboardPrivacyLifecycleTests testUnknownPollingSourceUsesMostRestrictiveConfiguredRule]' started.
Test Case '-[HyperTests.ClipboardPrivacyLifecycleTests testUnknownPollingSourceUsesMostRestrictiveConfiguredRule]' passed (0.004 seconds).
Test Suite 'ClipboardPrivacyLifecycleTests' passed at 2026-08-27 20:18:49.413.
	 Executed 14 tests, with 0 failures (0 unexpected) in 0.459 (0.460) seconds
Test Suite 'HyperPackageTests.xctest' passed at 2026-08-27 20:18:49.413.
	 Executed 14 tests, with 0 failures (0 unexpected) in 0.459 (0.460) seconds
Test Suite 'Selected tests' passed at 2026-08-27 20:18:49.413.
	 Executed 14 tests, with 0 failures (0 unexpected) in 0.459 (0.462) seconds
◇ Test run started.
↳ Testing Library Version: 1501
↳ Target Platform: arm64e-apple-macos14.0
✔ Test run with 0 tests in 0 suites passed after 0.001 seconds.

=== fixed privacy iteration 20 ===
Test Suite 'Selected tests' started at 2026-08-27 20:18:49.924.
Test Suite 'HyperPackageTests.xctest' started at 2026-08-27 20:18:49.925.
Test Suite 'ClipboardPrivacyLifecycleTests' started at 2026-08-27 20:18:49.925.
Test Case '-[HyperTests.ClipboardPrivacyLifecycleTests testCopySourceSnapshotSurvivesSwitchingApplicationsBeforeCapture]' started.
Test Case '-[HyperTests.ClipboardPrivacyLifecycleTests testCopySourceSnapshotSurvivesSwitchingApplicationsBeforeCapture]' passed (0.014 seconds).
Test Case '-[HyperTests.ClipboardPrivacyLifecycleTests testGlobalPauseWritesNothingAndResumeDoesNotBackfillPausedContent]' started.
Test Case '-[HyperTests.ClipboardPrivacyLifecycleTests testGlobalPauseWritesNothingAndResumeDoesNotBackfillPausedContent]' passed (0.009 seconds).
Test Case '-[HyperTests.ClipboardPrivacyLifecycleTests testIgnoredCopySourceCannotLeakAcrossOneHundredImmediateAppSwitches]' started.
Test Case '-[HyperTests.ClipboardPrivacyLifecycleTests testIgnoredCopySourceCannotLeakAcrossOneHundredImmediateAppSwitches]' passed (0.012 seconds).
Test Case '-[HyperTests.ClipboardPrivacyLifecycleTests testIgnoreTextOnlyAndNoImagesRulesAreEnforcedAtCapture]' started.
Test Case '-[HyperTests.ClipboardPrivacyLifecycleTests testIgnoreTextOnlyAndNoImagesRulesAreEnforcedAtCapture]' passed (0.016 seconds).
Test Case '-[HyperTests.ClipboardPrivacyLifecycleTests testPendingSourceIsNotBorrowedByANewUnkeyedChange]' started.
Test Case '-[HyperTests.ClipboardPrivacyLifecycleTests testPendingSourceIsNotBorrowedByANewUnkeyedChange]' passed (0.002 seconds).
Test Case '-[HyperTests.ClipboardPrivacyLifecycleTests testPendingSourceRequiresExactNextChangeCountAndShortWindow]' started.
Test Case '-[HyperTests.ClipboardPrivacyLifecycleTests testPendingSourceRequiresExactNextChangeCountAndShortWindow]' passed (0.002 seconds).
Test Case '-[HyperTests.ClipboardPrivacyLifecycleTests testShutdownInvalidatesDelayedMonitorChecksBeforeFixtureRelease]' started.
Test Case '-[HyperTests.ClipboardPrivacyLifecycleTests testShutdownInvalidatesDelayedMonitorChecksBeforeFixtureRelease]' passed (0.307 seconds).
Test Case '-[HyperTests.ClipboardPrivacyLifecycleTests testShutdownQueueAndStoreShareOneHardTimeoutBudget]' started.
Test Case '-[HyperTests.ClipboardPrivacyLifecycleTests testShutdownQueueAndStoreShareOneHardTimeoutBudget]' passed (0.039 seconds).
Test Case '-[HyperTests.ClipboardPrivacyLifecycleTests testShutdownReportsIncompleteDrainWithoutRetryingForever]' started.
Test Case '-[HyperTests.ClipboardPrivacyLifecycleTests testShutdownReportsIncompleteDrainWithoutRetryingForever]' passed (0.003 seconds).
Test Case '-[HyperTests.ClipboardPrivacyLifecycleTests testShutdownReportsSuccessfulBoundedStoreDrain]' started.
Test Case '-[HyperTests.ClipboardPrivacyLifecycleTests testShutdownReportsSuccessfulBoundedStoreDrain]' passed (0.003 seconds).
Test Case '-[HyperTests.ClipboardPrivacyLifecycleTests testShutdownUsesRealStoreDrainAndReturnsOnlyAfterIndexIsDurable]' started.
Test Case '-[HyperTests.ClipboardPrivacyLifecycleTests testShutdownUsesRealStoreDrainAndReturnsOnlyAfterIndexIsDurable]' passed (0.010 seconds).
Test Case '-[HyperTests.ClipboardPrivacyLifecycleTests testStaleAllowedAndIgnoredSourcesNeverCrossApplicationBoundaryForOneHundredRounds]' started.
Test Case '-[HyperTests.ClipboardPrivacyLifecycleTests testStaleAllowedAndIgnoredSourcesNeverCrossApplicationBoundaryForOneHundredRounds]' passed (0.020 seconds).
Test Case '-[HyperTests.ClipboardPrivacyLifecycleTests testUnknownPollingSourceIsStoredWithoutFalseAttributionWhenNoRulesExist]' started.
Test Case '-[HyperTests.ClipboardPrivacyLifecycleTests testUnknownPollingSourceIsStoredWithoutFalseAttributionWhenNoRulesExist]' passed (0.010 seconds).
Test Case '-[HyperTests.ClipboardPrivacyLifecycleTests testUnknownPollingSourceUsesMostRestrictiveConfiguredRule]' started.
Test Case '-[HyperTests.ClipboardPrivacyLifecycleTests testUnknownPollingSourceUsesMostRestrictiveConfiguredRule]' passed (0.003 seconds).
Test Suite 'ClipboardPrivacyLifecycleTests' passed at 2026-08-27 20:18:50.376.
	 Executed 14 tests, with 0 failures (0 unexpected) in 0.449 (0.450) seconds
Test Suite 'HyperPackageTests.xctest' passed at 2026-08-27 20:18:50.376.
	 Executed 14 tests, with 0 failures (0 unexpected) in 0.449 (0.450) seconds
Test Suite 'Selected tests' passed at 2026-08-27 20:18:50.376.
	 Executed 14 tests, with 0 failures (0 unexpected) in 0.449 (0.451) seconds
◇ Test run started.
↳ Testing Library Version: 1501
↳ Target Platform: arm64e-apple-macos14.0
✔ Test run with 0 tests in 0 suites passed after 0.001 seconds.

=== fixed privacy iteration 21 ===
Test Suite 'Selected tests' started at 2026-08-27 20:18:50.880.
Test Suite 'HyperPackageTests.xctest' started at 2026-08-27 20:18:50.881.
Test Suite 'ClipboardPrivacyLifecycleTests' started at 2026-08-27 20:18:50.881.
Test Case '-[HyperTests.ClipboardPrivacyLifecycleTests testCopySourceSnapshotSurvivesSwitchingApplicationsBeforeCapture]' started.
Test Case '-[HyperTests.ClipboardPrivacyLifecycleTests testCopySourceSnapshotSurvivesSwitchingApplicationsBeforeCapture]' passed (0.014 seconds).
Test Case '-[HyperTests.ClipboardPrivacyLifecycleTests testGlobalPauseWritesNothingAndResumeDoesNotBackfillPausedContent]' started.
Test Case '-[HyperTests.ClipboardPrivacyLifecycleTests testGlobalPauseWritesNothingAndResumeDoesNotBackfillPausedContent]' passed (0.010 seconds).
Test Case '-[HyperTests.ClipboardPrivacyLifecycleTests testIgnoredCopySourceCannotLeakAcrossOneHundredImmediateAppSwitches]' started.
Test Case '-[HyperTests.ClipboardPrivacyLifecycleTests testIgnoredCopySourceCannotLeakAcrossOneHundredImmediateAppSwitches]' passed (0.011 seconds).
Test Case '-[HyperTests.ClipboardPrivacyLifecycleTests testIgnoreTextOnlyAndNoImagesRulesAreEnforcedAtCapture]' started.
Test Case '-[HyperTests.ClipboardPrivacyLifecycleTests testIgnoreTextOnlyAndNoImagesRulesAreEnforcedAtCapture]' passed (0.017 seconds).
Test Case '-[HyperTests.ClipboardPrivacyLifecycleTests testPendingSourceIsNotBorrowedByANewUnkeyedChange]' started.
Test Case '-[HyperTests.ClipboardPrivacyLifecycleTests testPendingSourceIsNotBorrowedByANewUnkeyedChange]' passed (0.002 seconds).
Test Case '-[HyperTests.ClipboardPrivacyLifecycleTests testPendingSourceRequiresExactNextChangeCountAndShortWindow]' started.
Test Case '-[HyperTests.ClipboardPrivacyLifecycleTests testPendingSourceRequiresExactNextChangeCountAndShortWindow]' passed (0.002 seconds).
Test Case '-[HyperTests.ClipboardPrivacyLifecycleTests testShutdownInvalidatesDelayedMonitorChecksBeforeFixtureRelease]' started.
Test Case '-[HyperTests.ClipboardPrivacyLifecycleTests testShutdownInvalidatesDelayedMonitorChecksBeforeFixtureRelease]' passed (0.309 seconds).
Test Case '-[HyperTests.ClipboardPrivacyLifecycleTests testShutdownQueueAndStoreShareOneHardTimeoutBudget]' started.
Test Case '-[HyperTests.ClipboardPrivacyLifecycleTests testShutdownQueueAndStoreShareOneHardTimeoutBudget]' passed (0.039 seconds).
Test Case '-[HyperTests.ClipboardPrivacyLifecycleTests testShutdownReportsIncompleteDrainWithoutRetryingForever]' started.
Test Case '-[HyperTests.ClipboardPrivacyLifecycleTests testShutdownReportsIncompleteDrainWithoutRetryingForever]' passed (0.004 seconds).
Test Case '-[HyperTests.ClipboardPrivacyLifecycleTests testShutdownReportsSuccessfulBoundedStoreDrain]' started.
Test Case '-[HyperTests.ClipboardPrivacyLifecycleTests testShutdownReportsSuccessfulBoundedStoreDrain]' passed (0.003 seconds).
Test Case '-[HyperTests.ClipboardPrivacyLifecycleTests testShutdownUsesRealStoreDrainAndReturnsOnlyAfterIndexIsDurable]' started.
Test Case '-[HyperTests.ClipboardPrivacyLifecycleTests testShutdownUsesRealStoreDrainAndReturnsOnlyAfterIndexIsDurable]' passed (0.011 seconds).
Test Case '-[HyperTests.ClipboardPrivacyLifecycleTests testStaleAllowedAndIgnoredSourcesNeverCrossApplicationBoundaryForOneHundredRounds]' started.
Test Case '-[HyperTests.ClipboardPrivacyLifecycleTests testStaleAllowedAndIgnoredSourcesNeverCrossApplicationBoundaryForOneHundredRounds]' passed (0.021 seconds).
Test Case '-[HyperTests.ClipboardPrivacyLifecycleTests testUnknownPollingSourceIsStoredWithoutFalseAttributionWhenNoRulesExist]' started.
Test Case '-[HyperTests.ClipboardPrivacyLifecycleTests testUnknownPollingSourceIsStoredWithoutFalseAttributionWhenNoRulesExist]' passed (0.009 seconds).
Test Case '-[HyperTests.ClipboardPrivacyLifecycleTests testUnknownPollingSourceUsesMostRestrictiveConfiguredRule]' started.
Test Case '-[HyperTests.ClipboardPrivacyLifecycleTests testUnknownPollingSourceUsesMostRestrictiveConfiguredRule]' passed (0.003 seconds).
Test Suite 'ClipboardPrivacyLifecycleTests' passed at 2026-08-27 20:18:51.336.
	 Executed 14 tests, with 0 failures (0 unexpected) in 0.454 (0.455) seconds
Test Suite 'HyperPackageTests.xctest' passed at 2026-08-27 20:18:51.336.
	 Executed 14 tests, with 0 failures (0 unexpected) in 0.454 (0.455) seconds
Test Suite 'Selected tests' passed at 2026-08-27 20:18:51.336.
	 Executed 14 tests, with 0 failures (0 unexpected) in 0.454 (0.457) seconds
◇ Test run started.
↳ Testing Library Version: 1501
↳ Target Platform: arm64e-apple-macos14.0
✔ Test run with 0 tests in 0 suites passed after 0.001 seconds.

=== fixed privacy iteration 22 ===
Test Suite 'Selected tests' started at 2026-08-27 20:18:51.844.
Test Suite 'HyperPackageTests.xctest' started at 2026-08-27 20:18:51.845.
Test Suite 'ClipboardPrivacyLifecycleTests' started at 2026-08-27 20:18:51.845.
Test Case '-[HyperTests.ClipboardPrivacyLifecycleTests testCopySourceSnapshotSurvivesSwitchingApplicationsBeforeCapture]' started.
Test Case '-[HyperTests.ClipboardPrivacyLifecycleTests testCopySourceSnapshotSurvivesSwitchingApplicationsBeforeCapture]' passed (0.013 seconds).
Test Case '-[HyperTests.ClipboardPrivacyLifecycleTests testGlobalPauseWritesNothingAndResumeDoesNotBackfillPausedContent]' started.
Test Case '-[HyperTests.ClipboardPrivacyLifecycleTests testGlobalPauseWritesNothingAndResumeDoesNotBackfillPausedContent]' passed (0.009 seconds).
Test Case '-[HyperTests.ClipboardPrivacyLifecycleTests testIgnoredCopySourceCannotLeakAcrossOneHundredImmediateAppSwitches]' started.
Test Case '-[HyperTests.ClipboardPrivacyLifecycleTests testIgnoredCopySourceCannotLeakAcrossOneHundredImmediateAppSwitches]' passed (0.012 seconds).
Test Case '-[HyperTests.ClipboardPrivacyLifecycleTests testIgnoreTextOnlyAndNoImagesRulesAreEnforcedAtCapture]' started.
Test Case '-[HyperTests.ClipboardPrivacyLifecycleTests testIgnoreTextOnlyAndNoImagesRulesAreEnforcedAtCapture]' passed (0.016 seconds).
Test Case '-[HyperTests.ClipboardPrivacyLifecycleTests testPendingSourceIsNotBorrowedByANewUnkeyedChange]' started.
Test Case '-[HyperTests.ClipboardPrivacyLifecycleTests testPendingSourceIsNotBorrowedByANewUnkeyedChange]' passed (0.002 seconds).
Test Case '-[HyperTests.ClipboardPrivacyLifecycleTests testPendingSourceRequiresExactNextChangeCountAndShortWindow]' started.
Test Case '-[HyperTests.ClipboardPrivacyLifecycleTests testPendingSourceRequiresExactNextChangeCountAndShortWindow]' passed (0.002 seconds).
Test Case '-[HyperTests.ClipboardPrivacyLifecycleTests testShutdownInvalidatesDelayedMonitorChecksBeforeFixtureRelease]' started.
Test Case '-[HyperTests.ClipboardPrivacyLifecycleTests testShutdownInvalidatesDelayedMonitorChecksBeforeFixtureRelease]' passed (0.309 seconds).
Test Case '-[HyperTests.ClipboardPrivacyLifecycleTests testShutdownQueueAndStoreShareOneHardTimeoutBudget]' started.
Test Case '-[HyperTests.ClipboardPrivacyLifecycleTests testShutdownQueueAndStoreShareOneHardTimeoutBudget]' passed (0.038 seconds).
Test Case '-[HyperTests.ClipboardPrivacyLifecycleTests testShutdownReportsIncompleteDrainWithoutRetryingForever]' started.
Test Case '-[HyperTests.ClipboardPrivacyLifecycleTests testShutdownReportsIncompleteDrainWithoutRetryingForever]' passed (0.004 seconds).
Test Case '-[HyperTests.ClipboardPrivacyLifecycleTests testShutdownReportsSuccessfulBoundedStoreDrain]' started.
Test Case '-[HyperTests.ClipboardPrivacyLifecycleTests testShutdownReportsSuccessfulBoundedStoreDrain]' passed (0.003 seconds).
Test Case '-[HyperTests.ClipboardPrivacyLifecycleTests testShutdownUsesRealStoreDrainAndReturnsOnlyAfterIndexIsDurable]' started.
Test Case '-[HyperTests.ClipboardPrivacyLifecycleTests testShutdownUsesRealStoreDrainAndReturnsOnlyAfterIndexIsDurable]' passed (0.010 seconds).
Test Case '-[HyperTests.ClipboardPrivacyLifecycleTests testStaleAllowedAndIgnoredSourcesNeverCrossApplicationBoundaryForOneHundredRounds]' started.
Test Case '-[HyperTests.ClipboardPrivacyLifecycleTests testStaleAllowedAndIgnoredSourcesNeverCrossApplicationBoundaryForOneHundredRounds]' passed (0.025 seconds).
Test Case '-[HyperTests.ClipboardPrivacyLifecycleTests testUnknownPollingSourceIsStoredWithoutFalseAttributionWhenNoRulesExist]' started.
Test Case '-[HyperTests.ClipboardPrivacyLifecycleTests testUnknownPollingSourceIsStoredWithoutFalseAttributionWhenNoRulesExist]' passed (0.010 seconds).
Test Case '-[HyperTests.ClipboardPrivacyLifecycleTests testUnknownPollingSourceUsesMostRestrictiveConfiguredRule]' started.
Test Case '-[HyperTests.ClipboardPrivacyLifecycleTests testUnknownPollingSourceUsesMostRestrictiveConfiguredRule]' passed (0.003 seconds).
Test Suite 'ClipboardPrivacyLifecycleTests' passed at 2026-08-27 20:18:52.304.
	 Executed 14 tests, with 0 failures (0 unexpected) in 0.458 (0.459) seconds
Test Suite 'HyperPackageTests.xctest' passed at 2026-08-27 20:18:52.304.
	 Executed 14 tests, with 0 failures (0 unexpected) in 0.458 (0.459) seconds
Test Suite 'Selected tests' passed at 2026-08-27 20:18:52.304.
	 Executed 14 tests, with 0 failures (0 unexpected) in 0.458 (0.460) seconds
◇ Test run started.
↳ Testing Library Version: 1501
↳ Target Platform: arm64e-apple-macos14.0
✔ Test run with 0 tests in 0 suites passed after 0.001 seconds.

=== fixed privacy iteration 23 ===
Test Suite 'Selected tests' started at 2026-08-27 20:18:52.749.
Test Suite 'HyperPackageTests.xctest' started at 2026-08-27 20:18:52.750.
Test Suite 'ClipboardPrivacyLifecycleTests' started at 2026-08-27 20:18:52.750.
Test Case '-[HyperTests.ClipboardPrivacyLifecycleTests testCopySourceSnapshotSurvivesSwitchingApplicationsBeforeCapture]' started.
Test Case '-[HyperTests.ClipboardPrivacyLifecycleTests testCopySourceSnapshotSurvivesSwitchingApplicationsBeforeCapture]' passed (0.013 seconds).
Test Case '-[HyperTests.ClipboardPrivacyLifecycleTests testGlobalPauseWritesNothingAndResumeDoesNotBackfillPausedContent]' started.
Test Case '-[HyperTests.ClipboardPrivacyLifecycleTests testGlobalPauseWritesNothingAndResumeDoesNotBackfillPausedContent]' passed (0.009 seconds).
Test Case '-[HyperTests.ClipboardPrivacyLifecycleTests testIgnoredCopySourceCannotLeakAcrossOneHundredImmediateAppSwitches]' started.
Test Case '-[HyperTests.ClipboardPrivacyLifecycleTests testIgnoredCopySourceCannotLeakAcrossOneHundredImmediateAppSwitches]' passed (0.011 seconds).
Test Case '-[HyperTests.ClipboardPrivacyLifecycleTests testIgnoreTextOnlyAndNoImagesRulesAreEnforcedAtCapture]' started.
Test Case '-[HyperTests.ClipboardPrivacyLifecycleTests testIgnoreTextOnlyAndNoImagesRulesAreEnforcedAtCapture]' passed (0.015 seconds).
Test Case '-[HyperTests.ClipboardPrivacyLifecycleTests testPendingSourceIsNotBorrowedByANewUnkeyedChange]' started.
Test Case '-[HyperTests.ClipboardPrivacyLifecycleTests testPendingSourceIsNotBorrowedByANewUnkeyedChange]' passed (0.002 seconds).
Test Case '-[HyperTests.ClipboardPrivacyLifecycleTests testPendingSourceRequiresExactNextChangeCountAndShortWindow]' started.
Test Case '-[HyperTests.ClipboardPrivacyLifecycleTests testPendingSourceRequiresExactNextChangeCountAndShortWindow]' passed (0.002 seconds).
Test Case '-[HyperTests.ClipboardPrivacyLifecycleTests testShutdownInvalidatesDelayedMonitorChecksBeforeFixtureRelease]' started.
Test Case '-[HyperTests.ClipboardPrivacyLifecycleTests testShutdownInvalidatesDelayedMonitorChecksBeforeFixtureRelease]' passed (0.310 seconds).
Test Case '-[HyperTests.ClipboardPrivacyLifecycleTests testShutdownQueueAndStoreShareOneHardTimeoutBudget]' started.
Test Case '-[HyperTests.ClipboardPrivacyLifecycleTests testShutdownQueueAndStoreShareOneHardTimeoutBudget]' passed (0.045 seconds).
Test Case '-[HyperTests.ClipboardPrivacyLifecycleTests testShutdownReportsIncompleteDrainWithoutRetryingForever]' started.
Test Case '-[HyperTests.ClipboardPrivacyLifecycleTests testShutdownReportsIncompleteDrainWithoutRetryingForever]' passed (0.010 seconds).
Test Case '-[HyperTests.ClipboardPrivacyLifecycleTests testShutdownReportsSuccessfulBoundedStoreDrain]' started.
Test Case '-[HyperTests.ClipboardPrivacyLifecycleTests testShutdownReportsSuccessfulBoundedStoreDrain]' passed (0.005 seconds).
Test Case '-[HyperTests.ClipboardPrivacyLifecycleTests testShutdownUsesRealStoreDrainAndReturnsOnlyAfterIndexIsDurable]' started.
Test Case '-[HyperTests.ClipboardPrivacyLifecycleTests testShutdownUsesRealStoreDrainAndReturnsOnlyAfterIndexIsDurable]' passed (0.012 seconds).
Test Case '-[HyperTests.ClipboardPrivacyLifecycleTests testStaleAllowedAndIgnoredSourcesNeverCrossApplicationBoundaryForOneHundredRounds]' started.
Test Case '-[HyperTests.ClipboardPrivacyLifecycleTests testStaleAllowedAndIgnoredSourcesNeverCrossApplicationBoundaryForOneHundredRounds]' passed (0.028 seconds).
Test Case '-[HyperTests.ClipboardPrivacyLifecycleTests testUnknownPollingSourceIsStoredWithoutFalseAttributionWhenNoRulesExist]' started.
Test Case '-[HyperTests.ClipboardPrivacyLifecycleTests testUnknownPollingSourceIsStoredWithoutFalseAttributionWhenNoRulesExist]' passed (0.012 seconds).
Test Case '-[HyperTests.ClipboardPrivacyLifecycleTests testUnknownPollingSourceUsesMostRestrictiveConfiguredRule]' started.
Test Case '-[HyperTests.ClipboardPrivacyLifecycleTests testUnknownPollingSourceUsesMostRestrictiveConfiguredRule]' passed (0.004 seconds).
Test Suite 'ClipboardPrivacyLifecycleTests' passed at 2026-08-27 20:18:53.230.
	 Executed 14 tests, with 0 failures (0 unexpected) in 0.478 (0.480) seconds
Test Suite 'HyperPackageTests.xctest' passed at 2026-08-27 20:18:53.230.
	 Executed 14 tests, with 0 failures (0 unexpected) in 0.478 (0.480) seconds
Test Suite 'Selected tests' passed at 2026-08-27 20:18:53.230.
	 Executed 14 tests, with 0 failures (0 unexpected) in 0.478 (0.481) seconds
◇ Test run started.
↳ Testing Library Version: 1501
↳ Target Platform: arm64e-apple-macos14.0
✔ Test run with 0 tests in 0 suites passed after 0.001 seconds.

=== fixed privacy iteration 24 ===
Test Suite 'Selected tests' started at 2026-08-27 20:18:53.679.
Test Suite 'HyperPackageTests.xctest' started at 2026-08-27 20:18:53.680.
Test Suite 'ClipboardPrivacyLifecycleTests' started at 2026-08-27 20:18:53.680.
Test Case '-[HyperTests.ClipboardPrivacyLifecycleTests testCopySourceSnapshotSurvivesSwitchingApplicationsBeforeCapture]' started.
Test Case '-[HyperTests.ClipboardPrivacyLifecycleTests testCopySourceSnapshotSurvivesSwitchingApplicationsBeforeCapture]' passed (0.012 seconds).
Test Case '-[HyperTests.ClipboardPrivacyLifecycleTests testGlobalPauseWritesNothingAndResumeDoesNotBackfillPausedContent]' started.
Test Case '-[HyperTests.ClipboardPrivacyLifecycleTests testGlobalPauseWritesNothingAndResumeDoesNotBackfillPausedContent]' passed (0.009 seconds).
Test Case '-[HyperTests.ClipboardPrivacyLifecycleTests testIgnoredCopySourceCannotLeakAcrossOneHundredImmediateAppSwitches]' started.
Test Case '-[HyperTests.ClipboardPrivacyLifecycleTests testIgnoredCopySourceCannotLeakAcrossOneHundredImmediateAppSwitches]' passed (0.010 seconds).
Test Case '-[HyperTests.ClipboardPrivacyLifecycleTests testIgnoreTextOnlyAndNoImagesRulesAreEnforcedAtCapture]' started.
Test Case '-[HyperTests.ClipboardPrivacyLifecycleTests testIgnoreTextOnlyAndNoImagesRulesAreEnforcedAtCapture]' passed (0.015 seconds).
Test Case '-[HyperTests.ClipboardPrivacyLifecycleTests testPendingSourceIsNotBorrowedByANewUnkeyedChange]' started.
Test Case '-[HyperTests.ClipboardPrivacyLifecycleTests testPendingSourceIsNotBorrowedByANewUnkeyedChange]' passed (0.002 seconds).
Test Case '-[HyperTests.ClipboardPrivacyLifecycleTests testPendingSourceRequiresExactNextChangeCountAndShortWindow]' started.
Test Case '-[HyperTests.ClipboardPrivacyLifecycleTests testPendingSourceRequiresExactNextChangeCountAndShortWindow]' passed (0.002 seconds).
Test Case '-[HyperTests.ClipboardPrivacyLifecycleTests testShutdownInvalidatesDelayedMonitorChecksBeforeFixtureRelease]' started.
Test Case '-[HyperTests.ClipboardPrivacyLifecycleTests testShutdownInvalidatesDelayedMonitorChecksBeforeFixtureRelease]' passed (0.310 seconds).
Test Case '-[HyperTests.ClipboardPrivacyLifecycleTests testShutdownQueueAndStoreShareOneHardTimeoutBudget]' started.
Test Case '-[HyperTests.ClipboardPrivacyLifecycleTests testShutdownQueueAndStoreShareOneHardTimeoutBudget]' passed (0.049 seconds).
Test Case '-[HyperTests.ClipboardPrivacyLifecycleTests testShutdownReportsIncompleteDrainWithoutRetryingForever]' started.
Test Case '-[HyperTests.ClipboardPrivacyLifecycleTests testShutdownReportsIncompleteDrainWithoutRetryingForever]' passed (0.008 seconds).
Test Case '-[HyperTests.ClipboardPrivacyLifecycleTests testShutdownReportsSuccessfulBoundedStoreDrain]' started.
Test Case '-[HyperTests.ClipboardPrivacyLifecycleTests testShutdownReportsSuccessfulBoundedStoreDrain]' passed (0.006 seconds).
Test Case '-[HyperTests.ClipboardPrivacyLifecycleTests testShutdownUsesRealStoreDrainAndReturnsOnlyAfterIndexIsDurable]' started.
Test Case '-[HyperTests.ClipboardPrivacyLifecycleTests testShutdownUsesRealStoreDrainAndReturnsOnlyAfterIndexIsDurable]' passed (0.012 seconds).
Test Case '-[HyperTests.ClipboardPrivacyLifecycleTests testStaleAllowedAndIgnoredSourcesNeverCrossApplicationBoundaryForOneHundredRounds]' started.
Test Case '-[HyperTests.ClipboardPrivacyLifecycleTests testStaleAllowedAndIgnoredSourcesNeverCrossApplicationBoundaryForOneHundredRounds]' passed (0.031 seconds).
Test Case '-[HyperTests.ClipboardPrivacyLifecycleTests testUnknownPollingSourceIsStoredWithoutFalseAttributionWhenNoRulesExist]' started.
Test Case '-[HyperTests.ClipboardPrivacyLifecycleTests testUnknownPollingSourceIsStoredWithoutFalseAttributionWhenNoRulesExist]' passed (0.010 seconds).
Test Case '-[HyperTests.ClipboardPrivacyLifecycleTests testUnknownPollingSourceUsesMostRestrictiveConfiguredRule]' started.
Test Case '-[HyperTests.ClipboardPrivacyLifecycleTests testUnknownPollingSourceUsesMostRestrictiveConfiguredRule]' passed (0.003 seconds).
Test Suite 'ClipboardPrivacyLifecycleTests' passed at 2026-08-27 20:18:54.160.
	 Executed 14 tests, with 0 failures (0 unexpected) in 0.478 (0.480) seconds
Test Suite 'HyperPackageTests.xctest' passed at 2026-08-27 20:18:54.160.
	 Executed 14 tests, with 0 failures (0 unexpected) in 0.478 (0.480) seconds
Test Suite 'Selected tests' passed at 2026-08-27 20:18:54.160.
	 Executed 14 tests, with 0 failures (0 unexpected) in 0.478 (0.481) seconds
◇ Test run started.
↳ Testing Library Version: 1501
↳ Target Platform: arm64e-apple-macos14.0
✔ Test run with 0 tests in 0 suites passed after 0.001 seconds.

=== fixed privacy iteration 25 ===
Test Suite 'Selected tests' started at 2026-08-27 20:18:54.609.
Test Suite 'HyperPackageTests.xctest' started at 2026-08-27 20:18:54.609.
Test Suite 'ClipboardPrivacyLifecycleTests' started at 2026-08-27 20:18:54.609.
Test Case '-[HyperTests.ClipboardPrivacyLifecycleTests testCopySourceSnapshotSurvivesSwitchingApplicationsBeforeCapture]' started.
Test Case '-[HyperTests.ClipboardPrivacyLifecycleTests testCopySourceSnapshotSurvivesSwitchingApplicationsBeforeCapture]' passed (0.013 seconds).
Test Case '-[HyperTests.ClipboardPrivacyLifecycleTests testGlobalPauseWritesNothingAndResumeDoesNotBackfillPausedContent]' started.
Test Case '-[HyperTests.ClipboardPrivacyLifecycleTests testGlobalPauseWritesNothingAndResumeDoesNotBackfillPausedContent]' passed (0.010 seconds).
Test Case '-[HyperTests.ClipboardPrivacyLifecycleTests testIgnoredCopySourceCannotLeakAcrossOneHundredImmediateAppSwitches]' started.
Test Case '-[HyperTests.ClipboardPrivacyLifecycleTests testIgnoredCopySourceCannotLeakAcrossOneHundredImmediateAppSwitches]' passed (0.011 seconds).
Test Case '-[HyperTests.ClipboardPrivacyLifecycleTests testIgnoreTextOnlyAndNoImagesRulesAreEnforcedAtCapture]' started.
Test Case '-[HyperTests.ClipboardPrivacyLifecycleTests testIgnoreTextOnlyAndNoImagesRulesAreEnforcedAtCapture]' passed (0.015 seconds).
Test Case '-[HyperTests.ClipboardPrivacyLifecycleTests testPendingSourceIsNotBorrowedByANewUnkeyedChange]' started.
Test Case '-[HyperTests.ClipboardPrivacyLifecycleTests testPendingSourceIsNotBorrowedByANewUnkeyedChange]' passed (0.002 seconds).
Test Case '-[HyperTests.ClipboardPrivacyLifecycleTests testPendingSourceRequiresExactNextChangeCountAndShortWindow]' started.
Test Case '-[HyperTests.ClipboardPrivacyLifecycleTests testPendingSourceRequiresExactNextChangeCountAndShortWindow]' passed (0.002 seconds).
Test Case '-[HyperTests.ClipboardPrivacyLifecycleTests testShutdownInvalidatesDelayedMonitorChecksBeforeFixtureRelease]' started.
Test Case '-[HyperTests.ClipboardPrivacyLifecycleTests testShutdownInvalidatesDelayedMonitorChecksBeforeFixtureRelease]' passed (0.309 seconds).
Test Case '-[HyperTests.ClipboardPrivacyLifecycleTests testShutdownQueueAndStoreShareOneHardTimeoutBudget]' started.
Test Case '-[HyperTests.ClipboardPrivacyLifecycleTests testShutdownQueueAndStoreShareOneHardTimeoutBudget]' passed (0.045 seconds).
Test Case '-[HyperTests.ClipboardPrivacyLifecycleTests testShutdownReportsIncompleteDrainWithoutRetryingForever]' started.
Test Case '-[HyperTests.ClipboardPrivacyLifecycleTests testShutdownReportsIncompleteDrainWithoutRetryingForever]' passed (0.008 seconds).
Test Case '-[HyperTests.ClipboardPrivacyLifecycleTests testShutdownReportsSuccessfulBoundedStoreDrain]' started.
Test Case '-[HyperTests.ClipboardPrivacyLifecycleTests testShutdownReportsSuccessfulBoundedStoreDrain]' passed (0.006 seconds).
Test Case '-[HyperTests.ClipboardPrivacyLifecycleTests testShutdownUsesRealStoreDrainAndReturnsOnlyAfterIndexIsDurable]' started.
Test Case '-[HyperTests.ClipboardPrivacyLifecycleTests testShutdownUsesRealStoreDrainAndReturnsOnlyAfterIndexIsDurable]' passed (0.013 seconds).
Test Case '-[HyperTests.ClipboardPrivacyLifecycleTests testStaleAllowedAndIgnoredSourcesNeverCrossApplicationBoundaryForOneHundredRounds]' started.
Test Case '-[HyperTests.ClipboardPrivacyLifecycleTests testStaleAllowedAndIgnoredSourcesNeverCrossApplicationBoundaryForOneHundredRounds]' passed (0.030 seconds).
Test Case '-[HyperTests.ClipboardPrivacyLifecycleTests testUnknownPollingSourceIsStoredWithoutFalseAttributionWhenNoRulesExist]' started.
Test Case '-[HyperTests.ClipboardPrivacyLifecycleTests testUnknownPollingSourceIsStoredWithoutFalseAttributionWhenNoRulesExist]' passed (0.010 seconds).
Test Case '-[HyperTests.ClipboardPrivacyLifecycleTests testUnknownPollingSourceUsesMostRestrictiveConfiguredRule]' started.
Test Case '-[HyperTests.ClipboardPrivacyLifecycleTests testUnknownPollingSourceUsesMostRestrictiveConfiguredRule]' passed (0.004 seconds).
Test Suite 'ClipboardPrivacyLifecycleTests' passed at 2026-08-27 20:18:55.090.
	 Executed 14 tests, with 0 failures (0 unexpected) in 0.479 (0.481) seconds
Test Suite 'HyperPackageTests.xctest' passed at 2026-08-27 20:18:55.090.
	 Executed 14 tests, with 0 failures (0 unexpected) in 0.479 (0.481) seconds
Test Suite 'Selected tests' passed at 2026-08-27 20:18:55.090.
	 Executed 14 tests, with 0 failures (0 unexpected) in 0.479 (0.482) seconds
◇ Test run started.
↳ Testing Library Version: 1501
↳ Target Platform: arm64e-apple-macos14.0
✔ Test run with 0 tests in 0 suites passed after 0.001 seconds.

=== fixed privacy iteration 26 ===
Test Suite 'Selected tests' started at 2026-08-27 20:18:55.540.
Test Suite 'HyperPackageTests.xctest' started at 2026-08-27 20:18:55.540.
Test Suite 'ClipboardPrivacyLifecycleTests' started at 2026-08-27 20:18:55.540.
Test Case '-[HyperTests.ClipboardPrivacyLifecycleTests testCopySourceSnapshotSurvivesSwitchingApplicationsBeforeCapture]' started.
Test Case '-[HyperTests.ClipboardPrivacyLifecycleTests testCopySourceSnapshotSurvivesSwitchingApplicationsBeforeCapture]' passed (0.013 seconds).
Test Case '-[HyperTests.ClipboardPrivacyLifecycleTests testGlobalPauseWritesNothingAndResumeDoesNotBackfillPausedContent]' started.
Test Case '-[HyperTests.ClipboardPrivacyLifecycleTests testGlobalPauseWritesNothingAndResumeDoesNotBackfillPausedContent]' passed (0.009 seconds).
Test Case '-[HyperTests.ClipboardPrivacyLifecycleTests testIgnoredCopySourceCannotLeakAcrossOneHundredImmediateAppSwitches]' started.
Test Case '-[HyperTests.ClipboardPrivacyLifecycleTests testIgnoredCopySourceCannotLeakAcrossOneHundredImmediateAppSwitches]' passed (0.011 seconds).
Test Case '-[HyperTests.ClipboardPrivacyLifecycleTests testIgnoreTextOnlyAndNoImagesRulesAreEnforcedAtCapture]' started.
Test Case '-[HyperTests.ClipboardPrivacyLifecycleTests testIgnoreTextOnlyAndNoImagesRulesAreEnforcedAtCapture]' passed (0.015 seconds).
Test Case '-[HyperTests.ClipboardPrivacyLifecycleTests testPendingSourceIsNotBorrowedByANewUnkeyedChange]' started.
Test Case '-[HyperTests.ClipboardPrivacyLifecycleTests testPendingSourceIsNotBorrowedByANewUnkeyedChange]' passed (0.002 seconds).
Test Case '-[HyperTests.ClipboardPrivacyLifecycleTests testPendingSourceRequiresExactNextChangeCountAndShortWindow]' started.
Test Case '-[HyperTests.ClipboardPrivacyLifecycleTests testPendingSourceRequiresExactNextChangeCountAndShortWindow]' passed (0.002 seconds).
Test Case '-[HyperTests.ClipboardPrivacyLifecycleTests testShutdownInvalidatesDelayedMonitorChecksBeforeFixtureRelease]' started.
Test Case '-[HyperTests.ClipboardPrivacyLifecycleTests testShutdownInvalidatesDelayedMonitorChecksBeforeFixtureRelease]' passed (0.312 seconds).
Test Case '-[HyperTests.ClipboardPrivacyLifecycleTests testShutdownQueueAndStoreShareOneHardTimeoutBudget]' started.
Test Case '-[HyperTests.ClipboardPrivacyLifecycleTests testShutdownQueueAndStoreShareOneHardTimeoutBudget]' passed (0.046 seconds).
Test Case '-[HyperTests.ClipboardPrivacyLifecycleTests testShutdownReportsIncompleteDrainWithoutRetryingForever]' started.
Test Case '-[HyperTests.ClipboardPrivacyLifecycleTests testShutdownReportsIncompleteDrainWithoutRetryingForever]' passed (0.014 seconds).
Test Case '-[HyperTests.ClipboardPrivacyLifecycleTests testShutdownReportsSuccessfulBoundedStoreDrain]' started.
Test Case '-[HyperTests.ClipboardPrivacyLifecycleTests testShutdownReportsSuccessfulBoundedStoreDrain]' passed (0.007 seconds).
Test Case '-[HyperTests.ClipboardPrivacyLifecycleTests testShutdownUsesRealStoreDrainAndReturnsOnlyAfterIndexIsDurable]' started.
Test Case '-[HyperTests.ClipboardPrivacyLifecycleTests testShutdownUsesRealStoreDrainAndReturnsOnlyAfterIndexIsDurable]' passed (0.015 seconds).
Test Case '-[HyperTests.ClipboardPrivacyLifecycleTests testStaleAllowedAndIgnoredSourcesNeverCrossApplicationBoundaryForOneHundredRounds]' started.
Test Case '-[HyperTests.ClipboardPrivacyLifecycleTests testStaleAllowedAndIgnoredSourcesNeverCrossApplicationBoundaryForOneHundredRounds]' passed (0.029 seconds).
Test Case '-[HyperTests.ClipboardPrivacyLifecycleTests testUnknownPollingSourceIsStoredWithoutFalseAttributionWhenNoRulesExist]' started.
Test Case '-[HyperTests.ClipboardPrivacyLifecycleTests testUnknownPollingSourceIsStoredWithoutFalseAttributionWhenNoRulesExist]' passed (0.011 seconds).
Test Case '-[HyperTests.ClipboardPrivacyLifecycleTests testUnknownPollingSourceUsesMostRestrictiveConfiguredRule]' started.
Test Case '-[HyperTests.ClipboardPrivacyLifecycleTests testUnknownPollingSourceUsesMostRestrictiveConfiguredRule]' passed (0.004 seconds).
Test Suite 'ClipboardPrivacyLifecycleTests' passed at 2026-08-27 20:18:56.030.
	 Executed 14 tests, with 0 failures (0 unexpected) in 0.488 (0.489) seconds
Test Suite 'HyperPackageTests.xctest' passed at 2026-08-27 20:18:56.030.
	 Executed 14 tests, with 0 failures (0 unexpected) in 0.488 (0.489) seconds
Test Suite 'Selected tests' passed at 2026-08-27 20:18:56.030.
	 Executed 14 tests, with 0 failures (0 unexpected) in 0.488 (0.490) seconds
◇ Test run started.
↳ Testing Library Version: 1501
↳ Target Platform: arm64e-apple-macos14.0
✔ Test run with 0 tests in 0 suites passed after 0.001 seconds.

=== fixed privacy iteration 27 ===
Test Suite 'Selected tests' started at 2026-08-27 20:18:56.492.
Test Suite 'HyperPackageTests.xctest' started at 2026-08-27 20:18:56.493.
Test Suite 'ClipboardPrivacyLifecycleTests' started at 2026-08-27 20:18:56.493.
Test Case '-[HyperTests.ClipboardPrivacyLifecycleTests testCopySourceSnapshotSurvivesSwitchingApplicationsBeforeCapture]' started.
Test Case '-[HyperTests.ClipboardPrivacyLifecycleTests testCopySourceSnapshotSurvivesSwitchingApplicationsBeforeCapture]' passed (0.012 seconds).
Test Case '-[HyperTests.ClipboardPrivacyLifecycleTests testGlobalPauseWritesNothingAndResumeDoesNotBackfillPausedContent]' started.
Test Case '-[HyperTests.ClipboardPrivacyLifecycleTests testGlobalPauseWritesNothingAndResumeDoesNotBackfillPausedContent]' passed (0.009 seconds).
Test Case '-[HyperTests.ClipboardPrivacyLifecycleTests testIgnoredCopySourceCannotLeakAcrossOneHundredImmediateAppSwitches]' started.
Test Case '-[HyperTests.ClipboardPrivacyLifecycleTests testIgnoredCopySourceCannotLeakAcrossOneHundredImmediateAppSwitches]' passed (0.010 seconds).
Test Case '-[HyperTests.ClipboardPrivacyLifecycleTests testIgnoreTextOnlyAndNoImagesRulesAreEnforcedAtCapture]' started.
Test Case '-[HyperTests.ClipboardPrivacyLifecycleTests testIgnoreTextOnlyAndNoImagesRulesAreEnforcedAtCapture]' passed (0.016 seconds).
Test Case '-[HyperTests.ClipboardPrivacyLifecycleTests testPendingSourceIsNotBorrowedByANewUnkeyedChange]' started.
Test Case '-[HyperTests.ClipboardPrivacyLifecycleTests testPendingSourceIsNotBorrowedByANewUnkeyedChange]' passed (0.002 seconds).
Test Case '-[HyperTests.ClipboardPrivacyLifecycleTests testPendingSourceRequiresExactNextChangeCountAndShortWindow]' started.
Test Case '-[HyperTests.ClipboardPrivacyLifecycleTests testPendingSourceRequiresExactNextChangeCountAndShortWindow]' passed (0.002 seconds).
Test Case '-[HyperTests.ClipboardPrivacyLifecycleTests testShutdownInvalidatesDelayedMonitorChecksBeforeFixtureRelease]' started.
Test Case '-[HyperTests.ClipboardPrivacyLifecycleTests testShutdownInvalidatesDelayedMonitorChecksBeforeFixtureRelease]' passed (0.310 seconds).
Test Case '-[HyperTests.ClipboardPrivacyLifecycleTests testShutdownQueueAndStoreShareOneHardTimeoutBudget]' started.
Test Case '-[HyperTests.ClipboardPrivacyLifecycleTests testShutdownQueueAndStoreShareOneHardTimeoutBudget]' passed (0.043 seconds).
Test Case '-[HyperTests.ClipboardPrivacyLifecycleTests testShutdownReportsIncompleteDrainWithoutRetryingForever]' started.
Test Case '-[HyperTests.ClipboardPrivacyLifecycleTests testShutdownReportsIncompleteDrainWithoutRetryingForever]' passed (0.009 seconds).
Test Case '-[HyperTests.ClipboardPrivacyLifecycleTests testShutdownReportsSuccessfulBoundedStoreDrain]' started.
Test Case '-[HyperTests.ClipboardPrivacyLifecycleTests testShutdownReportsSuccessfulBoundedStoreDrain]' passed (0.006 seconds).
Test Case '-[HyperTests.ClipboardPrivacyLifecycleTests testShutdownUsesRealStoreDrainAndReturnsOnlyAfterIndexIsDurable]' started.
Test Case '-[HyperTests.ClipboardPrivacyLifecycleTests testShutdownUsesRealStoreDrainAndReturnsOnlyAfterIndexIsDurable]' passed (0.014 seconds).
Test Case '-[HyperTests.ClipboardPrivacyLifecycleTests testStaleAllowedAndIgnoredSourcesNeverCrossApplicationBoundaryForOneHundredRounds]' started.
Test Case '-[HyperTests.ClipboardPrivacyLifecycleTests testStaleAllowedAndIgnoredSourcesNeverCrossApplicationBoundaryForOneHundredRounds]' passed (0.029 seconds).
Test Case '-[HyperTests.ClipboardPrivacyLifecycleTests testUnknownPollingSourceIsStoredWithoutFalseAttributionWhenNoRulesExist]' started.
Test Case '-[HyperTests.ClipboardPrivacyLifecycleTests testUnknownPollingSourceIsStoredWithoutFalseAttributionWhenNoRulesExist]' passed (0.010 seconds).
Test Case '-[HyperTests.ClipboardPrivacyLifecycleTests testUnknownPollingSourceUsesMostRestrictiveConfiguredRule]' started.
Test Case '-[HyperTests.ClipboardPrivacyLifecycleTests testUnknownPollingSourceUsesMostRestrictiveConfiguredRule]' passed (0.004 seconds).
Test Suite 'ClipboardPrivacyLifecycleTests' passed at 2026-08-27 20:18:56.973.
	 Executed 14 tests, with 0 failures (0 unexpected) in 0.478 (0.480) seconds
Test Suite 'HyperPackageTests.xctest' passed at 2026-08-27 20:18:56.973.
	 Executed 14 tests, with 0 failures (0 unexpected) in 0.478 (0.480) seconds
Test Suite 'Selected tests' passed at 2026-08-27 20:18:56.973.
	 Executed 14 tests, with 0 failures (0 unexpected) in 0.478 (0.481) seconds
◇ Test run started.
↳ Testing Library Version: 1501
↳ Target Platform: arm64e-apple-macos14.0
✔ Test run with 0 tests in 0 suites passed after 0.001 seconds.

=== fixed privacy iteration 28 ===
Test Suite 'Selected tests' started at 2026-08-27 20:18:57.422.
Test Suite 'HyperPackageTests.xctest' started at 2026-08-27 20:18:57.423.
Test Suite 'ClipboardPrivacyLifecycleTests' started at 2026-08-27 20:18:57.423.
Test Case '-[HyperTests.ClipboardPrivacyLifecycleTests testCopySourceSnapshotSurvivesSwitchingApplicationsBeforeCapture]' started.
Test Case '-[HyperTests.ClipboardPrivacyLifecycleTests testCopySourceSnapshotSurvivesSwitchingApplicationsBeforeCapture]' passed (0.012 seconds).
Test Case '-[HyperTests.ClipboardPrivacyLifecycleTests testGlobalPauseWritesNothingAndResumeDoesNotBackfillPausedContent]' started.
Test Case '-[HyperTests.ClipboardPrivacyLifecycleTests testGlobalPauseWritesNothingAndResumeDoesNotBackfillPausedContent]' passed (0.009 seconds).
Test Case '-[HyperTests.ClipboardPrivacyLifecycleTests testIgnoredCopySourceCannotLeakAcrossOneHundredImmediateAppSwitches]' started.
Test Case '-[HyperTests.ClipboardPrivacyLifecycleTests testIgnoredCopySourceCannotLeakAcrossOneHundredImmediateAppSwitches]' passed (0.010 seconds).
Test Case '-[HyperTests.ClipboardPrivacyLifecycleTests testIgnoreTextOnlyAndNoImagesRulesAreEnforcedAtCapture]' started.
Test Case '-[HyperTests.ClipboardPrivacyLifecycleTests testIgnoreTextOnlyAndNoImagesRulesAreEnforcedAtCapture]' passed (0.015 seconds).
Test Case '-[HyperTests.ClipboardPrivacyLifecycleTests testPendingSourceIsNotBorrowedByANewUnkeyedChange]' started.
Test Case '-[HyperTests.ClipboardPrivacyLifecycleTests testPendingSourceIsNotBorrowedByANewUnkeyedChange]' passed (0.002 seconds).
Test Case '-[HyperTests.ClipboardPrivacyLifecycleTests testPendingSourceRequiresExactNextChangeCountAndShortWindow]' started.
Test Case '-[HyperTests.ClipboardPrivacyLifecycleTests testPendingSourceRequiresExactNextChangeCountAndShortWindow]' passed (0.002 seconds).
Test Case '-[HyperTests.ClipboardPrivacyLifecycleTests testShutdownInvalidatesDelayedMonitorChecksBeforeFixtureRelease]' started.
Test Case '-[HyperTests.ClipboardPrivacyLifecycleTests testShutdownInvalidatesDelayedMonitorChecksBeforeFixtureRelease]' passed (0.312 seconds).
Test Case '-[HyperTests.ClipboardPrivacyLifecycleTests testShutdownQueueAndStoreShareOneHardTimeoutBudget]' started.
Test Case '-[HyperTests.ClipboardPrivacyLifecycleTests testShutdownQueueAndStoreShareOneHardTimeoutBudget]' passed (0.045 seconds).
Test Case '-[HyperTests.ClipboardPrivacyLifecycleTests testShutdownReportsIncompleteDrainWithoutRetryingForever]' started.
Test Case '-[HyperTests.ClipboardPrivacyLifecycleTests testShutdownReportsIncompleteDrainWithoutRetryingForever]' passed (0.009 seconds).
Test Case '-[HyperTests.ClipboardPrivacyLifecycleTests testShutdownReportsSuccessfulBoundedStoreDrain]' started.
Test Case '-[HyperTests.ClipboardPrivacyLifecycleTests testShutdownReportsSuccessfulBoundedStoreDrain]' passed (0.006 seconds).
Test Case '-[HyperTests.ClipboardPrivacyLifecycleTests testShutdownUsesRealStoreDrainAndReturnsOnlyAfterIndexIsDurable]' started.
Test Case '-[HyperTests.ClipboardPrivacyLifecycleTests testShutdownUsesRealStoreDrainAndReturnsOnlyAfterIndexIsDurable]' passed (0.013 seconds).
Test Case '-[HyperTests.ClipboardPrivacyLifecycleTests testStaleAllowedAndIgnoredSourcesNeverCrossApplicationBoundaryForOneHundredRounds]' started.
Test Case '-[HyperTests.ClipboardPrivacyLifecycleTests testStaleAllowedAndIgnoredSourcesNeverCrossApplicationBoundaryForOneHundredRounds]' passed (0.029 seconds).
Test Case '-[HyperTests.ClipboardPrivacyLifecycleTests testUnknownPollingSourceIsStoredWithoutFalseAttributionWhenNoRulesExist]' started.
Test Case '-[HyperTests.ClipboardPrivacyLifecycleTests testUnknownPollingSourceIsStoredWithoutFalseAttributionWhenNoRulesExist]' passed (0.010 seconds).
Test Case '-[HyperTests.ClipboardPrivacyLifecycleTests testUnknownPollingSourceUsesMostRestrictiveConfiguredRule]' started.
Test Case '-[HyperTests.ClipboardPrivacyLifecycleTests testUnknownPollingSourceUsesMostRestrictiveConfiguredRule]' passed (0.004 seconds).
Test Suite 'ClipboardPrivacyLifecycleTests' passed at 2026-08-27 20:18:57.902.
	 Executed 14 tests, with 0 failures (0 unexpected) in 0.477 (0.479) seconds
Test Suite 'HyperPackageTests.xctest' passed at 2026-08-27 20:18:57.902.
	 Executed 14 tests, with 0 failures (0 unexpected) in 0.477 (0.479) seconds
Test Suite 'Selected tests' passed at 2026-08-27 20:18:57.902.
	 Executed 14 tests, with 0 failures (0 unexpected) in 0.477 (0.480) seconds
◇ Test run started.
↳ Testing Library Version: 1501
↳ Target Platform: arm64e-apple-macos14.0
✔ Test run with 0 tests in 0 suites passed after 0.001 seconds.

=== fixed privacy iteration 29 ===
Test Suite 'Selected tests' started at 2026-08-27 20:18:58.348.
Test Suite 'HyperPackageTests.xctest' started at 2026-08-27 20:18:58.349.
Test Suite 'ClipboardPrivacyLifecycleTests' started at 2026-08-27 20:18:58.349.
Test Case '-[HyperTests.ClipboardPrivacyLifecycleTests testCopySourceSnapshotSurvivesSwitchingApplicationsBeforeCapture]' started.
Test Case '-[HyperTests.ClipboardPrivacyLifecycleTests testCopySourceSnapshotSurvivesSwitchingApplicationsBeforeCapture]' passed (0.013 seconds).
Test Case '-[HyperTests.ClipboardPrivacyLifecycleTests testGlobalPauseWritesNothingAndResumeDoesNotBackfillPausedContent]' started.
Test Case '-[HyperTests.ClipboardPrivacyLifecycleTests testGlobalPauseWritesNothingAndResumeDoesNotBackfillPausedContent]' passed (0.009 seconds).
Test Case '-[HyperTests.ClipboardPrivacyLifecycleTests testIgnoredCopySourceCannotLeakAcrossOneHundredImmediateAppSwitches]' started.
Test Case '-[HyperTests.ClipboardPrivacyLifecycleTests testIgnoredCopySourceCannotLeakAcrossOneHundredImmediateAppSwitches]' passed (0.011 seconds).
Test Case '-[HyperTests.ClipboardPrivacyLifecycleTests testIgnoreTextOnlyAndNoImagesRulesAreEnforcedAtCapture]' started.
Test Case '-[HyperTests.ClipboardPrivacyLifecycleTests testIgnoreTextOnlyAndNoImagesRulesAreEnforcedAtCapture]' passed (0.014 seconds).
Test Case '-[HyperTests.ClipboardPrivacyLifecycleTests testPendingSourceIsNotBorrowedByANewUnkeyedChange]' started.
Test Case '-[HyperTests.ClipboardPrivacyLifecycleTests testPendingSourceIsNotBorrowedByANewUnkeyedChange]' passed (0.002 seconds).
Test Case '-[HyperTests.ClipboardPrivacyLifecycleTests testPendingSourceRequiresExactNextChangeCountAndShortWindow]' started.
Test Case '-[HyperTests.ClipboardPrivacyLifecycleTests testPendingSourceRequiresExactNextChangeCountAndShortWindow]' passed (0.002 seconds).
Test Case '-[HyperTests.ClipboardPrivacyLifecycleTests testShutdownInvalidatesDelayedMonitorChecksBeforeFixtureRelease]' started.
Test Case '-[HyperTests.ClipboardPrivacyLifecycleTests testShutdownInvalidatesDelayedMonitorChecksBeforeFixtureRelease]' passed (0.310 seconds).
Test Case '-[HyperTests.ClipboardPrivacyLifecycleTests testShutdownQueueAndStoreShareOneHardTimeoutBudget]' started.
Test Case '-[HyperTests.ClipboardPrivacyLifecycleTests testShutdownQueueAndStoreShareOneHardTimeoutBudget]' passed (0.046 seconds).
Test Case '-[HyperTests.ClipboardPrivacyLifecycleTests testShutdownReportsIncompleteDrainWithoutRetryingForever]' started.
Test Case '-[HyperTests.ClipboardPrivacyLifecycleTests testShutdownReportsIncompleteDrainWithoutRetryingForever]' passed (0.013 seconds).
Test Case '-[HyperTests.ClipboardPrivacyLifecycleTests testShutdownReportsSuccessfulBoundedStoreDrain]' started.
Test Case '-[HyperTests.ClipboardPrivacyLifecycleTests testShutdownReportsSuccessfulBoundedStoreDrain]' passed (0.005 seconds).
Test Case '-[HyperTests.ClipboardPrivacyLifecycleTests testShutdownUsesRealStoreDrainAndReturnsOnlyAfterIndexIsDurable]' started.
Test Case '-[HyperTests.ClipboardPrivacyLifecycleTests testShutdownUsesRealStoreDrainAndReturnsOnlyAfterIndexIsDurable]' passed (0.013 seconds).
Test Case '-[HyperTests.ClipboardPrivacyLifecycleTests testStaleAllowedAndIgnoredSourcesNeverCrossApplicationBoundaryForOneHundredRounds]' started.
Test Case '-[HyperTests.ClipboardPrivacyLifecycleTests testStaleAllowedAndIgnoredSourcesNeverCrossApplicationBoundaryForOneHundredRounds]' passed (0.030 seconds).
Test Case '-[HyperTests.ClipboardPrivacyLifecycleTests testUnknownPollingSourceIsStoredWithoutFalseAttributionWhenNoRulesExist]' started.
Test Case '-[HyperTests.ClipboardPrivacyLifecycleTests testUnknownPollingSourceIsStoredWithoutFalseAttributionWhenNoRulesExist]' passed (0.010 seconds).
Test Case '-[HyperTests.ClipboardPrivacyLifecycleTests testUnknownPollingSourceUsesMostRestrictiveConfiguredRule]' started.
Test Case '-[HyperTests.ClipboardPrivacyLifecycleTests testUnknownPollingSourceUsesMostRestrictiveConfiguredRule]' passed (0.003 seconds).
Test Suite 'ClipboardPrivacyLifecycleTests' passed at 2026-08-27 20:18:58.831.
	 Executed 14 tests, with 0 failures (0 unexpected) in 0.480 (0.482) seconds
Test Suite 'HyperPackageTests.xctest' passed at 2026-08-27 20:18:58.831.
	 Executed 14 tests, with 0 failures (0 unexpected) in 0.480 (0.482) seconds
Test Suite 'Selected tests' passed at 2026-08-27 20:18:58.831.
	 Executed 14 tests, with 0 failures (0 unexpected) in 0.480 (0.483) seconds
◇ Test run started.
↳ Testing Library Version: 1501
↳ Target Platform: arm64e-apple-macos14.0
✔ Test run with 0 tests in 0 suites passed after 0.001 seconds.

=== fixed privacy iteration 30 ===
Test Suite 'Selected tests' started at 2026-08-27 20:18:59.293.
Test Suite 'HyperPackageTests.xctest' started at 2026-08-27 20:18:59.294.
Test Suite 'ClipboardPrivacyLifecycleTests' started at 2026-08-27 20:18:59.294.
Test Case '-[HyperTests.ClipboardPrivacyLifecycleTests testCopySourceSnapshotSurvivesSwitchingApplicationsBeforeCapture]' started.
Test Case '-[HyperTests.ClipboardPrivacyLifecycleTests testCopySourceSnapshotSurvivesSwitchingApplicationsBeforeCapture]' passed (0.013 seconds).
Test Case '-[HyperTests.ClipboardPrivacyLifecycleTests testGlobalPauseWritesNothingAndResumeDoesNotBackfillPausedContent]' started.
Test Case '-[HyperTests.ClipboardPrivacyLifecycleTests testGlobalPauseWritesNothingAndResumeDoesNotBackfillPausedContent]' passed (0.010 seconds).
Test Case '-[HyperTests.ClipboardPrivacyLifecycleTests testIgnoredCopySourceCannotLeakAcrossOneHundredImmediateAppSwitches]' started.
Test Case '-[HyperTests.ClipboardPrivacyLifecycleTests testIgnoredCopySourceCannotLeakAcrossOneHundredImmediateAppSwitches]' passed (0.012 seconds).
Test Case '-[HyperTests.ClipboardPrivacyLifecycleTests testIgnoreTextOnlyAndNoImagesRulesAreEnforcedAtCapture]' started.
Test Case '-[HyperTests.ClipboardPrivacyLifecycleTests testIgnoreTextOnlyAndNoImagesRulesAreEnforcedAtCapture]' passed (0.016 seconds).
Test Case '-[HyperTests.ClipboardPrivacyLifecycleTests testPendingSourceIsNotBorrowedByANewUnkeyedChange]' started.
Test Case '-[HyperTests.ClipboardPrivacyLifecycleTests testPendingSourceIsNotBorrowedByANewUnkeyedChange]' passed (0.002 seconds).
Test Case '-[HyperTests.ClipboardPrivacyLifecycleTests testPendingSourceRequiresExactNextChangeCountAndShortWindow]' started.
Test Case '-[HyperTests.ClipboardPrivacyLifecycleTests testPendingSourceRequiresExactNextChangeCountAndShortWindow]' passed (0.002 seconds).
Test Case '-[HyperTests.ClipboardPrivacyLifecycleTests testShutdownInvalidatesDelayedMonitorChecksBeforeFixtureRelease]' started.
Test Case '-[HyperTests.ClipboardPrivacyLifecycleTests testShutdownInvalidatesDelayedMonitorChecksBeforeFixtureRelease]' passed (0.309 seconds).
Test Case '-[HyperTests.ClipboardPrivacyLifecycleTests testShutdownQueueAndStoreShareOneHardTimeoutBudget]' started.
Test Case '-[HyperTests.ClipboardPrivacyLifecycleTests testShutdownQueueAndStoreShareOneHardTimeoutBudget]' passed (0.045 seconds).
Test Case '-[HyperTests.ClipboardPrivacyLifecycleTests testShutdownReportsIncompleteDrainWithoutRetryingForever]' started.
Test Case '-[HyperTests.ClipboardPrivacyLifecycleTests testShutdownReportsIncompleteDrainWithoutRetryingForever]' passed (0.008 seconds).
Test Case '-[HyperTests.ClipboardPrivacyLifecycleTests testShutdownReportsSuccessfulBoundedStoreDrain]' started.
Test Case '-[HyperTests.ClipboardPrivacyLifecycleTests testShutdownReportsSuccessfulBoundedStoreDrain]' passed (0.005 seconds).
Test Case '-[HyperTests.ClipboardPrivacyLifecycleTests testShutdownUsesRealStoreDrainAndReturnsOnlyAfterIndexIsDurable]' started.
Test Case '-[HyperTests.ClipboardPrivacyLifecycleTests testShutdownUsesRealStoreDrainAndReturnsOnlyAfterIndexIsDurable]' passed (0.013 seconds).
Test Case '-[HyperTests.ClipboardPrivacyLifecycleTests testStaleAllowedAndIgnoredSourcesNeverCrossApplicationBoundaryForOneHundredRounds]' started.
Test Case '-[HyperTests.ClipboardPrivacyLifecycleTests testStaleAllowedAndIgnoredSourcesNeverCrossApplicationBoundaryForOneHundredRounds]' passed (0.028 seconds).
Test Case '-[HyperTests.ClipboardPrivacyLifecycleTests testUnknownPollingSourceIsStoredWithoutFalseAttributionWhenNoRulesExist]' started.
Test Case '-[HyperTests.ClipboardPrivacyLifecycleTests testUnknownPollingSourceIsStoredWithoutFalseAttributionWhenNoRulesExist]' passed (0.010 seconds).
Test Case '-[HyperTests.ClipboardPrivacyLifecycleTests testUnknownPollingSourceUsesMostRestrictiveConfiguredRule]' started.
Test Case '-[HyperTests.ClipboardPrivacyLifecycleTests testUnknownPollingSourceUsesMostRestrictiveConfiguredRule]' passed (0.004 seconds).
Test Suite 'ClipboardPrivacyLifecycleTests' passed at 2026-08-27 20:18:59.772.
	 Executed 14 tests, with 0 failures (0 unexpected) in 0.476 (0.477) seconds
Test Suite 'HyperPackageTests.xctest' passed at 2026-08-27 20:18:59.772.
	 Executed 14 tests, with 0 failures (0 unexpected) in 0.476 (0.477) seconds
Test Suite 'Selected tests' passed at 2026-08-27 20:18:59.772.
	 Executed 14 tests, with 0 failures (0 unexpected) in 0.476 (0.478) seconds
◇ Test run started.
↳ Testing Library Version: 1501
↳ Target Platform: arm64e-apple-macos14.0
✔ Test run with 0 tests in 0 suites passed after 0.001 seconds.

=== fixed privacy iteration 31 ===
Test Suite 'Selected tests' started at 2026-08-27 20:19:00.226.
Test Suite 'HyperPackageTests.xctest' started at 2026-08-27 20:19:00.227.
Test Suite 'ClipboardPrivacyLifecycleTests' started at 2026-08-27 20:19:00.227.
Test Case '-[HyperTests.ClipboardPrivacyLifecycleTests testCopySourceSnapshotSurvivesSwitchingApplicationsBeforeCapture]' started.
Test Case '-[HyperTests.ClipboardPrivacyLifecycleTests testCopySourceSnapshotSurvivesSwitchingApplicationsBeforeCapture]' passed (0.013 seconds).
Test Case '-[HyperTests.ClipboardPrivacyLifecycleTests testGlobalPauseWritesNothingAndResumeDoesNotBackfillPausedContent]' started.
Test Case '-[HyperTests.ClipboardPrivacyLifecycleTests testGlobalPauseWritesNothingAndResumeDoesNotBackfillPausedContent]' passed (0.009 seconds).
Test Case '-[HyperTests.ClipboardPrivacyLifecycleTests testIgnoredCopySourceCannotLeakAcrossOneHundredImmediateAppSwitches]' started.
Test Case '-[HyperTests.ClipboardPrivacyLifecycleTests testIgnoredCopySourceCannotLeakAcrossOneHundredImmediateAppSwitches]' passed (0.010 seconds).
Test Case '-[HyperTests.ClipboardPrivacyLifecycleTests testIgnoreTextOnlyAndNoImagesRulesAreEnforcedAtCapture]' started.
Test Case '-[HyperTests.ClipboardPrivacyLifecycleTests testIgnoreTextOnlyAndNoImagesRulesAreEnforcedAtCapture]' passed (0.015 seconds).
Test Case '-[HyperTests.ClipboardPrivacyLifecycleTests testPendingSourceIsNotBorrowedByANewUnkeyedChange]' started.
Test Case '-[HyperTests.ClipboardPrivacyLifecycleTests testPendingSourceIsNotBorrowedByANewUnkeyedChange]' passed (0.002 seconds).
Test Case '-[HyperTests.ClipboardPrivacyLifecycleTests testPendingSourceRequiresExactNextChangeCountAndShortWindow]' started.
Test Case '-[HyperTests.ClipboardPrivacyLifecycleTests testPendingSourceRequiresExactNextChangeCountAndShortWindow]' passed (0.002 seconds).
Test Case '-[HyperTests.ClipboardPrivacyLifecycleTests testShutdownInvalidatesDelayedMonitorChecksBeforeFixtureRelease]' started.
Test Case '-[HyperTests.ClipboardPrivacyLifecycleTests testShutdownInvalidatesDelayedMonitorChecksBeforeFixtureRelease]' passed (0.311 seconds).
Test Case '-[HyperTests.ClipboardPrivacyLifecycleTests testShutdownQueueAndStoreShareOneHardTimeoutBudget]' started.
Test Case '-[HyperTests.ClipboardPrivacyLifecycleTests testShutdownQueueAndStoreShareOneHardTimeoutBudget]' passed (0.049 seconds).
Test Case '-[HyperTests.ClipboardPrivacyLifecycleTests testShutdownReportsIncompleteDrainWithoutRetryingForever]' started.
Test Case '-[HyperTests.ClipboardPrivacyLifecycleTests testShutdownReportsIncompleteDrainWithoutRetryingForever]' passed (0.009 seconds).
Test Case '-[HyperTests.ClipboardPrivacyLifecycleTests testShutdownReportsSuccessfulBoundedStoreDrain]' started.
Test Case '-[HyperTests.ClipboardPrivacyLifecycleTests testShutdownReportsSuccessfulBoundedStoreDrain]' passed (0.005 seconds).
Test Case '-[HyperTests.ClipboardPrivacyLifecycleTests testShutdownUsesRealStoreDrainAndReturnsOnlyAfterIndexIsDurable]' started.
Test Case '-[HyperTests.ClipboardPrivacyLifecycleTests testShutdownUsesRealStoreDrainAndReturnsOnlyAfterIndexIsDurable]' passed (0.012 seconds).
Test Case '-[HyperTests.ClipboardPrivacyLifecycleTests testStaleAllowedAndIgnoredSourcesNeverCrossApplicationBoundaryForOneHundredRounds]' started.
Test Case '-[HyperTests.ClipboardPrivacyLifecycleTests testStaleAllowedAndIgnoredSourcesNeverCrossApplicationBoundaryForOneHundredRounds]' passed (0.028 seconds).
Test Case '-[HyperTests.ClipboardPrivacyLifecycleTests testUnknownPollingSourceIsStoredWithoutFalseAttributionWhenNoRulesExist]' started.
Test Case '-[HyperTests.ClipboardPrivacyLifecycleTests testUnknownPollingSourceIsStoredWithoutFalseAttributionWhenNoRulesExist]' passed (0.010 seconds).
Test Case '-[HyperTests.ClipboardPrivacyLifecycleTests testUnknownPollingSourceUsesMostRestrictiveConfiguredRule]' started.
Test Case '-[HyperTests.ClipboardPrivacyLifecycleTests testUnknownPollingSourceUsesMostRestrictiveConfiguredRule]' passed (0.003 seconds).
Test Suite 'ClipboardPrivacyLifecycleTests' passed at 2026-08-27 20:19:00.706.
	 Executed 14 tests, with 0 failures (0 unexpected) in 0.478 (0.480) seconds
Test Suite 'HyperPackageTests.xctest' passed at 2026-08-27 20:19:00.706.
	 Executed 14 tests, with 0 failures (0 unexpected) in 0.478 (0.480) seconds
Test Suite 'Selected tests' passed at 2026-08-27 20:19:00.706.
	 Executed 14 tests, with 0 failures (0 unexpected) in 0.478 (0.481) seconds
◇ Test run started.
↳ Testing Library Version: 1501
↳ Target Platform: arm64e-apple-macos14.0
✔ Test run with 0 tests in 0 suites passed after 0.001 seconds.

=== fixed privacy iteration 32 ===
Test Suite 'Selected tests' started at 2026-08-27 20:19:01.171.
Test Suite 'HyperPackageTests.xctest' started at 2026-08-27 20:19:01.172.
Test Suite 'ClipboardPrivacyLifecycleTests' started at 2026-08-27 20:19:01.172.
Test Case '-[HyperTests.ClipboardPrivacyLifecycleTests testCopySourceSnapshotSurvivesSwitchingApplicationsBeforeCapture]' started.
Test Case '-[HyperTests.ClipboardPrivacyLifecycleTests testCopySourceSnapshotSurvivesSwitchingApplicationsBeforeCapture]' passed (0.013 seconds).
Test Case '-[HyperTests.ClipboardPrivacyLifecycleTests testGlobalPauseWritesNothingAndResumeDoesNotBackfillPausedContent]' started.
Test Case '-[HyperTests.ClipboardPrivacyLifecycleTests testGlobalPauseWritesNothingAndResumeDoesNotBackfillPausedContent]' passed (0.009 seconds).
Test Case '-[HyperTests.ClipboardPrivacyLifecycleTests testIgnoredCopySourceCannotLeakAcrossOneHundredImmediateAppSwitches]' started.
Test Case '-[HyperTests.ClipboardPrivacyLifecycleTests testIgnoredCopySourceCannotLeakAcrossOneHundredImmediateAppSwitches]' passed (0.011 seconds).
Test Case '-[HyperTests.ClipboardPrivacyLifecycleTests testIgnoreTextOnlyAndNoImagesRulesAreEnforcedAtCapture]' started.
Test Case '-[HyperTests.ClipboardPrivacyLifecycleTests testIgnoreTextOnlyAndNoImagesRulesAreEnforcedAtCapture]' passed (0.015 seconds).
Test Case '-[HyperTests.ClipboardPrivacyLifecycleTests testPendingSourceIsNotBorrowedByANewUnkeyedChange]' started.
Test Case '-[HyperTests.ClipboardPrivacyLifecycleTests testPendingSourceIsNotBorrowedByANewUnkeyedChange]' passed (0.002 seconds).
Test Case '-[HyperTests.ClipboardPrivacyLifecycleTests testPendingSourceRequiresExactNextChangeCountAndShortWindow]' started.
Test Case '-[HyperTests.ClipboardPrivacyLifecycleTests testPendingSourceRequiresExactNextChangeCountAndShortWindow]' passed (0.002 seconds).
Test Case '-[HyperTests.ClipboardPrivacyLifecycleTests testShutdownInvalidatesDelayedMonitorChecksBeforeFixtureRelease]' started.
Test Case '-[HyperTests.ClipboardPrivacyLifecycleTests testShutdownInvalidatesDelayedMonitorChecksBeforeFixtureRelease]' passed (0.309 seconds).
Test Case '-[HyperTests.ClipboardPrivacyLifecycleTests testShutdownQueueAndStoreShareOneHardTimeoutBudget]' started.
Test Case '-[HyperTests.ClipboardPrivacyLifecycleTests testShutdownQueueAndStoreShareOneHardTimeoutBudget]' passed (0.038 seconds).
Test Case '-[HyperTests.ClipboardPrivacyLifecycleTests testShutdownReportsIncompleteDrainWithoutRetryingForever]' started.
Test Case '-[HyperTests.ClipboardPrivacyLifecycleTests testShutdownReportsIncompleteDrainWithoutRetryingForever]' passed (0.005 seconds).
Test Case '-[HyperTests.ClipboardPrivacyLifecycleTests testShutdownReportsSuccessfulBoundedStoreDrain]' started.
Test Case '-[HyperTests.ClipboardPrivacyLifecycleTests testShutdownReportsSuccessfulBoundedStoreDrain]' passed (0.004 seconds).
Test Case '-[HyperTests.ClipboardPrivacyLifecycleTests testShutdownUsesRealStoreDrainAndReturnsOnlyAfterIndexIsDurable]' started.
Test Case '-[HyperTests.ClipboardPrivacyLifecycleTests testShutdownUsesRealStoreDrainAndReturnsOnlyAfterIndexIsDurable]' passed (0.012 seconds).
Test Case '-[HyperTests.ClipboardPrivacyLifecycleTests testStaleAllowedAndIgnoredSourcesNeverCrossApplicationBoundaryForOneHundredRounds]' started.
Test Case '-[HyperTests.ClipboardPrivacyLifecycleTests testStaleAllowedAndIgnoredSourcesNeverCrossApplicationBoundaryForOneHundredRounds]' passed (0.026 seconds).
Test Case '-[HyperTests.ClipboardPrivacyLifecycleTests testUnknownPollingSourceIsStoredWithoutFalseAttributionWhenNoRulesExist]' started.
Test Case '-[HyperTests.ClipboardPrivacyLifecycleTests testUnknownPollingSourceIsStoredWithoutFalseAttributionWhenNoRulesExist]' passed (0.009 seconds).
Test Case '-[HyperTests.ClipboardPrivacyLifecycleTests testUnknownPollingSourceUsesMostRestrictiveConfiguredRule]' started.
Test Case '-[HyperTests.ClipboardPrivacyLifecycleTests testUnknownPollingSourceUsesMostRestrictiveConfiguredRule]' passed (0.003 seconds).
Test Suite 'ClipboardPrivacyLifecycleTests' passed at 2026-08-27 20:19:01.632.
	 Executed 14 tests, with 0 failures (0 unexpected) in 0.459 (0.460) seconds
Test Suite 'HyperPackageTests.xctest' passed at 2026-08-27 20:19:01.633.
	 Executed 14 tests, with 0 failures (0 unexpected) in 0.459 (0.460) seconds
Test Suite 'Selected tests' passed at 2026-08-27 20:19:01.633.
	 Executed 14 tests, with 0 failures (0 unexpected) in 0.459 (0.461) seconds
◇ Test run started.
↳ Testing Library Version: 1501
↳ Target Platform: arm64e-apple-macos14.0
✔ Test run with 0 tests in 0 suites passed after 0.001 seconds.

=== fixed privacy iteration 33 ===
Test Suite 'Selected tests' started at 2026-08-27 20:19:02.078.
Test Suite 'HyperPackageTests.xctest' started at 2026-08-27 20:19:02.079.
Test Suite 'ClipboardPrivacyLifecycleTests' started at 2026-08-27 20:19:02.079.
Test Case '-[HyperTests.ClipboardPrivacyLifecycleTests testCopySourceSnapshotSurvivesSwitchingApplicationsBeforeCapture]' started.
Test Case '-[HyperTests.ClipboardPrivacyLifecycleTests testCopySourceSnapshotSurvivesSwitchingApplicationsBeforeCapture]' passed (0.013 seconds).
Test Case '-[HyperTests.ClipboardPrivacyLifecycleTests testGlobalPauseWritesNothingAndResumeDoesNotBackfillPausedContent]' started.
Test Case '-[HyperTests.ClipboardPrivacyLifecycleTests testGlobalPauseWritesNothingAndResumeDoesNotBackfillPausedContent]' passed (0.009 seconds).
Test Case '-[HyperTests.ClipboardPrivacyLifecycleTests testIgnoredCopySourceCannotLeakAcrossOneHundredImmediateAppSwitches]' started.
Test Case '-[HyperTests.ClipboardPrivacyLifecycleTests testIgnoredCopySourceCannotLeakAcrossOneHundredImmediateAppSwitches]' passed (0.010 seconds).
Test Case '-[HyperTests.ClipboardPrivacyLifecycleTests testIgnoreTextOnlyAndNoImagesRulesAreEnforcedAtCapture]' started.
Test Case '-[HyperTests.ClipboardPrivacyLifecycleTests testIgnoreTextOnlyAndNoImagesRulesAreEnforcedAtCapture]' passed (0.015 seconds).
Test Case '-[HyperTests.ClipboardPrivacyLifecycleTests testPendingSourceIsNotBorrowedByANewUnkeyedChange]' started.
Test Case '-[HyperTests.ClipboardPrivacyLifecycleTests testPendingSourceIsNotBorrowedByANewUnkeyedChange]' passed (0.002 seconds).
Test Case '-[HyperTests.ClipboardPrivacyLifecycleTests testPendingSourceRequiresExactNextChangeCountAndShortWindow]' started.
Test Case '-[HyperTests.ClipboardPrivacyLifecycleTests testPendingSourceRequiresExactNextChangeCountAndShortWindow]' passed (0.002 seconds).
Test Case '-[HyperTests.ClipboardPrivacyLifecycleTests testShutdownInvalidatesDelayedMonitorChecksBeforeFixtureRelease]' started.
Test Case '-[HyperTests.ClipboardPrivacyLifecycleTests testShutdownInvalidatesDelayedMonitorChecksBeforeFixtureRelease]' passed (0.310 seconds).
Test Case '-[HyperTests.ClipboardPrivacyLifecycleTests testShutdownQueueAndStoreShareOneHardTimeoutBudget]' started.
Test Case '-[HyperTests.ClipboardPrivacyLifecycleTests testShutdownQueueAndStoreShareOneHardTimeoutBudget]' passed (0.046 seconds).
Test Case '-[HyperTests.ClipboardPrivacyLifecycleTests testShutdownReportsIncompleteDrainWithoutRetryingForever]' started.
Test Case '-[HyperTests.ClipboardPrivacyLifecycleTests testShutdownReportsIncompleteDrainWithoutRetryingForever]' passed (0.010 seconds).
Test Case '-[HyperTests.ClipboardPrivacyLifecycleTests testShutdownReportsSuccessfulBoundedStoreDrain]' started.
Test Case '-[HyperTests.ClipboardPrivacyLifecycleTests testShutdownReportsSuccessfulBoundedStoreDrain]' passed (0.005 seconds).
Test Case '-[HyperTests.ClipboardPrivacyLifecycleTests testShutdownUsesRealStoreDrainAndReturnsOnlyAfterIndexIsDurable]' started.
Test Case '-[HyperTests.ClipboardPrivacyLifecycleTests testShutdownUsesRealStoreDrainAndReturnsOnlyAfterIndexIsDurable]' passed (0.012 seconds).
Test Case '-[HyperTests.ClipboardPrivacyLifecycleTests testStaleAllowedAndIgnoredSourcesNeverCrossApplicationBoundaryForOneHundredRounds]' started.
Test Case '-[HyperTests.ClipboardPrivacyLifecycleTests testStaleAllowedAndIgnoredSourcesNeverCrossApplicationBoundaryForOneHundredRounds]' passed (0.030 seconds).
Test Case '-[HyperTests.ClipboardPrivacyLifecycleTests testUnknownPollingSourceIsStoredWithoutFalseAttributionWhenNoRulesExist]' started.
Test Case '-[HyperTests.ClipboardPrivacyLifecycleTests testUnknownPollingSourceIsStoredWithoutFalseAttributionWhenNoRulesExist]' passed (0.034 seconds).
Test Case '-[HyperTests.ClipboardPrivacyLifecycleTests testUnknownPollingSourceUsesMostRestrictiveConfiguredRule]' started.
Test Case '-[HyperTests.ClipboardPrivacyLifecycleTests testUnknownPollingSourceUsesMostRestrictiveConfiguredRule]' passed (0.005 seconds).
Test Suite 'ClipboardPrivacyLifecycleTests' passed at 2026-08-27 20:19:02.582.
	 Executed 14 tests, with 0 failures (0 unexpected) in 0.502 (0.504) seconds
Test Suite 'HyperPackageTests.xctest' passed at 2026-08-27 20:19:02.582.
	 Executed 14 tests, with 0 failures (0 unexpected) in 0.502 (0.504) seconds
Test Suite 'Selected tests' passed at 2026-08-27 20:19:02.582.
	 Executed 14 tests, with 0 failures (0 unexpected) in 0.502 (0.505) seconds
◇ Test run started.
↳ Testing Library Version: 1501
↳ Target Platform: arm64e-apple-macos14.0
✔ Test run with 0 tests in 0 suites passed after 0.001 seconds.

=== fixed privacy iteration 34 ===
Test Suite 'Selected tests' started at 2026-08-27 20:19:03.029.
Test Suite 'HyperPackageTests.xctest' started at 2026-08-27 20:19:03.030.
Test Suite 'ClipboardPrivacyLifecycleTests' started at 2026-08-27 20:19:03.030.
Test Case '-[HyperTests.ClipboardPrivacyLifecycleTests testCopySourceSnapshotSurvivesSwitchingApplicationsBeforeCapture]' started.
Test Case '-[HyperTests.ClipboardPrivacyLifecycleTests testCopySourceSnapshotSurvivesSwitchingApplicationsBeforeCapture]' passed (0.013 seconds).
Test Case '-[HyperTests.ClipboardPrivacyLifecycleTests testGlobalPauseWritesNothingAndResumeDoesNotBackfillPausedContent]' started.
Test Case '-[HyperTests.ClipboardPrivacyLifecycleTests testGlobalPauseWritesNothingAndResumeDoesNotBackfillPausedContent]' passed (0.009 seconds).
Test Case '-[HyperTests.ClipboardPrivacyLifecycleTests testIgnoredCopySourceCannotLeakAcrossOneHundredImmediateAppSwitches]' started.
Test Case '-[HyperTests.ClipboardPrivacyLifecycleTests testIgnoredCopySourceCannotLeakAcrossOneHundredImmediateAppSwitches]' passed (0.010 seconds).
Test Case '-[HyperTests.ClipboardPrivacyLifecycleTests testIgnoreTextOnlyAndNoImagesRulesAreEnforcedAtCapture]' started.
Test Case '-[HyperTests.ClipboardPrivacyLifecycleTests testIgnoreTextOnlyAndNoImagesRulesAreEnforcedAtCapture]' passed (0.015 seconds).
Test Case '-[HyperTests.ClipboardPrivacyLifecycleTests testPendingSourceIsNotBorrowedByANewUnkeyedChange]' started.
Test Case '-[HyperTests.ClipboardPrivacyLifecycleTests testPendingSourceIsNotBorrowedByANewUnkeyedChange]' passed (0.002 seconds).
Test Case '-[HyperTests.ClipboardPrivacyLifecycleTests testPendingSourceRequiresExactNextChangeCountAndShortWindow]' started.
Test Case '-[HyperTests.ClipboardPrivacyLifecycleTests testPendingSourceRequiresExactNextChangeCountAndShortWindow]' passed (0.002 seconds).
Test Case '-[HyperTests.ClipboardPrivacyLifecycleTests testShutdownInvalidatesDelayedMonitorChecksBeforeFixtureRelease]' started.
Test Case '-[HyperTests.ClipboardPrivacyLifecycleTests testShutdownInvalidatesDelayedMonitorChecksBeforeFixtureRelease]' passed (0.310 seconds).
Test Case '-[HyperTests.ClipboardPrivacyLifecycleTests testShutdownQueueAndStoreShareOneHardTimeoutBudget]' started.
Test Case '-[HyperTests.ClipboardPrivacyLifecycleTests testShutdownQueueAndStoreShareOneHardTimeoutBudget]' passed (0.049 seconds).
Test Case '-[HyperTests.ClipboardPrivacyLifecycleTests testShutdownReportsIncompleteDrainWithoutRetryingForever]' started.
Test Case '-[HyperTests.ClipboardPrivacyLifecycleTests testShutdownReportsIncompleteDrainWithoutRetryingForever]' passed (0.007 seconds).
Test Case '-[HyperTests.ClipboardPrivacyLifecycleTests testShutdownReportsSuccessfulBoundedStoreDrain]' started.
Test Case '-[HyperTests.ClipboardPrivacyLifecycleTests testShutdownReportsSuccessfulBoundedStoreDrain]' passed (0.004 seconds).
Test Case '-[HyperTests.ClipboardPrivacyLifecycleTests testShutdownUsesRealStoreDrainAndReturnsOnlyAfterIndexIsDurable]' started.
Test Case '-[HyperTests.ClipboardPrivacyLifecycleTests testShutdownUsesRealStoreDrainAndReturnsOnlyAfterIndexIsDurable]' passed (0.012 seconds).
Test Case '-[HyperTests.ClipboardPrivacyLifecycleTests testStaleAllowedAndIgnoredSourcesNeverCrossApplicationBoundaryForOneHundredRounds]' started.
Test Case '-[HyperTests.ClipboardPrivacyLifecycleTests testStaleAllowedAndIgnoredSourcesNeverCrossApplicationBoundaryForOneHundredRounds]' passed (0.029 seconds).
Test Case '-[HyperTests.ClipboardPrivacyLifecycleTests testUnknownPollingSourceIsStoredWithoutFalseAttributionWhenNoRulesExist]' started.
Test Case '-[HyperTests.ClipboardPrivacyLifecycleTests testUnknownPollingSourceIsStoredWithoutFalseAttributionWhenNoRulesExist]' passed (0.010 seconds).
Test Case '-[HyperTests.ClipboardPrivacyLifecycleTests testUnknownPollingSourceUsesMostRestrictiveConfiguredRule]' started.
Test Case '-[HyperTests.ClipboardPrivacyLifecycleTests testUnknownPollingSourceUsesMostRestrictiveConfiguredRule]' passed (0.003 seconds).
Test Suite 'ClipboardPrivacyLifecycleTests' passed at 2026-08-27 20:19:03.506.
	 Executed 14 tests, with 0 failures (0 unexpected) in 0.474 (0.476) seconds
Test Suite 'HyperPackageTests.xctest' passed at 2026-08-27 20:19:03.506.
	 Executed 14 tests, with 0 failures (0 unexpected) in 0.474 (0.476) seconds
Test Suite 'Selected tests' passed at 2026-08-27 20:19:03.506.
	 Executed 14 tests, with 0 failures (0 unexpected) in 0.474 (0.477) seconds
◇ Test run started.
↳ Testing Library Version: 1501
↳ Target Platform: arm64e-apple-macos14.0
✔ Test run with 0 tests in 0 suites passed after 0.001 seconds.

=== fixed privacy iteration 35 ===
Test Suite 'Selected tests' started at 2026-08-27 20:19:03.954.
Test Suite 'HyperPackageTests.xctest' started at 2026-08-27 20:19:03.954.
Test Suite 'ClipboardPrivacyLifecycleTests' started at 2026-08-27 20:19:03.954.
Test Case '-[HyperTests.ClipboardPrivacyLifecycleTests testCopySourceSnapshotSurvivesSwitchingApplicationsBeforeCapture]' started.
Test Case '-[HyperTests.ClipboardPrivacyLifecycleTests testCopySourceSnapshotSurvivesSwitchingApplicationsBeforeCapture]' passed (0.013 seconds).
Test Case '-[HyperTests.ClipboardPrivacyLifecycleTests testGlobalPauseWritesNothingAndResumeDoesNotBackfillPausedContent]' started.
Test Case '-[HyperTests.ClipboardPrivacyLifecycleTests testGlobalPauseWritesNothingAndResumeDoesNotBackfillPausedContent]' passed (0.010 seconds).
Test Case '-[HyperTests.ClipboardPrivacyLifecycleTests testIgnoredCopySourceCannotLeakAcrossOneHundredImmediateAppSwitches]' started.
Test Case '-[HyperTests.ClipboardPrivacyLifecycleTests testIgnoredCopySourceCannotLeakAcrossOneHundredImmediateAppSwitches]' passed (0.010 seconds).
Test Case '-[HyperTests.ClipboardPrivacyLifecycleTests testIgnoreTextOnlyAndNoImagesRulesAreEnforcedAtCapture]' started.
Test Case '-[HyperTests.ClipboardPrivacyLifecycleTests testIgnoreTextOnlyAndNoImagesRulesAreEnforcedAtCapture]' passed (0.016 seconds).
Test Case '-[HyperTests.ClipboardPrivacyLifecycleTests testPendingSourceIsNotBorrowedByANewUnkeyedChange]' started.
Test Case '-[HyperTests.ClipboardPrivacyLifecycleTests testPendingSourceIsNotBorrowedByANewUnkeyedChange]' passed (0.002 seconds).
Test Case '-[HyperTests.ClipboardPrivacyLifecycleTests testPendingSourceRequiresExactNextChangeCountAndShortWindow]' started.
Test Case '-[HyperTests.ClipboardPrivacyLifecycleTests testPendingSourceRequiresExactNextChangeCountAndShortWindow]' passed (0.002 seconds).
Test Case '-[HyperTests.ClipboardPrivacyLifecycleTests testShutdownInvalidatesDelayedMonitorChecksBeforeFixtureRelease]' started.
Test Case '-[HyperTests.ClipboardPrivacyLifecycleTests testShutdownInvalidatesDelayedMonitorChecksBeforeFixtureRelease]' passed (0.309 seconds).
Test Case '-[HyperTests.ClipboardPrivacyLifecycleTests testShutdownQueueAndStoreShareOneHardTimeoutBudget]' started.
Test Case '-[HyperTests.ClipboardPrivacyLifecycleTests testShutdownQueueAndStoreShareOneHardTimeoutBudget]' passed (0.047 seconds).
Test Case '-[HyperTests.ClipboardPrivacyLifecycleTests testShutdownReportsIncompleteDrainWithoutRetryingForever]' started.
Test Case '-[HyperTests.ClipboardPrivacyLifecycleTests testShutdownReportsIncompleteDrainWithoutRetryingForever]' passed (0.006 seconds).
Test Case '-[HyperTests.ClipboardPrivacyLifecycleTests testShutdownReportsSuccessfulBoundedStoreDrain]' started.
Test Case '-[HyperTests.ClipboardPrivacyLifecycleTests testShutdownReportsSuccessfulBoundedStoreDrain]' passed (0.004 seconds).
Test Case '-[HyperTests.ClipboardPrivacyLifecycleTests testShutdownUsesRealStoreDrainAndReturnsOnlyAfterIndexIsDurable]' started.
Test Case '-[HyperTests.ClipboardPrivacyLifecycleTests testShutdownUsesRealStoreDrainAndReturnsOnlyAfterIndexIsDurable]' passed (0.011 seconds).
Test Case '-[HyperTests.ClipboardPrivacyLifecycleTests testStaleAllowedAndIgnoredSourcesNeverCrossApplicationBoundaryForOneHundredRounds]' started.
Test Case '-[HyperTests.ClipboardPrivacyLifecycleTests testStaleAllowedAndIgnoredSourcesNeverCrossApplicationBoundaryForOneHundredRounds]' passed (0.028 seconds).
Test Case '-[HyperTests.ClipboardPrivacyLifecycleTests testUnknownPollingSourceIsStoredWithoutFalseAttributionWhenNoRulesExist]' started.
Test Case '-[HyperTests.ClipboardPrivacyLifecycleTests testUnknownPollingSourceIsStoredWithoutFalseAttributionWhenNoRulesExist]' passed (0.010 seconds).
Test Case '-[HyperTests.ClipboardPrivacyLifecycleTests testUnknownPollingSourceUsesMostRestrictiveConfiguredRule]' started.
Test Case '-[HyperTests.ClipboardPrivacyLifecycleTests testUnknownPollingSourceUsesMostRestrictiveConfiguredRule]' passed (0.004 seconds).
Test Suite 'ClipboardPrivacyLifecycleTests' passed at 2026-08-27 20:19:04.428.
	 Executed 14 tests, with 0 failures (0 unexpected) in 0.472 (0.473) seconds
Test Suite 'HyperPackageTests.xctest' passed at 2026-08-27 20:19:04.428.
	 Executed 14 tests, with 0 failures (0 unexpected) in 0.472 (0.473) seconds
Test Suite 'Selected tests' passed at 2026-08-27 20:19:04.428.
	 Executed 14 tests, with 0 failures (0 unexpected) in 0.472 (0.474) seconds
◇ Test run started.
↳ Testing Library Version: 1501
↳ Target Platform: arm64e-apple-macos14.0
✔ Test run with 0 tests in 0 suites passed after 0.001 seconds.

=== fixed privacy iteration 36 ===
Test Suite 'Selected tests' started at 2026-08-27 20:19:04.880.
Test Suite 'HyperPackageTests.xctest' started at 2026-08-27 20:19:04.881.
Test Suite 'ClipboardPrivacyLifecycleTests' started at 2026-08-27 20:19:04.881.
Test Case '-[HyperTests.ClipboardPrivacyLifecycleTests testCopySourceSnapshotSurvivesSwitchingApplicationsBeforeCapture]' started.
Test Case '-[HyperTests.ClipboardPrivacyLifecycleTests testCopySourceSnapshotSurvivesSwitchingApplicationsBeforeCapture]' passed (0.013 seconds).
Test Case '-[HyperTests.ClipboardPrivacyLifecycleTests testGlobalPauseWritesNothingAndResumeDoesNotBackfillPausedContent]' started.
Test Case '-[HyperTests.ClipboardPrivacyLifecycleTests testGlobalPauseWritesNothingAndResumeDoesNotBackfillPausedContent]' passed (0.010 seconds).
Test Case '-[HyperTests.ClipboardPrivacyLifecycleTests testIgnoredCopySourceCannotLeakAcrossOneHundredImmediateAppSwitches]' started.
Test Case '-[HyperTests.ClipboardPrivacyLifecycleTests testIgnoredCopySourceCannotLeakAcrossOneHundredImmediateAppSwitches]' passed (0.011 seconds).
Test Case '-[HyperTests.ClipboardPrivacyLifecycleTests testIgnoreTextOnlyAndNoImagesRulesAreEnforcedAtCapture]' started.
Test Case '-[HyperTests.ClipboardPrivacyLifecycleTests testIgnoreTextOnlyAndNoImagesRulesAreEnforcedAtCapture]' passed (0.015 seconds).
Test Case '-[HyperTests.ClipboardPrivacyLifecycleTests testPendingSourceIsNotBorrowedByANewUnkeyedChange]' started.
Test Case '-[HyperTests.ClipboardPrivacyLifecycleTests testPendingSourceIsNotBorrowedByANewUnkeyedChange]' passed (0.002 seconds).
Test Case '-[HyperTests.ClipboardPrivacyLifecycleTests testPendingSourceRequiresExactNextChangeCountAndShortWindow]' started.
Test Case '-[HyperTests.ClipboardPrivacyLifecycleTests testPendingSourceRequiresExactNextChangeCountAndShortWindow]' passed (0.002 seconds).
Test Case '-[HyperTests.ClipboardPrivacyLifecycleTests testShutdownInvalidatesDelayedMonitorChecksBeforeFixtureRelease]' started.
Test Case '-[HyperTests.ClipboardPrivacyLifecycleTests testShutdownInvalidatesDelayedMonitorChecksBeforeFixtureRelease]' passed (0.319 seconds).
Test Case '-[HyperTests.ClipboardPrivacyLifecycleTests testShutdownQueueAndStoreShareOneHardTimeoutBudget]' started.
Test Case '-[HyperTests.ClipboardPrivacyLifecycleTests testShutdownQueueAndStoreShareOneHardTimeoutBudget]' passed (0.047 seconds).
Test Case '-[HyperTests.ClipboardPrivacyLifecycleTests testShutdownReportsIncompleteDrainWithoutRetryingForever]' started.
Test Case '-[HyperTests.ClipboardPrivacyLifecycleTests testShutdownReportsIncompleteDrainWithoutRetryingForever]' passed (0.007 seconds).
Test Case '-[HyperTests.ClipboardPrivacyLifecycleTests testShutdownReportsSuccessfulBoundedStoreDrain]' started.
Test Case '-[HyperTests.ClipboardPrivacyLifecycleTests testShutdownReportsSuccessfulBoundedStoreDrain]' passed (0.004 seconds).
Test Case '-[HyperTests.ClipboardPrivacyLifecycleTests testShutdownUsesRealStoreDrainAndReturnsOnlyAfterIndexIsDurable]' started.
Test Case '-[HyperTests.ClipboardPrivacyLifecycleTests testShutdownUsesRealStoreDrainAndReturnsOnlyAfterIndexIsDurable]' passed (0.013 seconds).
Test Case '-[HyperTests.ClipboardPrivacyLifecycleTests testStaleAllowedAndIgnoredSourcesNeverCrossApplicationBoundaryForOneHundredRounds]' started.
Test Case '-[HyperTests.ClipboardPrivacyLifecycleTests testStaleAllowedAndIgnoredSourcesNeverCrossApplicationBoundaryForOneHundredRounds]' passed (0.028 seconds).
Test Case '-[HyperTests.ClipboardPrivacyLifecycleTests testUnknownPollingSourceIsStoredWithoutFalseAttributionWhenNoRulesExist]' started.
Test Case '-[HyperTests.ClipboardPrivacyLifecycleTests testUnknownPollingSourceIsStoredWithoutFalseAttributionWhenNoRulesExist]' passed (0.011 seconds).
Test Case '-[HyperTests.ClipboardPrivacyLifecycleTests testUnknownPollingSourceUsesMostRestrictiveConfiguredRule]' started.
Test Case '-[HyperTests.ClipboardPrivacyLifecycleTests testUnknownPollingSourceUsesMostRestrictiveConfiguredRule]' passed (0.004 seconds).
Test Suite 'ClipboardPrivacyLifecycleTests' passed at 2026-08-27 20:19:05.369.
	 Executed 14 tests, with 0 failures (0 unexpected) in 0.486 (0.488) seconds
Test Suite 'HyperPackageTests.xctest' passed at 2026-08-27 20:19:05.369.
	 Executed 14 tests, with 0 failures (0 unexpected) in 0.486 (0.488) seconds
Test Suite 'Selected tests' passed at 2026-08-27 20:19:05.369.
	 Executed 14 tests, with 0 failures (0 unexpected) in 0.486 (0.489) seconds
◇ Test run started.
↳ Testing Library Version: 1501
↳ Target Platform: arm64e-apple-macos14.0
✔ Test run with 0 tests in 0 suites passed after 0.001 seconds.

=== fixed privacy iteration 37 ===
Test Suite 'Selected tests' started at 2026-08-27 20:19:05.819.
Test Suite 'HyperPackageTests.xctest' started at 2026-08-27 20:19:05.820.
Test Suite 'ClipboardPrivacyLifecycleTests' started at 2026-08-27 20:19:05.820.
Test Case '-[HyperTests.ClipboardPrivacyLifecycleTests testCopySourceSnapshotSurvivesSwitchingApplicationsBeforeCapture]' started.
Test Case '-[HyperTests.ClipboardPrivacyLifecycleTests testCopySourceSnapshotSurvivesSwitchingApplicationsBeforeCapture]' passed (0.014 seconds).
Test Case '-[HyperTests.ClipboardPrivacyLifecycleTests testGlobalPauseWritesNothingAndResumeDoesNotBackfillPausedContent]' started.
Test Case '-[HyperTests.ClipboardPrivacyLifecycleTests testGlobalPauseWritesNothingAndResumeDoesNotBackfillPausedContent]' passed (0.010 seconds).
Test Case '-[HyperTests.ClipboardPrivacyLifecycleTests testIgnoredCopySourceCannotLeakAcrossOneHundredImmediateAppSwitches]' started.
Test Case '-[HyperTests.ClipboardPrivacyLifecycleTests testIgnoredCopySourceCannotLeakAcrossOneHundredImmediateAppSwitches]' passed (0.010 seconds).
Test Case '-[HyperTests.ClipboardPrivacyLifecycleTests testIgnoreTextOnlyAndNoImagesRulesAreEnforcedAtCapture]' started.
Test Case '-[HyperTests.ClipboardPrivacyLifecycleTests testIgnoreTextOnlyAndNoImagesRulesAreEnforcedAtCapture]' passed (0.015 seconds).
Test Case '-[HyperTests.ClipboardPrivacyLifecycleTests testPendingSourceIsNotBorrowedByANewUnkeyedChange]' started.
Test Case '-[HyperTests.ClipboardPrivacyLifecycleTests testPendingSourceIsNotBorrowedByANewUnkeyedChange]' passed (0.002 seconds).
Test Case '-[HyperTests.ClipboardPrivacyLifecycleTests testPendingSourceRequiresExactNextChangeCountAndShortWindow]' started.
Test Case '-[HyperTests.ClipboardPrivacyLifecycleTests testPendingSourceRequiresExactNextChangeCountAndShortWindow]' passed (0.002 seconds).
Test Case '-[HyperTests.ClipboardPrivacyLifecycleTests testShutdownInvalidatesDelayedMonitorChecksBeforeFixtureRelease]' started.
Test Case '-[HyperTests.ClipboardPrivacyLifecycleTests testShutdownInvalidatesDelayedMonitorChecksBeforeFixtureRelease]' passed (0.310 seconds).
Test Case '-[HyperTests.ClipboardPrivacyLifecycleTests testShutdownQueueAndStoreShareOneHardTimeoutBudget]' started.
Test Case '-[HyperTests.ClipboardPrivacyLifecycleTests testShutdownQueueAndStoreShareOneHardTimeoutBudget]' passed (0.045 seconds).
Test Case '-[HyperTests.ClipboardPrivacyLifecycleTests testShutdownReportsIncompleteDrainWithoutRetryingForever]' started.
Test Case '-[HyperTests.ClipboardPrivacyLifecycleTests testShutdownReportsIncompleteDrainWithoutRetryingForever]' passed (0.008 seconds).
Test Case '-[HyperTests.ClipboardPrivacyLifecycleTests testShutdownReportsSuccessfulBoundedStoreDrain]' started.
Test Case '-[HyperTests.ClipboardPrivacyLifecycleTests testShutdownReportsSuccessfulBoundedStoreDrain]' passed (0.005 seconds).
Test Case '-[HyperTests.ClipboardPrivacyLifecycleTests testShutdownUsesRealStoreDrainAndReturnsOnlyAfterIndexIsDurable]' started.
Test Case '-[HyperTests.ClipboardPrivacyLifecycleTests testShutdownUsesRealStoreDrainAndReturnsOnlyAfterIndexIsDurable]' passed (0.013 seconds).
Test Case '-[HyperTests.ClipboardPrivacyLifecycleTests testStaleAllowedAndIgnoredSourcesNeverCrossApplicationBoundaryForOneHundredRounds]' started.
Test Case '-[HyperTests.ClipboardPrivacyLifecycleTests testStaleAllowedAndIgnoredSourcesNeverCrossApplicationBoundaryForOneHundredRounds]' passed (0.030 seconds).
Test Case '-[HyperTests.ClipboardPrivacyLifecycleTests testUnknownPollingSourceIsStoredWithoutFalseAttributionWhenNoRulesExist]' started.
Test Case '-[HyperTests.ClipboardPrivacyLifecycleTests testUnknownPollingSourceIsStoredWithoutFalseAttributionWhenNoRulesExist]' passed (0.011 seconds).
Test Case '-[HyperTests.ClipboardPrivacyLifecycleTests testUnknownPollingSourceUsesMostRestrictiveConfiguredRule]' started.
Test Case '-[HyperTests.ClipboardPrivacyLifecycleTests testUnknownPollingSourceUsesMostRestrictiveConfiguredRule]' passed (0.004 seconds).
Test Suite 'ClipboardPrivacyLifecycleTests' passed at 2026-08-27 20:19:06.301.
	 Executed 14 tests, with 0 failures (0 unexpected) in 0.480 (0.481) seconds
Test Suite 'HyperPackageTests.xctest' passed at 2026-08-27 20:19:06.301.
	 Executed 14 tests, with 0 failures (0 unexpected) in 0.480 (0.481) seconds
Test Suite 'Selected tests' passed at 2026-08-27 20:19:06.301.
	 Executed 14 tests, with 0 failures (0 unexpected) in 0.480 (0.482) seconds
◇ Test run started.
↳ Testing Library Version: 1501
↳ Target Platform: arm64e-apple-macos14.0
✔ Test run with 0 tests in 0 suites passed after 0.001 seconds.

=== fixed privacy iteration 38 ===
Test Suite 'Selected tests' started at 2026-08-27 20:19:06.750.
Test Suite 'HyperPackageTests.xctest' started at 2026-08-27 20:19:06.751.
Test Suite 'ClipboardPrivacyLifecycleTests' started at 2026-08-27 20:19:06.751.
Test Case '-[HyperTests.ClipboardPrivacyLifecycleTests testCopySourceSnapshotSurvivesSwitchingApplicationsBeforeCapture]' started.
Test Case '-[HyperTests.ClipboardPrivacyLifecycleTests testCopySourceSnapshotSurvivesSwitchingApplicationsBeforeCapture]' passed (0.012 seconds).
Test Case '-[HyperTests.ClipboardPrivacyLifecycleTests testGlobalPauseWritesNothingAndResumeDoesNotBackfillPausedContent]' started.
Test Case '-[HyperTests.ClipboardPrivacyLifecycleTests testGlobalPauseWritesNothingAndResumeDoesNotBackfillPausedContent]' passed (0.009 seconds).
Test Case '-[HyperTests.ClipboardPrivacyLifecycleTests testIgnoredCopySourceCannotLeakAcrossOneHundredImmediateAppSwitches]' started.
Test Case '-[HyperTests.ClipboardPrivacyLifecycleTests testIgnoredCopySourceCannotLeakAcrossOneHundredImmediateAppSwitches]' passed (0.011 seconds).
Test Case '-[HyperTests.ClipboardPrivacyLifecycleTests testIgnoreTextOnlyAndNoImagesRulesAreEnforcedAtCapture]' started.
Test Case '-[HyperTests.ClipboardPrivacyLifecycleTests testIgnoreTextOnlyAndNoImagesRulesAreEnforcedAtCapture]' passed (0.015 seconds).
Test Case '-[HyperTests.ClipboardPrivacyLifecycleTests testPendingSourceIsNotBorrowedByANewUnkeyedChange]' started.
Test Case '-[HyperTests.ClipboardPrivacyLifecycleTests testPendingSourceIsNotBorrowedByANewUnkeyedChange]' passed (0.002 seconds).
Test Case '-[HyperTests.ClipboardPrivacyLifecycleTests testPendingSourceRequiresExactNextChangeCountAndShortWindow]' started.
Test Case '-[HyperTests.ClipboardPrivacyLifecycleTests testPendingSourceRequiresExactNextChangeCountAndShortWindow]' passed (0.002 seconds).
Test Case '-[HyperTests.ClipboardPrivacyLifecycleTests testShutdownInvalidatesDelayedMonitorChecksBeforeFixtureRelease]' started.
Test Case '-[HyperTests.ClipboardPrivacyLifecycleTests testShutdownInvalidatesDelayedMonitorChecksBeforeFixtureRelease]' passed (0.309 seconds).
Test Case '-[HyperTests.ClipboardPrivacyLifecycleTests testShutdownQueueAndStoreShareOneHardTimeoutBudget]' started.
Test Case '-[HyperTests.ClipboardPrivacyLifecycleTests testShutdownQueueAndStoreShareOneHardTimeoutBudget]' passed (0.045 seconds).
Test Case '-[HyperTests.ClipboardPrivacyLifecycleTests testShutdownReportsIncompleteDrainWithoutRetryingForever]' started.
Test Case '-[HyperTests.ClipboardPrivacyLifecycleTests testShutdownReportsIncompleteDrainWithoutRetryingForever]' passed (0.008 seconds).
Test Case '-[HyperTests.ClipboardPrivacyLifecycleTests testShutdownReportsSuccessfulBoundedStoreDrain]' started.
Test Case '-[HyperTests.ClipboardPrivacyLifecycleTests testShutdownReportsSuccessfulBoundedStoreDrain]' passed (0.005 seconds).
Test Case '-[HyperTests.ClipboardPrivacyLifecycleTests testShutdownUsesRealStoreDrainAndReturnsOnlyAfterIndexIsDurable]' started.
Test Case '-[HyperTests.ClipboardPrivacyLifecycleTests testShutdownUsesRealStoreDrainAndReturnsOnlyAfterIndexIsDurable]' passed (0.012 seconds).
Test Case '-[HyperTests.ClipboardPrivacyLifecycleTests testStaleAllowedAndIgnoredSourcesNeverCrossApplicationBoundaryForOneHundredRounds]' started.
Test Case '-[HyperTests.ClipboardPrivacyLifecycleTests testStaleAllowedAndIgnoredSourcesNeverCrossApplicationBoundaryForOneHundredRounds]' passed (0.028 seconds).
Test Case '-[HyperTests.ClipboardPrivacyLifecycleTests testUnknownPollingSourceIsStoredWithoutFalseAttributionWhenNoRulesExist]' started.
Test Case '-[HyperTests.ClipboardPrivacyLifecycleTests testUnknownPollingSourceIsStoredWithoutFalseAttributionWhenNoRulesExist]' passed (0.011 seconds).
Test Case '-[HyperTests.ClipboardPrivacyLifecycleTests testUnknownPollingSourceUsesMostRestrictiveConfiguredRule]' started.
Test Case '-[HyperTests.ClipboardPrivacyLifecycleTests testUnknownPollingSourceUsesMostRestrictiveConfiguredRule]' passed (0.004 seconds).
Test Suite 'ClipboardPrivacyLifecycleTests' passed at 2026-08-27 20:19:07.227.
	 Executed 14 tests, with 0 failures (0 unexpected) in 0.474 (0.476) seconds
Test Suite 'HyperPackageTests.xctest' passed at 2026-08-27 20:19:07.227.
	 Executed 14 tests, with 0 failures (0 unexpected) in 0.474 (0.476) seconds
Test Suite 'Selected tests' passed at 2026-08-27 20:19:07.227.
	 Executed 14 tests, with 0 failures (0 unexpected) in 0.474 (0.477) seconds
◇ Test run started.
↳ Testing Library Version: 1501
↳ Target Platform: arm64e-apple-macos14.0
✔ Test run with 0 tests in 0 suites passed after 0.001 seconds.

=== fixed privacy iteration 39 ===
Test Suite 'Selected tests' started at 2026-08-27 20:19:07.692.
Test Suite 'HyperPackageTests.xctest' started at 2026-08-27 20:19:07.693.
Test Suite 'ClipboardPrivacyLifecycleTests' started at 2026-08-27 20:19:07.693.
Test Case '-[HyperTests.ClipboardPrivacyLifecycleTests testCopySourceSnapshotSurvivesSwitchingApplicationsBeforeCapture]' started.
Test Case '-[HyperTests.ClipboardPrivacyLifecycleTests testCopySourceSnapshotSurvivesSwitchingApplicationsBeforeCapture]' passed (0.013 seconds).
Test Case '-[HyperTests.ClipboardPrivacyLifecycleTests testGlobalPauseWritesNothingAndResumeDoesNotBackfillPausedContent]' started.
Test Case '-[HyperTests.ClipboardPrivacyLifecycleTests testGlobalPauseWritesNothingAndResumeDoesNotBackfillPausedContent]' passed (0.010 seconds).
Test Case '-[HyperTests.ClipboardPrivacyLifecycleTests testIgnoredCopySourceCannotLeakAcrossOneHundredImmediateAppSwitches]' started.
Test Case '-[HyperTests.ClipboardPrivacyLifecycleTests testIgnoredCopySourceCannotLeakAcrossOneHundredImmediateAppSwitches]' passed (0.013 seconds).
Test Case '-[HyperTests.ClipboardPrivacyLifecycleTests testIgnoreTextOnlyAndNoImagesRulesAreEnforcedAtCapture]' started.
Test Case '-[HyperTests.ClipboardPrivacyLifecycleTests testIgnoreTextOnlyAndNoImagesRulesAreEnforcedAtCapture]' passed (0.016 seconds).
Test Case '-[HyperTests.ClipboardPrivacyLifecycleTests testPendingSourceIsNotBorrowedByANewUnkeyedChange]' started.
Test Case '-[HyperTests.ClipboardPrivacyLifecycleTests testPendingSourceIsNotBorrowedByANewUnkeyedChange]' passed (0.002 seconds).
Test Case '-[HyperTests.ClipboardPrivacyLifecycleTests testPendingSourceRequiresExactNextChangeCountAndShortWindow]' started.
Test Case '-[HyperTests.ClipboardPrivacyLifecycleTests testPendingSourceRequiresExactNextChangeCountAndShortWindow]' passed (0.002 seconds).
Test Case '-[HyperTests.ClipboardPrivacyLifecycleTests testShutdownInvalidatesDelayedMonitorChecksBeforeFixtureRelease]' started.
Test Case '-[HyperTests.ClipboardPrivacyLifecycleTests testShutdownInvalidatesDelayedMonitorChecksBeforeFixtureRelease]' passed (0.310 seconds).
Test Case '-[HyperTests.ClipboardPrivacyLifecycleTests testShutdownQueueAndStoreShareOneHardTimeoutBudget]' started.
Test Case '-[HyperTests.ClipboardPrivacyLifecycleTests testShutdownQueueAndStoreShareOneHardTimeoutBudget]' passed (0.041 seconds).
Test Case '-[HyperTests.ClipboardPrivacyLifecycleTests testShutdownReportsIncompleteDrainWithoutRetryingForever]' started.
Test Case '-[HyperTests.ClipboardPrivacyLifecycleTests testShutdownReportsIncompleteDrainWithoutRetryingForever]' passed (0.009 seconds).
Test Case '-[HyperTests.ClipboardPrivacyLifecycleTests testShutdownReportsSuccessfulBoundedStoreDrain]' started.
Test Case '-[HyperTests.ClipboardPrivacyLifecycleTests testShutdownReportsSuccessfulBoundedStoreDrain]' passed (0.005 seconds).
Test Case '-[HyperTests.ClipboardPrivacyLifecycleTests testShutdownUsesRealStoreDrainAndReturnsOnlyAfterIndexIsDurable]' started.
Test Case '-[HyperTests.ClipboardPrivacyLifecycleTests testShutdownUsesRealStoreDrainAndReturnsOnlyAfterIndexIsDurable]' passed (0.012 seconds).
Test Case '-[HyperTests.ClipboardPrivacyLifecycleTests testStaleAllowedAndIgnoredSourcesNeverCrossApplicationBoundaryForOneHundredRounds]' started.
Test Case '-[HyperTests.ClipboardPrivacyLifecycleTests testStaleAllowedAndIgnoredSourcesNeverCrossApplicationBoundaryForOneHundredRounds]' passed (0.029 seconds).
Test Case '-[HyperTests.ClipboardPrivacyLifecycleTests testUnknownPollingSourceIsStoredWithoutFalseAttributionWhenNoRulesExist]' started.
Test Case '-[HyperTests.ClipboardPrivacyLifecycleTests testUnknownPollingSourceIsStoredWithoutFalseAttributionWhenNoRulesExist]' passed (0.010 seconds).
Test Case '-[HyperTests.ClipboardPrivacyLifecycleTests testUnknownPollingSourceUsesMostRestrictiveConfiguredRule]' started.
Test Case '-[HyperTests.ClipboardPrivacyLifecycleTests testUnknownPollingSourceUsesMostRestrictiveConfiguredRule]' passed (0.003 seconds).
Test Suite 'ClipboardPrivacyLifecycleTests' passed at 2026-08-27 20:19:08.169.
	 Executed 14 tests, with 0 failures (0 unexpected) in 0.474 (0.476) seconds
Test Suite 'HyperPackageTests.xctest' passed at 2026-08-27 20:19:08.169.
	 Executed 14 tests, with 0 failures (0 unexpected) in 0.474 (0.476) seconds
Test Suite 'Selected tests' passed at 2026-08-27 20:19:08.169.
	 Executed 14 tests, with 0 failures (0 unexpected) in 0.474 (0.477) seconds
◇ Test run started.
↳ Testing Library Version: 1501
↳ Target Platform: arm64e-apple-macos14.0
✔ Test run with 0 tests in 0 suites passed after 0.001 seconds.

=== fixed privacy iteration 40 ===
Test Suite 'Selected tests' started at 2026-08-27 20:19:08.613.
Test Suite 'HyperPackageTests.xctest' started at 2026-08-27 20:19:08.613.
Test Suite 'ClipboardPrivacyLifecycleTests' started at 2026-08-27 20:19:08.614.
Test Case '-[HyperTests.ClipboardPrivacyLifecycleTests testCopySourceSnapshotSurvivesSwitchingApplicationsBeforeCapture]' started.
Test Case '-[HyperTests.ClipboardPrivacyLifecycleTests testCopySourceSnapshotSurvivesSwitchingApplicationsBeforeCapture]' passed (0.013 seconds).
Test Case '-[HyperTests.ClipboardPrivacyLifecycleTests testGlobalPauseWritesNothingAndResumeDoesNotBackfillPausedContent]' started.
Test Case '-[HyperTests.ClipboardPrivacyLifecycleTests testGlobalPauseWritesNothingAndResumeDoesNotBackfillPausedContent]' passed (0.009 seconds).
Test Case '-[HyperTests.ClipboardPrivacyLifecycleTests testIgnoredCopySourceCannotLeakAcrossOneHundredImmediateAppSwitches]' started.
Test Case '-[HyperTests.ClipboardPrivacyLifecycleTests testIgnoredCopySourceCannotLeakAcrossOneHundredImmediateAppSwitches]' passed (0.011 seconds).
Test Case '-[HyperTests.ClipboardPrivacyLifecycleTests testIgnoreTextOnlyAndNoImagesRulesAreEnforcedAtCapture]' started.
Test Case '-[HyperTests.ClipboardPrivacyLifecycleTests testIgnoreTextOnlyAndNoImagesRulesAreEnforcedAtCapture]' passed (0.015 seconds).
Test Case '-[HyperTests.ClipboardPrivacyLifecycleTests testPendingSourceIsNotBorrowedByANewUnkeyedChange]' started.
Test Case '-[HyperTests.ClipboardPrivacyLifecycleTests testPendingSourceIsNotBorrowedByANewUnkeyedChange]' passed (0.002 seconds).
Test Case '-[HyperTests.ClipboardPrivacyLifecycleTests testPendingSourceRequiresExactNextChangeCountAndShortWindow]' started.
Test Case '-[HyperTests.ClipboardPrivacyLifecycleTests testPendingSourceRequiresExactNextChangeCountAndShortWindow]' passed (0.002 seconds).
Test Case '-[HyperTests.ClipboardPrivacyLifecycleTests testShutdownInvalidatesDelayedMonitorChecksBeforeFixtureRelease]' started.
Test Case '-[HyperTests.ClipboardPrivacyLifecycleTests testShutdownInvalidatesDelayedMonitorChecksBeforeFixtureRelease]' passed (0.311 seconds).
Test Case '-[HyperTests.ClipboardPrivacyLifecycleTests testShutdownQueueAndStoreShareOneHardTimeoutBudget]' started.
Test Case '-[HyperTests.ClipboardPrivacyLifecycleTests testShutdownQueueAndStoreShareOneHardTimeoutBudget]' passed (0.048 seconds).
Test Case '-[HyperTests.ClipboardPrivacyLifecycleTests testShutdownReportsIncompleteDrainWithoutRetryingForever]' started.
Test Case '-[HyperTests.ClipboardPrivacyLifecycleTests testShutdownReportsIncompleteDrainWithoutRetryingForever]' passed (0.008 seconds).
Test Case '-[HyperTests.ClipboardPrivacyLifecycleTests testShutdownReportsSuccessfulBoundedStoreDrain]' started.
Test Case '-[HyperTests.ClipboardPrivacyLifecycleTests testShutdownReportsSuccessfulBoundedStoreDrain]' passed (0.005 seconds).
Test Case '-[HyperTests.ClipboardPrivacyLifecycleTests testShutdownUsesRealStoreDrainAndReturnsOnlyAfterIndexIsDurable]' started.
Test Case '-[HyperTests.ClipboardPrivacyLifecycleTests testShutdownUsesRealStoreDrainAndReturnsOnlyAfterIndexIsDurable]' passed (0.013 seconds).
Test Case '-[HyperTests.ClipboardPrivacyLifecycleTests testStaleAllowedAndIgnoredSourcesNeverCrossApplicationBoundaryForOneHundredRounds]' started.
Test Case '-[HyperTests.ClipboardPrivacyLifecycleTests testStaleAllowedAndIgnoredSourcesNeverCrossApplicationBoundaryForOneHundredRounds]' passed (0.028 seconds).
Test Case '-[HyperTests.ClipboardPrivacyLifecycleTests testUnknownPollingSourceIsStoredWithoutFalseAttributionWhenNoRulesExist]' started.
Test Case '-[HyperTests.ClipboardPrivacyLifecycleTests testUnknownPollingSourceIsStoredWithoutFalseAttributionWhenNoRulesExist]' passed (0.010 seconds).
Test Case '-[HyperTests.ClipboardPrivacyLifecycleTests testUnknownPollingSourceUsesMostRestrictiveConfiguredRule]' started.
Test Case '-[HyperTests.ClipboardPrivacyLifecycleTests testUnknownPollingSourceUsesMostRestrictiveConfiguredRule]' passed (0.004 seconds).
Test Suite 'ClipboardPrivacyLifecycleTests' passed at 2026-08-27 20:19:09.094.
	 Executed 14 tests, with 0 failures (0 unexpected) in 0.479 (0.480) seconds
Test Suite 'HyperPackageTests.xctest' passed at 2026-08-27 20:19:09.094.
	 Executed 14 tests, with 0 failures (0 unexpected) in 0.479 (0.480) seconds
Test Suite 'Selected tests' passed at 2026-08-27 20:19:09.094.
	 Executed 14 tests, with 0 failures (0 unexpected) in 0.479 (0.481) seconds
◇ Test run started.
↳ Testing Library Version: 1501
↳ Target Platform: arm64e-apple-macos14.0
✔ Test run with 0 tests in 0 suites passed after 0.001 seconds.

=== fixed privacy iteration 41 ===
Test Suite 'Selected tests' started at 2026-08-27 20:19:09.547.
Test Suite 'HyperPackageTests.xctest' started at 2026-08-27 20:19:09.548.
Test Suite 'ClipboardPrivacyLifecycleTests' started at 2026-08-27 20:19:09.548.
Test Case '-[HyperTests.ClipboardPrivacyLifecycleTests testCopySourceSnapshotSurvivesSwitchingApplicationsBeforeCapture]' started.
Test Case '-[HyperTests.ClipboardPrivacyLifecycleTests testCopySourceSnapshotSurvivesSwitchingApplicationsBeforeCapture]' passed (0.012 seconds).
Test Case '-[HyperTests.ClipboardPrivacyLifecycleTests testGlobalPauseWritesNothingAndResumeDoesNotBackfillPausedContent]' started.
Test Case '-[HyperTests.ClipboardPrivacyLifecycleTests testGlobalPauseWritesNothingAndResumeDoesNotBackfillPausedContent]' passed (0.009 seconds).
Test Case '-[HyperTests.ClipboardPrivacyLifecycleTests testIgnoredCopySourceCannotLeakAcrossOneHundredImmediateAppSwitches]' started.
Test Case '-[HyperTests.ClipboardPrivacyLifecycleTests testIgnoredCopySourceCannotLeakAcrossOneHundredImmediateAppSwitches]' passed (0.010 seconds).
Test Case '-[HyperTests.ClipboardPrivacyLifecycleTests testIgnoreTextOnlyAndNoImagesRulesAreEnforcedAtCapture]' started.
Test Case '-[HyperTests.ClipboardPrivacyLifecycleTests testIgnoreTextOnlyAndNoImagesRulesAreEnforcedAtCapture]' passed (0.015 seconds).
Test Case '-[HyperTests.ClipboardPrivacyLifecycleTests testPendingSourceIsNotBorrowedByANewUnkeyedChange]' started.
Test Case '-[HyperTests.ClipboardPrivacyLifecycleTests testPendingSourceIsNotBorrowedByANewUnkeyedChange]' passed (0.002 seconds).
Test Case '-[HyperTests.ClipboardPrivacyLifecycleTests testPendingSourceRequiresExactNextChangeCountAndShortWindow]' started.
Test Case '-[HyperTests.ClipboardPrivacyLifecycleTests testPendingSourceRequiresExactNextChangeCountAndShortWindow]' passed (0.002 seconds).
Test Case '-[HyperTests.ClipboardPrivacyLifecycleTests testShutdownInvalidatesDelayedMonitorChecksBeforeFixtureRelease]' started.
Test Case '-[HyperTests.ClipboardPrivacyLifecycleTests testShutdownInvalidatesDelayedMonitorChecksBeforeFixtureRelease]' passed (0.309 seconds).
Test Case '-[HyperTests.ClipboardPrivacyLifecycleTests testShutdownQueueAndStoreShareOneHardTimeoutBudget]' started.
Test Case '-[HyperTests.ClipboardPrivacyLifecycleTests testShutdownQueueAndStoreShareOneHardTimeoutBudget]' passed (0.045 seconds).
Test Case '-[HyperTests.ClipboardPrivacyLifecycleTests testShutdownReportsIncompleteDrainWithoutRetryingForever]' started.
Test Case '-[HyperTests.ClipboardPrivacyLifecycleTests testShutdownReportsIncompleteDrainWithoutRetryingForever]' passed (0.009 seconds).
Test Case '-[HyperTests.ClipboardPrivacyLifecycleTests testShutdownReportsSuccessfulBoundedStoreDrain]' started.
Test Case '-[HyperTests.ClipboardPrivacyLifecycleTests testShutdownReportsSuccessfulBoundedStoreDrain]' passed (0.004 seconds).
Test Case '-[HyperTests.ClipboardPrivacyLifecycleTests testShutdownUsesRealStoreDrainAndReturnsOnlyAfterIndexIsDurable]' started.
Test Case '-[HyperTests.ClipboardPrivacyLifecycleTests testShutdownUsesRealStoreDrainAndReturnsOnlyAfterIndexIsDurable]' passed (0.014 seconds).
Test Case '-[HyperTests.ClipboardPrivacyLifecycleTests testStaleAllowedAndIgnoredSourcesNeverCrossApplicationBoundaryForOneHundredRounds]' started.
Test Case '-[HyperTests.ClipboardPrivacyLifecycleTests testStaleAllowedAndIgnoredSourcesNeverCrossApplicationBoundaryForOneHundredRounds]' passed (0.032 seconds).
Test Case '-[HyperTests.ClipboardPrivacyLifecycleTests testUnknownPollingSourceIsStoredWithoutFalseAttributionWhenNoRulesExist]' started.
Test Case '-[HyperTests.ClipboardPrivacyLifecycleTests testUnknownPollingSourceIsStoredWithoutFalseAttributionWhenNoRulesExist]' passed (0.011 seconds).
Test Case '-[HyperTests.ClipboardPrivacyLifecycleTests testUnknownPollingSourceUsesMostRestrictiveConfiguredRule]' started.
Test Case '-[HyperTests.ClipboardPrivacyLifecycleTests testUnknownPollingSourceUsesMostRestrictiveConfiguredRule]' passed (0.004 seconds).
Test Suite 'ClipboardPrivacyLifecycleTests' passed at 2026-08-27 20:19:10.029.
	 Executed 14 tests, with 0 failures (0 unexpected) in 0.479 (0.480) seconds
Test Suite 'HyperPackageTests.xctest' passed at 2026-08-27 20:19:10.029.
	 Executed 14 tests, with 0 failures (0 unexpected) in 0.479 (0.480) seconds
Test Suite 'Selected tests' passed at 2026-08-27 20:19:10.029.
	 Executed 14 tests, with 0 failures (0 unexpected) in 0.479 (0.481) seconds
◇ Test run started.
↳ Testing Library Version: 1501
↳ Target Platform: arm64e-apple-macos14.0
✔ Test run with 0 tests in 0 suites passed after 0.001 seconds.

=== fixed privacy iteration 42 ===
Test Suite 'Selected tests' started at 2026-08-27 20:19:10.515.
Test Suite 'HyperPackageTests.xctest' started at 2026-08-27 20:19:10.516.
Test Suite 'ClipboardPrivacyLifecycleTests' started at 2026-08-27 20:19:10.516.
Test Case '-[HyperTests.ClipboardPrivacyLifecycleTests testCopySourceSnapshotSurvivesSwitchingApplicationsBeforeCapture]' started.
Test Case '-[HyperTests.ClipboardPrivacyLifecycleTests testCopySourceSnapshotSurvivesSwitchingApplicationsBeforeCapture]' passed (0.013 seconds).
Test Case '-[HyperTests.ClipboardPrivacyLifecycleTests testGlobalPauseWritesNothingAndResumeDoesNotBackfillPausedContent]' started.
Test Case '-[HyperTests.ClipboardPrivacyLifecycleTests testGlobalPauseWritesNothingAndResumeDoesNotBackfillPausedContent]' passed (0.009 seconds).
Test Case '-[HyperTests.ClipboardPrivacyLifecycleTests testIgnoredCopySourceCannotLeakAcrossOneHundredImmediateAppSwitches]' started.
Test Case '-[HyperTests.ClipboardPrivacyLifecycleTests testIgnoredCopySourceCannotLeakAcrossOneHundredImmediateAppSwitches]' passed (0.011 seconds).
Test Case '-[HyperTests.ClipboardPrivacyLifecycleTests testIgnoreTextOnlyAndNoImagesRulesAreEnforcedAtCapture]' started.
Test Case '-[HyperTests.ClipboardPrivacyLifecycleTests testIgnoreTextOnlyAndNoImagesRulesAreEnforcedAtCapture]' passed (0.016 seconds).
Test Case '-[HyperTests.ClipboardPrivacyLifecycleTests testPendingSourceIsNotBorrowedByANewUnkeyedChange]' started.
Test Case '-[HyperTests.ClipboardPrivacyLifecycleTests testPendingSourceIsNotBorrowedByANewUnkeyedChange]' passed (0.002 seconds).
Test Case '-[HyperTests.ClipboardPrivacyLifecycleTests testPendingSourceRequiresExactNextChangeCountAndShortWindow]' started.
Test Case '-[HyperTests.ClipboardPrivacyLifecycleTests testPendingSourceRequiresExactNextChangeCountAndShortWindow]' passed (0.002 seconds).
Test Case '-[HyperTests.ClipboardPrivacyLifecycleTests testShutdownInvalidatesDelayedMonitorChecksBeforeFixtureRelease]' started.
Test Case '-[HyperTests.ClipboardPrivacyLifecycleTests testShutdownInvalidatesDelayedMonitorChecksBeforeFixtureRelease]' passed (0.313 seconds).
Test Case '-[HyperTests.ClipboardPrivacyLifecycleTests testShutdownQueueAndStoreShareOneHardTimeoutBudget]' started.
Test Case '-[HyperTests.ClipboardPrivacyLifecycleTests testShutdownQueueAndStoreShareOneHardTimeoutBudget]' passed (0.043 seconds).
Test Case '-[HyperTests.ClipboardPrivacyLifecycleTests testShutdownReportsIncompleteDrainWithoutRetryingForever]' started.
Test Case '-[HyperTests.ClipboardPrivacyLifecycleTests testShutdownReportsIncompleteDrainWithoutRetryingForever]' passed (0.008 seconds).
Test Case '-[HyperTests.ClipboardPrivacyLifecycleTests testShutdownReportsSuccessfulBoundedStoreDrain]' started.
Test Case '-[HyperTests.ClipboardPrivacyLifecycleTests testShutdownReportsSuccessfulBoundedStoreDrain]' passed (0.005 seconds).
Test Case '-[HyperTests.ClipboardPrivacyLifecycleTests testShutdownUsesRealStoreDrainAndReturnsOnlyAfterIndexIsDurable]' started.
Test Case '-[HyperTests.ClipboardPrivacyLifecycleTests testShutdownUsesRealStoreDrainAndReturnsOnlyAfterIndexIsDurable]' passed (0.013 seconds).
Test Case '-[HyperTests.ClipboardPrivacyLifecycleTests testStaleAllowedAndIgnoredSourcesNeverCrossApplicationBoundaryForOneHundredRounds]' started.
Test Case '-[HyperTests.ClipboardPrivacyLifecycleTests testStaleAllowedAndIgnoredSourcesNeverCrossApplicationBoundaryForOneHundredRounds]' passed (0.030 seconds).
Test Case '-[HyperTests.ClipboardPrivacyLifecycleTests testUnknownPollingSourceIsStoredWithoutFalseAttributionWhenNoRulesExist]' started.
Test Case '-[HyperTests.ClipboardPrivacyLifecycleTests testUnknownPollingSourceIsStoredWithoutFalseAttributionWhenNoRulesExist]' passed (0.011 seconds).
Test Case '-[HyperTests.ClipboardPrivacyLifecycleTests testUnknownPollingSourceUsesMostRestrictiveConfiguredRule]' started.
Test Case '-[HyperTests.ClipboardPrivacyLifecycleTests testUnknownPollingSourceUsesMostRestrictiveConfiguredRule]' passed (0.004 seconds).
Test Suite 'ClipboardPrivacyLifecycleTests' passed at 2026-08-27 20:19:10.997.
	 Executed 14 tests, with 0 failures (0 unexpected) in 0.479 (0.481) seconds
Test Suite 'HyperPackageTests.xctest' passed at 2026-08-27 20:19:10.997.
	 Executed 14 tests, with 0 failures (0 unexpected) in 0.479 (0.481) seconds
Test Suite 'Selected tests' passed at 2026-08-27 20:19:10.997.
	 Executed 14 tests, with 0 failures (0 unexpected) in 0.479 (0.482) seconds
◇ Test run started.
↳ Testing Library Version: 1501
↳ Target Platform: arm64e-apple-macos14.0
✔ Test run with 0 tests in 0 suites passed after 0.001 seconds.

=== fixed privacy iteration 43 ===
Test Suite 'Selected tests' started at 2026-08-27 20:19:11.470.
Test Suite 'HyperPackageTests.xctest' started at 2026-08-27 20:19:11.471.
Test Suite 'ClipboardPrivacyLifecycleTests' started at 2026-08-27 20:19:11.471.
Test Case '-[HyperTests.ClipboardPrivacyLifecycleTests testCopySourceSnapshotSurvivesSwitchingApplicationsBeforeCapture]' started.
Test Case '-[HyperTests.ClipboardPrivacyLifecycleTests testCopySourceSnapshotSurvivesSwitchingApplicationsBeforeCapture]' passed (0.014 seconds).
Test Case '-[HyperTests.ClipboardPrivacyLifecycleTests testGlobalPauseWritesNothingAndResumeDoesNotBackfillPausedContent]' started.
Test Case '-[HyperTests.ClipboardPrivacyLifecycleTests testGlobalPauseWritesNothingAndResumeDoesNotBackfillPausedContent]' passed (0.008 seconds).
Test Case '-[HyperTests.ClipboardPrivacyLifecycleTests testIgnoredCopySourceCannotLeakAcrossOneHundredImmediateAppSwitches]' started.
Test Case '-[HyperTests.ClipboardPrivacyLifecycleTests testIgnoredCopySourceCannotLeakAcrossOneHundredImmediateAppSwitches]' passed (0.010 seconds).
Test Case '-[HyperTests.ClipboardPrivacyLifecycleTests testIgnoreTextOnlyAndNoImagesRulesAreEnforcedAtCapture]' started.
Test Case '-[HyperTests.ClipboardPrivacyLifecycleTests testIgnoreTextOnlyAndNoImagesRulesAreEnforcedAtCapture]' passed (0.015 seconds).
Test Case '-[HyperTests.ClipboardPrivacyLifecycleTests testPendingSourceIsNotBorrowedByANewUnkeyedChange]' started.
Test Case '-[HyperTests.ClipboardPrivacyLifecycleTests testPendingSourceIsNotBorrowedByANewUnkeyedChange]' passed (0.002 seconds).
Test Case '-[HyperTests.ClipboardPrivacyLifecycleTests testPendingSourceRequiresExactNextChangeCountAndShortWindow]' started.
Test Case '-[HyperTests.ClipboardPrivacyLifecycleTests testPendingSourceRequiresExactNextChangeCountAndShortWindow]' passed (0.002 seconds).
Test Case '-[HyperTests.ClipboardPrivacyLifecycleTests testShutdownInvalidatesDelayedMonitorChecksBeforeFixtureRelease]' started.
Test Case '-[HyperTests.ClipboardPrivacyLifecycleTests testShutdownInvalidatesDelayedMonitorChecksBeforeFixtureRelease]' passed (0.309 seconds).
Test Case '-[HyperTests.ClipboardPrivacyLifecycleTests testShutdownQueueAndStoreShareOneHardTimeoutBudget]' started.
Test Case '-[HyperTests.ClipboardPrivacyLifecycleTests testShutdownQueueAndStoreShareOneHardTimeoutBudget]' passed (0.042 seconds).
Test Case '-[HyperTests.ClipboardPrivacyLifecycleTests testShutdownReportsIncompleteDrainWithoutRetryingForever]' started.
Test Case '-[HyperTests.ClipboardPrivacyLifecycleTests testShutdownReportsIncompleteDrainWithoutRetryingForever]' passed (0.008 seconds).
Test Case '-[HyperTests.ClipboardPrivacyLifecycleTests testShutdownReportsSuccessfulBoundedStoreDrain]' started.
Test Case '-[HyperTests.ClipboardPrivacyLifecycleTests testShutdownReportsSuccessfulBoundedStoreDrain]' passed (0.006 seconds).
Test Case '-[HyperTests.ClipboardPrivacyLifecycleTests testShutdownUsesRealStoreDrainAndReturnsOnlyAfterIndexIsDurable]' started.
Test Case '-[HyperTests.ClipboardPrivacyLifecycleTests testShutdownUsesRealStoreDrainAndReturnsOnlyAfterIndexIsDurable]' passed (0.013 seconds).
Test Case '-[HyperTests.ClipboardPrivacyLifecycleTests testStaleAllowedAndIgnoredSourcesNeverCrossApplicationBoundaryForOneHundredRounds]' started.
Test Case '-[HyperTests.ClipboardPrivacyLifecycleTests testStaleAllowedAndIgnoredSourcesNeverCrossApplicationBoundaryForOneHundredRounds]' passed (0.029 seconds).
Test Case '-[HyperTests.ClipboardPrivacyLifecycleTests testUnknownPollingSourceIsStoredWithoutFalseAttributionWhenNoRulesExist]' started.
Test Case '-[HyperTests.ClipboardPrivacyLifecycleTests testUnknownPollingSourceIsStoredWithoutFalseAttributionWhenNoRulesExist]' passed (0.010 seconds).
Test Case '-[HyperTests.ClipboardPrivacyLifecycleTests testUnknownPollingSourceUsesMostRestrictiveConfiguredRule]' started.
Test Case '-[HyperTests.ClipboardPrivacyLifecycleTests testUnknownPollingSourceUsesMostRestrictiveConfiguredRule]' passed (0.004 seconds).
Test Suite 'ClipboardPrivacyLifecycleTests' passed at 2026-08-27 20:19:11.946.
	 Executed 14 tests, with 0 failures (0 unexpected) in 0.473 (0.474) seconds
Test Suite 'HyperPackageTests.xctest' passed at 2026-08-27 20:19:11.946.
	 Executed 14 tests, with 0 failures (0 unexpected) in 0.473 (0.474) seconds
Test Suite 'Selected tests' passed at 2026-08-27 20:19:11.946.
	 Executed 14 tests, with 0 failures (0 unexpected) in 0.473 (0.475) seconds
◇ Test run started.
↳ Testing Library Version: 1501
↳ Target Platform: arm64e-apple-macos14.0
✔ Test run with 0 tests in 0 suites passed after 0.001 seconds.

=== fixed privacy iteration 44 ===
Test Suite 'Selected tests' started at 2026-08-27 20:19:12.404.
Test Suite 'HyperPackageTests.xctest' started at 2026-08-27 20:19:12.405.
Test Suite 'ClipboardPrivacyLifecycleTests' started at 2026-08-27 20:19:12.405.
Test Case '-[HyperTests.ClipboardPrivacyLifecycleTests testCopySourceSnapshotSurvivesSwitchingApplicationsBeforeCapture]' started.
Test Case '-[HyperTests.ClipboardPrivacyLifecycleTests testCopySourceSnapshotSurvivesSwitchingApplicationsBeforeCapture]' passed (0.013 seconds).
Test Case '-[HyperTests.ClipboardPrivacyLifecycleTests testGlobalPauseWritesNothingAndResumeDoesNotBackfillPausedContent]' started.
Test Case '-[HyperTests.ClipboardPrivacyLifecycleTests testGlobalPauseWritesNothingAndResumeDoesNotBackfillPausedContent]' passed (0.009 seconds).
Test Case '-[HyperTests.ClipboardPrivacyLifecycleTests testIgnoredCopySourceCannotLeakAcrossOneHundredImmediateAppSwitches]' started.
Test Case '-[HyperTests.ClipboardPrivacyLifecycleTests testIgnoredCopySourceCannotLeakAcrossOneHundredImmediateAppSwitches]' passed (0.011 seconds).
Test Case '-[HyperTests.ClipboardPrivacyLifecycleTests testIgnoreTextOnlyAndNoImagesRulesAreEnforcedAtCapture]' started.
Test Case '-[HyperTests.ClipboardPrivacyLifecycleTests testIgnoreTextOnlyAndNoImagesRulesAreEnforcedAtCapture]' passed (0.015 seconds).
Test Case '-[HyperTests.ClipboardPrivacyLifecycleTests testPendingSourceIsNotBorrowedByANewUnkeyedChange]' started.
Test Case '-[HyperTests.ClipboardPrivacyLifecycleTests testPendingSourceIsNotBorrowedByANewUnkeyedChange]' passed (0.002 seconds).
Test Case '-[HyperTests.ClipboardPrivacyLifecycleTests testPendingSourceRequiresExactNextChangeCountAndShortWindow]' started.
Test Case '-[HyperTests.ClipboardPrivacyLifecycleTests testPendingSourceRequiresExactNextChangeCountAndShortWindow]' passed (0.002 seconds).
Test Case '-[HyperTests.ClipboardPrivacyLifecycleTests testShutdownInvalidatesDelayedMonitorChecksBeforeFixtureRelease]' started.
Test Case '-[HyperTests.ClipboardPrivacyLifecycleTests testShutdownInvalidatesDelayedMonitorChecksBeforeFixtureRelease]' passed (0.311 seconds).
Test Case '-[HyperTests.ClipboardPrivacyLifecycleTests testShutdownQueueAndStoreShareOneHardTimeoutBudget]' started.
Test Case '-[HyperTests.ClipboardPrivacyLifecycleTests testShutdownQueueAndStoreShareOneHardTimeoutBudget]' passed (0.047 seconds).
Test Case '-[HyperTests.ClipboardPrivacyLifecycleTests testShutdownReportsIncompleteDrainWithoutRetryingForever]' started.
Test Case '-[HyperTests.ClipboardPrivacyLifecycleTests testShutdownReportsIncompleteDrainWithoutRetryingForever]' passed (0.007 seconds).
Test Case '-[HyperTests.ClipboardPrivacyLifecycleTests testShutdownReportsSuccessfulBoundedStoreDrain]' started.
Test Case '-[HyperTests.ClipboardPrivacyLifecycleTests testShutdownReportsSuccessfulBoundedStoreDrain]' passed (0.006 seconds).
Test Case '-[HyperTests.ClipboardPrivacyLifecycleTests testShutdownUsesRealStoreDrainAndReturnsOnlyAfterIndexIsDurable]' started.
Test Case '-[HyperTests.ClipboardPrivacyLifecycleTests testShutdownUsesRealStoreDrainAndReturnsOnlyAfterIndexIsDurable]' passed (0.013 seconds).
Test Case '-[HyperTests.ClipboardPrivacyLifecycleTests testStaleAllowedAndIgnoredSourcesNeverCrossApplicationBoundaryForOneHundredRounds]' started.
Test Case '-[HyperTests.ClipboardPrivacyLifecycleTests testStaleAllowedAndIgnoredSourcesNeverCrossApplicationBoundaryForOneHundredRounds]' passed (0.030 seconds).
Test Case '-[HyperTests.ClipboardPrivacyLifecycleTests testUnknownPollingSourceIsStoredWithoutFalseAttributionWhenNoRulesExist]' started.
Test Case '-[HyperTests.ClipboardPrivacyLifecycleTests testUnknownPollingSourceIsStoredWithoutFalseAttributionWhenNoRulesExist]' passed (0.010 seconds).
Test Case '-[HyperTests.ClipboardPrivacyLifecycleTests testUnknownPollingSourceUsesMostRestrictiveConfiguredRule]' started.
Test Case '-[HyperTests.ClipboardPrivacyLifecycleTests testUnknownPollingSourceUsesMostRestrictiveConfiguredRule]' passed (0.004 seconds).
Test Suite 'ClipboardPrivacyLifecycleTests' passed at 2026-08-27 20:19:12.887.
	 Executed 14 tests, with 0 failures (0 unexpected) in 0.480 (0.482) seconds
Test Suite 'HyperPackageTests.xctest' passed at 2026-08-27 20:19:12.887.
	 Executed 14 tests, with 0 failures (0 unexpected) in 0.480 (0.482) seconds
Test Suite 'Selected tests' passed at 2026-08-27 20:19:12.887.
	 Executed 14 tests, with 0 failures (0 unexpected) in 0.480 (0.483) seconds
◇ Test run started.
↳ Testing Library Version: 1501
↳ Target Platform: arm64e-apple-macos14.0
✔ Test run with 0 tests in 0 suites passed after 0.001 seconds.

=== fixed privacy iteration 45 ===
Test Suite 'Selected tests' started at 2026-08-27 20:19:13.339.
Test Suite 'HyperPackageTests.xctest' started at 2026-08-27 20:19:13.340.
Test Suite 'ClipboardPrivacyLifecycleTests' started at 2026-08-27 20:19:13.340.
Test Case '-[HyperTests.ClipboardPrivacyLifecycleTests testCopySourceSnapshotSurvivesSwitchingApplicationsBeforeCapture]' started.
Test Case '-[HyperTests.ClipboardPrivacyLifecycleTests testCopySourceSnapshotSurvivesSwitchingApplicationsBeforeCapture]' passed (0.013 seconds).
Test Case '-[HyperTests.ClipboardPrivacyLifecycleTests testGlobalPauseWritesNothingAndResumeDoesNotBackfillPausedContent]' started.
Test Case '-[HyperTests.ClipboardPrivacyLifecycleTests testGlobalPauseWritesNothingAndResumeDoesNotBackfillPausedContent]' passed (0.009 seconds).
Test Case '-[HyperTests.ClipboardPrivacyLifecycleTests testIgnoredCopySourceCannotLeakAcrossOneHundredImmediateAppSwitches]' started.
Test Case '-[HyperTests.ClipboardPrivacyLifecycleTests testIgnoredCopySourceCannotLeakAcrossOneHundredImmediateAppSwitches]' passed (0.011 seconds).
Test Case '-[HyperTests.ClipboardPrivacyLifecycleTests testIgnoreTextOnlyAndNoImagesRulesAreEnforcedAtCapture]' started.
Test Case '-[HyperTests.ClipboardPrivacyLifecycleTests testIgnoreTextOnlyAndNoImagesRulesAreEnforcedAtCapture]' passed (0.016 seconds).
Test Case '-[HyperTests.ClipboardPrivacyLifecycleTests testPendingSourceIsNotBorrowedByANewUnkeyedChange]' started.
Test Case '-[HyperTests.ClipboardPrivacyLifecycleTests testPendingSourceIsNotBorrowedByANewUnkeyedChange]' passed (0.002 seconds).
Test Case '-[HyperTests.ClipboardPrivacyLifecycleTests testPendingSourceRequiresExactNextChangeCountAndShortWindow]' started.
Test Case '-[HyperTests.ClipboardPrivacyLifecycleTests testPendingSourceRequiresExactNextChangeCountAndShortWindow]' passed (0.002 seconds).
Test Case '-[HyperTests.ClipboardPrivacyLifecycleTests testShutdownInvalidatesDelayedMonitorChecksBeforeFixtureRelease]' started.
Test Case '-[HyperTests.ClipboardPrivacyLifecycleTests testShutdownInvalidatesDelayedMonitorChecksBeforeFixtureRelease]' passed (0.310 seconds).
Test Case '-[HyperTests.ClipboardPrivacyLifecycleTests testShutdownQueueAndStoreShareOneHardTimeoutBudget]' started.
Test Case '-[HyperTests.ClipboardPrivacyLifecycleTests testShutdownQueueAndStoreShareOneHardTimeoutBudget]' passed (0.046 seconds).
Test Case '-[HyperTests.ClipboardPrivacyLifecycleTests testShutdownReportsIncompleteDrainWithoutRetryingForever]' started.
Test Case '-[HyperTests.ClipboardPrivacyLifecycleTests testShutdownReportsIncompleteDrainWithoutRetryingForever]' passed (0.009 seconds).
Test Case '-[HyperTests.ClipboardPrivacyLifecycleTests testShutdownReportsSuccessfulBoundedStoreDrain]' started.
Test Case '-[HyperTests.ClipboardPrivacyLifecycleTests testShutdownReportsSuccessfulBoundedStoreDrain]' passed (0.006 seconds).
Test Case '-[HyperTests.ClipboardPrivacyLifecycleTests testShutdownUsesRealStoreDrainAndReturnsOnlyAfterIndexIsDurable]' started.
Test Case '-[HyperTests.ClipboardPrivacyLifecycleTests testShutdownUsesRealStoreDrainAndReturnsOnlyAfterIndexIsDurable]' passed (0.012 seconds).
Test Case '-[HyperTests.ClipboardPrivacyLifecycleTests testStaleAllowedAndIgnoredSourcesNeverCrossApplicationBoundaryForOneHundredRounds]' started.
Test Case '-[HyperTests.ClipboardPrivacyLifecycleTests testStaleAllowedAndIgnoredSourcesNeverCrossApplicationBoundaryForOneHundredRounds]' passed (0.028 seconds).
Test Case '-[HyperTests.ClipboardPrivacyLifecycleTests testUnknownPollingSourceIsStoredWithoutFalseAttributionWhenNoRulesExist]' started.
Test Case '-[HyperTests.ClipboardPrivacyLifecycleTests testUnknownPollingSourceIsStoredWithoutFalseAttributionWhenNoRulesExist]' passed (0.011 seconds).
Test Case '-[HyperTests.ClipboardPrivacyLifecycleTests testUnknownPollingSourceUsesMostRestrictiveConfiguredRule]' started.
Test Case '-[HyperTests.ClipboardPrivacyLifecycleTests testUnknownPollingSourceUsesMostRestrictiveConfiguredRule]' passed (0.004 seconds).
Test Suite 'ClipboardPrivacyLifecycleTests' passed at 2026-08-27 20:19:13.821.
	 Executed 14 tests, with 0 failures (0 unexpected) in 0.480 (0.482) seconds
Test Suite 'HyperPackageTests.xctest' passed at 2026-08-27 20:19:13.821.
	 Executed 14 tests, with 0 failures (0 unexpected) in 0.480 (0.482) seconds
Test Suite 'Selected tests' passed at 2026-08-27 20:19:13.821.
	 Executed 14 tests, with 0 failures (0 unexpected) in 0.480 (0.483) seconds
◇ Test run started.
↳ Testing Library Version: 1501
↳ Target Platform: arm64e-apple-macos14.0
✔ Test run with 0 tests in 0 suites passed after 0.001 seconds.

=== fixed privacy iteration 46 ===
Test Suite 'Selected tests' started at 2026-08-27 20:19:14.274.
Test Suite 'HyperPackageTests.xctest' started at 2026-08-27 20:19:14.275.
Test Suite 'ClipboardPrivacyLifecycleTests' started at 2026-08-27 20:19:14.275.
Test Case '-[HyperTests.ClipboardPrivacyLifecycleTests testCopySourceSnapshotSurvivesSwitchingApplicationsBeforeCapture]' started.
Test Case '-[HyperTests.ClipboardPrivacyLifecycleTests testCopySourceSnapshotSurvivesSwitchingApplicationsBeforeCapture]' passed (0.013 seconds).
Test Case '-[HyperTests.ClipboardPrivacyLifecycleTests testGlobalPauseWritesNothingAndResumeDoesNotBackfillPausedContent]' started.
Test Case '-[HyperTests.ClipboardPrivacyLifecycleTests testGlobalPauseWritesNothingAndResumeDoesNotBackfillPausedContent]' passed (0.010 seconds).
Test Case '-[HyperTests.ClipboardPrivacyLifecycleTests testIgnoredCopySourceCannotLeakAcrossOneHundredImmediateAppSwitches]' started.
Test Case '-[HyperTests.ClipboardPrivacyLifecycleTests testIgnoredCopySourceCannotLeakAcrossOneHundredImmediateAppSwitches]' passed (0.010 seconds).
Test Case '-[HyperTests.ClipboardPrivacyLifecycleTests testIgnoreTextOnlyAndNoImagesRulesAreEnforcedAtCapture]' started.
Test Case '-[HyperTests.ClipboardPrivacyLifecycleTests testIgnoreTextOnlyAndNoImagesRulesAreEnforcedAtCapture]' passed (0.016 seconds).
Test Case '-[HyperTests.ClipboardPrivacyLifecycleTests testPendingSourceIsNotBorrowedByANewUnkeyedChange]' started.
Test Case '-[HyperTests.ClipboardPrivacyLifecycleTests testPendingSourceIsNotBorrowedByANewUnkeyedChange]' passed (0.002 seconds).
Test Case '-[HyperTests.ClipboardPrivacyLifecycleTests testPendingSourceRequiresExactNextChangeCountAndShortWindow]' started.
Test Case '-[HyperTests.ClipboardPrivacyLifecycleTests testPendingSourceRequiresExactNextChangeCountAndShortWindow]' passed (0.002 seconds).
Test Case '-[HyperTests.ClipboardPrivacyLifecycleTests testShutdownInvalidatesDelayedMonitorChecksBeforeFixtureRelease]' started.
Test Case '-[HyperTests.ClipboardPrivacyLifecycleTests testShutdownInvalidatesDelayedMonitorChecksBeforeFixtureRelease]' passed (0.308 seconds).
Test Case '-[HyperTests.ClipboardPrivacyLifecycleTests testShutdownQueueAndStoreShareOneHardTimeoutBudget]' started.
Test Case '-[HyperTests.ClipboardPrivacyLifecycleTests testShutdownQueueAndStoreShareOneHardTimeoutBudget]' passed (0.045 seconds).
Test Case '-[HyperTests.ClipboardPrivacyLifecycleTests testShutdownReportsIncompleteDrainWithoutRetryingForever]' started.
Test Case '-[HyperTests.ClipboardPrivacyLifecycleTests testShutdownReportsIncompleteDrainWithoutRetryingForever]' passed (0.009 seconds).
Test Case '-[HyperTests.ClipboardPrivacyLifecycleTests testShutdownReportsSuccessfulBoundedStoreDrain]' started.
Test Case '-[HyperTests.ClipboardPrivacyLifecycleTests testShutdownReportsSuccessfulBoundedStoreDrain]' passed (0.006 seconds).
Test Case '-[HyperTests.ClipboardPrivacyLifecycleTests testShutdownUsesRealStoreDrainAndReturnsOnlyAfterIndexIsDurable]' started.
Test Case '-[HyperTests.ClipboardPrivacyLifecycleTests testShutdownUsesRealStoreDrainAndReturnsOnlyAfterIndexIsDurable]' passed (0.013 seconds).
Test Case '-[HyperTests.ClipboardPrivacyLifecycleTests testStaleAllowedAndIgnoredSourcesNeverCrossApplicationBoundaryForOneHundredRounds]' started.
Test Case '-[HyperTests.ClipboardPrivacyLifecycleTests testStaleAllowedAndIgnoredSourcesNeverCrossApplicationBoundaryForOneHundredRounds]' passed (0.028 seconds).
Test Case '-[HyperTests.ClipboardPrivacyLifecycleTests testUnknownPollingSourceIsStoredWithoutFalseAttributionWhenNoRulesExist]' started.
Test Case '-[HyperTests.ClipboardPrivacyLifecycleTests testUnknownPollingSourceIsStoredWithoutFalseAttributionWhenNoRulesExist]' passed (0.010 seconds).
Test Case '-[HyperTests.ClipboardPrivacyLifecycleTests testUnknownPollingSourceUsesMostRestrictiveConfiguredRule]' started.
Test Case '-[HyperTests.ClipboardPrivacyLifecycleTests testUnknownPollingSourceUsesMostRestrictiveConfiguredRule]' passed (0.004 seconds).
Test Suite 'ClipboardPrivacyLifecycleTests' passed at 2026-08-27 20:19:14.751.
	 Executed 14 tests, with 0 failures (0 unexpected) in 0.474 (0.476) seconds
Test Suite 'HyperPackageTests.xctest' passed at 2026-08-27 20:19:14.751.
	 Executed 14 tests, with 0 failures (0 unexpected) in 0.474 (0.476) seconds
Test Suite 'Selected tests' passed at 2026-08-27 20:19:14.751.
	 Executed 14 tests, with 0 failures (0 unexpected) in 0.474 (0.477) seconds
◇ Test run started.
↳ Testing Library Version: 1501
↳ Target Platform: arm64e-apple-macos14.0
✔ Test run with 0 tests in 0 suites passed after 0.001 seconds.

=== fixed privacy iteration 47 ===
Test Suite 'Selected tests' started at 2026-08-27 20:19:15.205.
Test Suite 'HyperPackageTests.xctest' started at 2026-08-27 20:19:15.206.
Test Suite 'ClipboardPrivacyLifecycleTests' started at 2026-08-27 20:19:15.206.
Test Case '-[HyperTests.ClipboardPrivacyLifecycleTests testCopySourceSnapshotSurvivesSwitchingApplicationsBeforeCapture]' started.
Test Case '-[HyperTests.ClipboardPrivacyLifecycleTests testCopySourceSnapshotSurvivesSwitchingApplicationsBeforeCapture]' passed (0.013 seconds).
Test Case '-[HyperTests.ClipboardPrivacyLifecycleTests testGlobalPauseWritesNothingAndResumeDoesNotBackfillPausedContent]' started.
Test Case '-[HyperTests.ClipboardPrivacyLifecycleTests testGlobalPauseWritesNothingAndResumeDoesNotBackfillPausedContent]' passed (0.009 seconds).
Test Case '-[HyperTests.ClipboardPrivacyLifecycleTests testIgnoredCopySourceCannotLeakAcrossOneHundredImmediateAppSwitches]' started.
Test Case '-[HyperTests.ClipboardPrivacyLifecycleTests testIgnoredCopySourceCannotLeakAcrossOneHundredImmediateAppSwitches]' passed (0.010 seconds).
Test Case '-[HyperTests.ClipboardPrivacyLifecycleTests testIgnoreTextOnlyAndNoImagesRulesAreEnforcedAtCapture]' started.
Test Case '-[HyperTests.ClipboardPrivacyLifecycleTests testIgnoreTextOnlyAndNoImagesRulesAreEnforcedAtCapture]' passed (0.015 seconds).
Test Case '-[HyperTests.ClipboardPrivacyLifecycleTests testPendingSourceIsNotBorrowedByANewUnkeyedChange]' started.
Test Case '-[HyperTests.ClipboardPrivacyLifecycleTests testPendingSourceIsNotBorrowedByANewUnkeyedChange]' passed (0.002 seconds).
Test Case '-[HyperTests.ClipboardPrivacyLifecycleTests testPendingSourceRequiresExactNextChangeCountAndShortWindow]' started.
Test Case '-[HyperTests.ClipboardPrivacyLifecycleTests testPendingSourceRequiresExactNextChangeCountAndShortWindow]' passed (0.002 seconds).
Test Case '-[HyperTests.ClipboardPrivacyLifecycleTests testShutdownInvalidatesDelayedMonitorChecksBeforeFixtureRelease]' started.
Test Case '-[HyperTests.ClipboardPrivacyLifecycleTests testShutdownInvalidatesDelayedMonitorChecksBeforeFixtureRelease]' passed (0.311 seconds).
Test Case '-[HyperTests.ClipboardPrivacyLifecycleTests testShutdownQueueAndStoreShareOneHardTimeoutBudget]' started.
Test Case '-[HyperTests.ClipboardPrivacyLifecycleTests testShutdownQueueAndStoreShareOneHardTimeoutBudget]' passed (0.043 seconds).
Test Case '-[HyperTests.ClipboardPrivacyLifecycleTests testShutdownReportsIncompleteDrainWithoutRetryingForever]' started.
Test Case '-[HyperTests.ClipboardPrivacyLifecycleTests testShutdownReportsIncompleteDrainWithoutRetryingForever]' passed (0.010 seconds).
Test Case '-[HyperTests.ClipboardPrivacyLifecycleTests testShutdownReportsSuccessfulBoundedStoreDrain]' started.
Test Case '-[HyperTests.ClipboardPrivacyLifecycleTests testShutdownReportsSuccessfulBoundedStoreDrain]' passed (0.006 seconds).
Test Case '-[HyperTests.ClipboardPrivacyLifecycleTests testShutdownUsesRealStoreDrainAndReturnsOnlyAfterIndexIsDurable]' started.
Test Case '-[HyperTests.ClipboardPrivacyLifecycleTests testShutdownUsesRealStoreDrainAndReturnsOnlyAfterIndexIsDurable]' passed (0.013 seconds).
Test Case '-[HyperTests.ClipboardPrivacyLifecycleTests testStaleAllowedAndIgnoredSourcesNeverCrossApplicationBoundaryForOneHundredRounds]' started.
Test Case '-[HyperTests.ClipboardPrivacyLifecycleTests testStaleAllowedAndIgnoredSourcesNeverCrossApplicationBoundaryForOneHundredRounds]' passed (0.029 seconds).
Test Case '-[HyperTests.ClipboardPrivacyLifecycleTests testUnknownPollingSourceIsStoredWithoutFalseAttributionWhenNoRulesExist]' started.
Test Case '-[HyperTests.ClipboardPrivacyLifecycleTests testUnknownPollingSourceIsStoredWithoutFalseAttributionWhenNoRulesExist]' passed (0.010 seconds).
Test Case '-[HyperTests.ClipboardPrivacyLifecycleTests testUnknownPollingSourceUsesMostRestrictiveConfiguredRule]' started.
Test Case '-[HyperTests.ClipboardPrivacyLifecycleTests testUnknownPollingSourceUsesMostRestrictiveConfiguredRule]' passed (0.004 seconds).
Test Suite 'ClipboardPrivacyLifecycleTests' passed at 2026-08-27 20:19:15.685.
	 Executed 14 tests, with 0 failures (0 unexpected) in 0.477 (0.479) seconds
Test Suite 'HyperPackageTests.xctest' passed at 2026-08-27 20:19:15.685.
	 Executed 14 tests, with 0 failures (0 unexpected) in 0.477 (0.479) seconds
Test Suite 'Selected tests' passed at 2026-08-27 20:19:15.685.
	 Executed 14 tests, with 0 failures (0 unexpected) in 0.477 (0.480) seconds
◇ Test run started.
↳ Testing Library Version: 1501
↳ Target Platform: arm64e-apple-macos14.0
✔ Test run with 0 tests in 0 suites passed after 0.001 seconds.

=== fixed privacy iteration 48 ===
Test Suite 'Selected tests' started at 2026-08-27 20:19:16.165.
Test Suite 'HyperPackageTests.xctest' started at 2026-08-27 20:19:16.166.
Test Suite 'ClipboardPrivacyLifecycleTests' started at 2026-08-27 20:19:16.166.
Test Case '-[HyperTests.ClipboardPrivacyLifecycleTests testCopySourceSnapshotSurvivesSwitchingApplicationsBeforeCapture]' started.
Test Case '-[HyperTests.ClipboardPrivacyLifecycleTests testCopySourceSnapshotSurvivesSwitchingApplicationsBeforeCapture]' passed (0.014 seconds).
Test Case '-[HyperTests.ClipboardPrivacyLifecycleTests testGlobalPauseWritesNothingAndResumeDoesNotBackfillPausedContent]' started.
Test Case '-[HyperTests.ClipboardPrivacyLifecycleTests testGlobalPauseWritesNothingAndResumeDoesNotBackfillPausedContent]' passed (0.009 seconds).
Test Case '-[HyperTests.ClipboardPrivacyLifecycleTests testIgnoredCopySourceCannotLeakAcrossOneHundredImmediateAppSwitches]' started.
Test Case '-[HyperTests.ClipboardPrivacyLifecycleTests testIgnoredCopySourceCannotLeakAcrossOneHundredImmediateAppSwitches]' passed (0.012 seconds).
Test Case '-[HyperTests.ClipboardPrivacyLifecycleTests testIgnoreTextOnlyAndNoImagesRulesAreEnforcedAtCapture]' started.
Test Case '-[HyperTests.ClipboardPrivacyLifecycleTests testIgnoreTextOnlyAndNoImagesRulesAreEnforcedAtCapture]' passed (0.016 seconds).
Test Case '-[HyperTests.ClipboardPrivacyLifecycleTests testPendingSourceIsNotBorrowedByANewUnkeyedChange]' started.
Test Case '-[HyperTests.ClipboardPrivacyLifecycleTests testPendingSourceIsNotBorrowedByANewUnkeyedChange]' passed (0.002 seconds).
Test Case '-[HyperTests.ClipboardPrivacyLifecycleTests testPendingSourceRequiresExactNextChangeCountAndShortWindow]' started.
Test Case '-[HyperTests.ClipboardPrivacyLifecycleTests testPendingSourceRequiresExactNextChangeCountAndShortWindow]' passed (0.002 seconds).
Test Case '-[HyperTests.ClipboardPrivacyLifecycleTests testShutdownInvalidatesDelayedMonitorChecksBeforeFixtureRelease]' started.
Test Case '-[HyperTests.ClipboardPrivacyLifecycleTests testShutdownInvalidatesDelayedMonitorChecksBeforeFixtureRelease]' passed (0.311 seconds).
Test Case '-[HyperTests.ClipboardPrivacyLifecycleTests testShutdownQueueAndStoreShareOneHardTimeoutBudget]' started.
Test Case '-[HyperTests.ClipboardPrivacyLifecycleTests testShutdownQueueAndStoreShareOneHardTimeoutBudget]' passed (0.048 seconds).
Test Case '-[HyperTests.ClipboardPrivacyLifecycleTests testShutdownReportsIncompleteDrainWithoutRetryingForever]' started.
Test Case '-[HyperTests.ClipboardPrivacyLifecycleTests testShutdownReportsIncompleteDrainWithoutRetryingForever]' passed (0.009 seconds).
Test Case '-[HyperTests.ClipboardPrivacyLifecycleTests testShutdownReportsSuccessfulBoundedStoreDrain]' started.
Test Case '-[HyperTests.ClipboardPrivacyLifecycleTests testShutdownReportsSuccessfulBoundedStoreDrain]' passed (0.005 seconds).
Test Case '-[HyperTests.ClipboardPrivacyLifecycleTests testShutdownUsesRealStoreDrainAndReturnsOnlyAfterIndexIsDurable]' started.
Test Case '-[HyperTests.ClipboardPrivacyLifecycleTests testShutdownUsesRealStoreDrainAndReturnsOnlyAfterIndexIsDurable]' passed (0.014 seconds).
Test Case '-[HyperTests.ClipboardPrivacyLifecycleTests testStaleAllowedAndIgnoredSourcesNeverCrossApplicationBoundaryForOneHundredRounds]' started.
Test Case '-[HyperTests.ClipboardPrivacyLifecycleTests testStaleAllowedAndIgnoredSourcesNeverCrossApplicationBoundaryForOneHundredRounds]' passed (0.029 seconds).
Test Case '-[HyperTests.ClipboardPrivacyLifecycleTests testUnknownPollingSourceIsStoredWithoutFalseAttributionWhenNoRulesExist]' started.
Test Case '-[HyperTests.ClipboardPrivacyLifecycleTests testUnknownPollingSourceIsStoredWithoutFalseAttributionWhenNoRulesExist]' passed (0.011 seconds).
Test Case '-[HyperTests.ClipboardPrivacyLifecycleTests testUnknownPollingSourceUsesMostRestrictiveConfiguredRule]' started.
Test Case '-[HyperTests.ClipboardPrivacyLifecycleTests testUnknownPollingSourceUsesMostRestrictiveConfiguredRule]' passed (0.004 seconds).
Test Suite 'ClipboardPrivacyLifecycleTests' passed at 2026-08-27 20:19:16.654.
	 Executed 14 tests, with 0 failures (0 unexpected) in 0.486 (0.488) seconds
Test Suite 'HyperPackageTests.xctest' passed at 2026-08-27 20:19:16.654.
	 Executed 14 tests, with 0 failures (0 unexpected) in 0.486 (0.488) seconds
Test Suite 'Selected tests' passed at 2026-08-27 20:19:16.654.
	 Executed 14 tests, with 0 failures (0 unexpected) in 0.486 (0.489) seconds
◇ Test run started.
↳ Testing Library Version: 1501
↳ Target Platform: arm64e-apple-macos14.0
✔ Test run with 0 tests in 0 suites passed after 0.001 seconds.

=== fixed privacy iteration 49 ===
Test Suite 'Selected tests' started at 2026-08-27 20:19:17.110.
Test Suite 'HyperPackageTests.xctest' started at 2026-08-27 20:19:17.111.
Test Suite 'ClipboardPrivacyLifecycleTests' started at 2026-08-27 20:19:17.111.
Test Case '-[HyperTests.ClipboardPrivacyLifecycleTests testCopySourceSnapshotSurvivesSwitchingApplicationsBeforeCapture]' started.
Test Case '-[HyperTests.ClipboardPrivacyLifecycleTests testCopySourceSnapshotSurvivesSwitchingApplicationsBeforeCapture]' passed (0.013 seconds).
Test Case '-[HyperTests.ClipboardPrivacyLifecycleTests testGlobalPauseWritesNothingAndResumeDoesNotBackfillPausedContent]' started.
Test Case '-[HyperTests.ClipboardPrivacyLifecycleTests testGlobalPauseWritesNothingAndResumeDoesNotBackfillPausedContent]' passed (0.009 seconds).
Test Case '-[HyperTests.ClipboardPrivacyLifecycleTests testIgnoredCopySourceCannotLeakAcrossOneHundredImmediateAppSwitches]' started.
Test Case '-[HyperTests.ClipboardPrivacyLifecycleTests testIgnoredCopySourceCannotLeakAcrossOneHundredImmediateAppSwitches]' passed (0.012 seconds).
Test Case '-[HyperTests.ClipboardPrivacyLifecycleTests testIgnoreTextOnlyAndNoImagesRulesAreEnforcedAtCapture]' started.
Test Case '-[HyperTests.ClipboardPrivacyLifecycleTests testIgnoreTextOnlyAndNoImagesRulesAreEnforcedAtCapture]' passed (0.016 seconds).
Test Case '-[HyperTests.ClipboardPrivacyLifecycleTests testPendingSourceIsNotBorrowedByANewUnkeyedChange]' started.
Test Case '-[HyperTests.ClipboardPrivacyLifecycleTests testPendingSourceIsNotBorrowedByANewUnkeyedChange]' passed (0.002 seconds).
Test Case '-[HyperTests.ClipboardPrivacyLifecycleTests testPendingSourceRequiresExactNextChangeCountAndShortWindow]' started.
Test Case '-[HyperTests.ClipboardPrivacyLifecycleTests testPendingSourceRequiresExactNextChangeCountAndShortWindow]' passed (0.002 seconds).
Test Case '-[HyperTests.ClipboardPrivacyLifecycleTests testShutdownInvalidatesDelayedMonitorChecksBeforeFixtureRelease]' started.
Test Case '-[HyperTests.ClipboardPrivacyLifecycleTests testShutdownInvalidatesDelayedMonitorChecksBeforeFixtureRelease]' passed (0.310 seconds).
Test Case '-[HyperTests.ClipboardPrivacyLifecycleTests testShutdownQueueAndStoreShareOneHardTimeoutBudget]' started.
Test Case '-[HyperTests.ClipboardPrivacyLifecycleTests testShutdownQueueAndStoreShareOneHardTimeoutBudget]' passed (0.047 seconds).
Test Case '-[HyperTests.ClipboardPrivacyLifecycleTests testShutdownReportsIncompleteDrainWithoutRetryingForever]' started.
Test Case '-[HyperTests.ClipboardPrivacyLifecycleTests testShutdownReportsIncompleteDrainWithoutRetryingForever]' passed (0.010 seconds).
Test Case '-[HyperTests.ClipboardPrivacyLifecycleTests testShutdownReportsSuccessfulBoundedStoreDrain]' started.
Test Case '-[HyperTests.ClipboardPrivacyLifecycleTests testShutdownReportsSuccessfulBoundedStoreDrain]' passed (0.006 seconds).
Test Case '-[HyperTests.ClipboardPrivacyLifecycleTests testShutdownUsesRealStoreDrainAndReturnsOnlyAfterIndexIsDurable]' started.
Test Case '-[HyperTests.ClipboardPrivacyLifecycleTests testShutdownUsesRealStoreDrainAndReturnsOnlyAfterIndexIsDurable]' passed (0.013 seconds).
Test Case '-[HyperTests.ClipboardPrivacyLifecycleTests testStaleAllowedAndIgnoredSourcesNeverCrossApplicationBoundaryForOneHundredRounds]' started.
Test Case '-[HyperTests.ClipboardPrivacyLifecycleTests testStaleAllowedAndIgnoredSourcesNeverCrossApplicationBoundaryForOneHundredRounds]' passed (0.029 seconds).
Test Case '-[HyperTests.ClipboardPrivacyLifecycleTests testUnknownPollingSourceIsStoredWithoutFalseAttributionWhenNoRulesExist]' started.
Test Case '-[HyperTests.ClipboardPrivacyLifecycleTests testUnknownPollingSourceIsStoredWithoutFalseAttributionWhenNoRulesExist]' passed (0.010 seconds).
Test Case '-[HyperTests.ClipboardPrivacyLifecycleTests testUnknownPollingSourceUsesMostRestrictiveConfiguredRule]' started.
Test Case '-[HyperTests.ClipboardPrivacyLifecycleTests testUnknownPollingSourceUsesMostRestrictiveConfiguredRule]' passed (0.004 seconds).
Test Suite 'ClipboardPrivacyLifecycleTests' passed at 2026-08-27 20:19:17.596.
	 Executed 14 tests, with 0 failures (0 unexpected) in 0.484 (0.485) seconds
Test Suite 'HyperPackageTests.xctest' passed at 2026-08-27 20:19:17.596.
	 Executed 14 tests, with 0 failures (0 unexpected) in 0.484 (0.485) seconds
Test Suite 'Selected tests' passed at 2026-08-27 20:19:17.596.
	 Executed 14 tests, with 0 failures (0 unexpected) in 0.484 (0.486) seconds
◇ Test run started.
↳ Testing Library Version: 1501
↳ Target Platform: arm64e-apple-macos14.0
✔ Test run with 0 tests in 0 suites passed after 0.001 seconds.

=== fixed privacy iteration 50 ===
Test Suite 'Selected tests' started at 2026-08-27 20:19:18.047.
Test Suite 'HyperPackageTests.xctest' started at 2026-08-27 20:19:18.048.
Test Suite 'ClipboardPrivacyLifecycleTests' started at 2026-08-27 20:19:18.048.
Test Case '-[HyperTests.ClipboardPrivacyLifecycleTests testCopySourceSnapshotSurvivesSwitchingApplicationsBeforeCapture]' started.
Test Case '-[HyperTests.ClipboardPrivacyLifecycleTests testCopySourceSnapshotSurvivesSwitchingApplicationsBeforeCapture]' passed (0.013 seconds).
Test Case '-[HyperTests.ClipboardPrivacyLifecycleTests testGlobalPauseWritesNothingAndResumeDoesNotBackfillPausedContent]' started.
Test Case '-[HyperTests.ClipboardPrivacyLifecycleTests testGlobalPauseWritesNothingAndResumeDoesNotBackfillPausedContent]' passed (0.009 seconds).
Test Case '-[HyperTests.ClipboardPrivacyLifecycleTests testIgnoredCopySourceCannotLeakAcrossOneHundredImmediateAppSwitches]' started.
Test Case '-[HyperTests.ClipboardPrivacyLifecycleTests testIgnoredCopySourceCannotLeakAcrossOneHundredImmediateAppSwitches]' passed (0.010 seconds).
Test Case '-[HyperTests.ClipboardPrivacyLifecycleTests testIgnoreTextOnlyAndNoImagesRulesAreEnforcedAtCapture]' started.
Test Case '-[HyperTests.ClipboardPrivacyLifecycleTests testIgnoreTextOnlyAndNoImagesRulesAreEnforcedAtCapture]' passed (0.014 seconds).
Test Case '-[HyperTests.ClipboardPrivacyLifecycleTests testPendingSourceIsNotBorrowedByANewUnkeyedChange]' started.
Test Case '-[HyperTests.ClipboardPrivacyLifecycleTests testPendingSourceIsNotBorrowedByANewUnkeyedChange]' passed (0.002 seconds).
Test Case '-[HyperTests.ClipboardPrivacyLifecycleTests testPendingSourceRequiresExactNextChangeCountAndShortWindow]' started.
Test Case '-[HyperTests.ClipboardPrivacyLifecycleTests testPendingSourceRequiresExactNextChangeCountAndShortWindow]' passed (0.002 seconds).
Test Case '-[HyperTests.ClipboardPrivacyLifecycleTests testShutdownInvalidatesDelayedMonitorChecksBeforeFixtureRelease]' started.
Test Case '-[HyperTests.ClipboardPrivacyLifecycleTests testShutdownInvalidatesDelayedMonitorChecksBeforeFixtureRelease]' passed (0.311 seconds).
Test Case '-[HyperTests.ClipboardPrivacyLifecycleTests testShutdownQueueAndStoreShareOneHardTimeoutBudget]' started.
Test Case '-[HyperTests.ClipboardPrivacyLifecycleTests testShutdownQueueAndStoreShareOneHardTimeoutBudget]' passed (0.044 seconds).
Test Case '-[HyperTests.ClipboardPrivacyLifecycleTests testShutdownReportsIncompleteDrainWithoutRetryingForever]' started.
Test Case '-[HyperTests.ClipboardPrivacyLifecycleTests testShutdownReportsIncompleteDrainWithoutRetryingForever]' passed (0.008 seconds).
Test Case '-[HyperTests.ClipboardPrivacyLifecycleTests testShutdownReportsSuccessfulBoundedStoreDrain]' started.
Test Case '-[HyperTests.ClipboardPrivacyLifecycleTests testShutdownReportsSuccessfulBoundedStoreDrain]' passed (0.005 seconds).
Test Case '-[HyperTests.ClipboardPrivacyLifecycleTests testShutdownUsesRealStoreDrainAndReturnsOnlyAfterIndexIsDurable]' started.
Test Case '-[HyperTests.ClipboardPrivacyLifecycleTests testShutdownUsesRealStoreDrainAndReturnsOnlyAfterIndexIsDurable]' passed (0.012 seconds).
Test Case '-[HyperTests.ClipboardPrivacyLifecycleTests testStaleAllowedAndIgnoredSourcesNeverCrossApplicationBoundaryForOneHundredRounds]' started.
Test Case '-[HyperTests.ClipboardPrivacyLifecycleTests testStaleAllowedAndIgnoredSourcesNeverCrossApplicationBoundaryForOneHundredRounds]' passed (0.029 seconds).
Test Case '-[HyperTests.ClipboardPrivacyLifecycleTests testUnknownPollingSourceIsStoredWithoutFalseAttributionWhenNoRulesExist]' started.
Test Case '-[HyperTests.ClipboardPrivacyLifecycleTests testUnknownPollingSourceIsStoredWithoutFalseAttributionWhenNoRulesExist]' passed (0.010 seconds).
Test Case '-[HyperTests.ClipboardPrivacyLifecycleTests testUnknownPollingSourceUsesMostRestrictiveConfiguredRule]' started.
Test Case '-[HyperTests.ClipboardPrivacyLifecycleTests testUnknownPollingSourceUsesMostRestrictiveConfiguredRule]' passed (0.004 seconds).
Test Suite 'ClipboardPrivacyLifecycleTests' passed at 2026-08-27 20:19:18.525.
	 Executed 14 tests, with 0 failures (0 unexpected) in 0.475 (0.476) seconds
Test Suite 'HyperPackageTests.xctest' passed at 2026-08-27 20:19:18.525.
	 Executed 14 tests, with 0 failures (0 unexpected) in 0.475 (0.476) seconds
Test Suite 'Selected tests' passed at 2026-08-27 20:19:18.525.
	 Executed 14 tests, with 0 failures (0 unexpected) in 0.475 (0.477) seconds
◇ Test run started.
↳ Testing Library Version: 1501
↳ Target Platform: arm64e-apple-macos14.0
✔ Test run with 0 tests in 0 suites passed after 0.001 seconds.
[0/1] Planning build
Building for debugging...
[0/5] Write sources
[1/5] Write swift-version--58304C5D6DBC2206.txt
[3/5] Compiling HyperTests ClipboardAsyncCaptureTests.swift
[4/5] Emitting module HyperTests
[4/6] Write Objects.LinkFileList
[5/6] Linking HyperPackageTests
Build complete! (1.00s)
Test Suite 'Selected tests' started at 2026-08-27 20:19:27.510.
Test Suite 'HyperPackageTests.xctest' started at 2026-08-27 20:19:27.511.
Test Suite 'ClipboardAsyncCaptureTests' started at 2026-08-27 20:19:27.511.
Test Case '-[HyperTests.ClipboardAsyncCaptureTests testHungProviderTimesOutAtDeadlineWithoutSpawningAndResumesLatest]' started.
Test Case '-[HyperTests.ClipboardAsyncCaptureTests testHungProviderTimesOutAtDeadlineWithoutSpawningAndResumesLatest]' passed (0.161 seconds).
Test Case '-[HyperTests.ClipboardAsyncCaptureTests testManagerSchedulesSlowCaptureUnderFrameBudgetAndCommitsConsistently]' started.
Test Case '-[HyperTests.ClipboardAsyncCaptureTests testManagerSchedulesSlowCaptureUnderFrameBudgetAndCommitsConsistently]' passed (0.131 seconds).
Test Case '-[HyperTests.ClipboardAsyncCaptureTests testShutdownCancelsInflightResultAndManagerDeallocatesBeforeProviderReturns]' started.
Test Case '-[HyperTests.ClipboardAsyncCaptureTests testShutdownCancelsInflightResultAndManagerDeallocatesBeforeProviderReturns]' passed (0.123 seconds).
Test Case '-[HyperTests.ClipboardAsyncCaptureTests testSlowProviderDoesNotBlockMainAndReportsHonestTimeout]' started.
Test Case '-[HyperTests.ClipboardAsyncCaptureTests testSlowProviderDoesNotBlockMainAndReportsHonestTimeout]' passed (0.056 seconds).
Test Case '-[HyperTests.ClipboardAsyncCaptureTests testTwentyMegabyteProviderMaterialisesOffMainAndSchedulesUnderFrameBudget]' started.
Test Case '-[HyperTests.ClipboardAsyncCaptureTests testTwentyMegabyteProviderMaterialisesOffMainAndSchedulesUnderFrameBudget]' passed (0.001 seconds).
Test Case '-[HyperTests.ClipboardAsyncCaptureTests testTwoHundredAndFiveHundredMegabyteLogicalSizesStayBounded]' started.
Test Case '-[HyperTests.ClipboardAsyncCaptureTests testTwoHundredAndFiveHundredMegabyteLogicalSizesStayBounded]' passed (0.001 seconds).
Test Case '-[HyperTests.ClipboardAsyncCaptureTests testWorkerSubmissionIsFastAndBacklogCoalescesToOne]' started.
Test Case '-[HyperTests.ClipboardAsyncCaptureTests testWorkerSubmissionIsFastAndBacklogCoalescesToOne]' passed (0.001 seconds).
Test Suite 'ClipboardAsyncCaptureTests' passed at 2026-08-27 20:19:27.985.
	 Executed 7 tests, with 0 failures (0 unexpected) in 0.474 (0.475) seconds
Test Suite 'HyperPackageTests.xctest' passed at 2026-08-27 20:19:27.986.
	 Executed 7 tests, with 0 failures (0 unexpected) in 0.474 (0.475) seconds
Test Suite 'Selected tests' passed at 2026-08-27 20:19:27.986.
	 Executed 7 tests, with 0 failures (0 unexpected) in 0.474 (0.476) seconds
◇ Test run started.
↳ Testing Library Version: 1501
↳ Target Platform: arm64e-apple-macos14.0
✔ Test run with 0 tests in 0 suites passed after 0.001 seconds.
